new_rank	lemma	new_band	old_band	old_rank	subtitle_rank	subtitle_count	in_trki	is_new_inflow	source	pos	en_gloss	ja_gloss
1	я	1	1	5	1	7301070	False	False	subtitle	pron	I	私
2	не	1	1	3	2	4334804	False	False	subtitle	part	not	ない
3	ты	1	1	13	3	4155719	False	False	subtitle	pron	you	君
4	что	1	1	7	4	3738912	False	False	subtitle	conj	that	ということ
5	это	1	1	12	5	3217280	False	False	subtitle	pron	this	これ
6	в	1	1	2	6	3060608	False	False	subtitle	prep	in	中に
7	и	1	1	1	7	2917112	False	False	subtitle	conj	and	そして
8	он	1	1	8	8	2412822	False	False	subtitle	pron	he	彼
9	быть	1	1	6	9	2144158	False	False	subtitle	verb	be	である
10	мы	1	1	17	10	1883252	False	False	subtitle	pron	we	私たち
11	вы	1	1	19	11	1866145	False	False	subtitle	pron	you plural	あなた方
12	с	1	1	9	12	1706206	False	False	subtitle	prep	with	と
13	на	1	1	4	13	1655351	False	False	subtitle	prep	on	上に
14	она	1	1	736	14	1262720	False	False	subtitle	pron	she	彼女
15	как	1	1	11	15	1174339	False	False	subtitle	adv	how/as	どう
16	они	1	1	16	16	1160239	False	False	subtitle	pron	they	彼ら
17	мочь	1	1	59	17	1145073	False	False	subtitle	verb	can	できる
18	да	1	1	58	18	1142662	False	False	subtitle	part	yes	はい
19	все	1	1	21	19	1095466	False	False	subtitle	pron	everyone	皆
20	всё	1	1	56	19	1095466	False	False	subtitle	pron	everything	すべて
21	у	1	1	25	20	1055142	False	False	subtitle	prep	at/by	の所で
22	нет	1	1	57	21	1049935	False	False	subtitle	predic	no/not	いいえ
23	его	1	1	48	22	752429	False	False	raw_surface_fallback	det	his/its	彼の
24	знать	1	1	62	22	1019911	False	False	subtitle	verb	know	知る
25	так	1	1	22	23	995583	False	False	subtitle	adv	so	そう
26	но	1	1	15	24	990116	False	False	subtitle	conj	but	しかし
27	а	1	1	10	25	970725	False	False	subtitle	conj	but/and	そして
28	о	1	1	27	26	874546	False	False	subtitle	prep	about	について
29	мой	1	1	46	27	832759	False	False	subtitle	det	my	私の
30	хотеть	1	1	63	28	797448	False	False	subtitle	verb	want	欲しい
31	этот	1	1	54	29	645009	False	False	subtitle	det	this	この
32	если	1	1	32	30	631191	False	False	subtitle	conj	if	もし
33	сказать	1	1	60	31	607658	False	False	subtitle	verb	say	言う
34	за	1	1	18	32	598915	False	False	subtitle	prep	behind/for	後ろに
35	бы	1	1	28	33	594884	False	False	subtitle	part	would	なら
36	тот	1	1	55	34	548099	False	False	subtitle	det	that	その
37	думать	1	1	67	35	510367	False	False	subtitle	verb	think	考える
38	к	1	1	14	36	480916	False	False	subtitle	prep	to	へ
39	чтобы	1	1	34	37	479027	False	False	subtitle	conj	so that	ために
40	человек	1	1	53	62	351839	True	False	subtitle	noun	person	人
41	есть	1	1	410	38	475964	False	False	subtitle	verb	eat	食べる
42	твой	1	1	47	39	472462	False	False	subtitle	det	your	君の
43	же	1	1	23	40	469511	False	False	subtitle	part	same/emphatic	同じく
44	свой	1	1	43	41	466773	False	False	subtitle	det	one's own	自分の
45	просто	1	1	75	42	450715	False	False	subtitle	adv	simply	単に
46	из	1	1	26	43	449803	False	False	subtitle	prep	from out	から
47	ещё	1	1	69	44	448657	False	False	subtitle	adv	still/more	まだ
48	говорить	1	1	61	45	445997	False	False	subtitle	verb	speak	話す
49	весь	1	1	42	47	435641	False	False	subtitle	det	all/whole	すべての
50	для	1	1	31	48	427940	False	False	subtitle	prep	for	ために
51	сейчас	1	1	72	80	256541	True	False	subtitle	adv	now	今
52	ну	1	1	238	49	427366	False	False	subtitle	part	well	さて
53	когда	1	1	33	50	421340	False	False	subtitle	conj	when	いつ
54	может	1	1	207	51	357142	False	False	raw_surface_fallback	part	maybe	たぶん
55	хорошо	1	1	81	51	420527	False	False	subtitle	adv	well	よく
56	кто	1	1	41	52	415056	False	False	subtitle	pron	who	誰
57	здесь	1	1	39	53	410266	False	False	subtitle	adv	here	ここ
58	такой	1	1	225	54	410056	False	False	subtitle	det	such	そのような
59	по	1	1	20	55	397721	False	False	subtitle	prep	along/by	沿って
60	друг	1	1	52	93	211864	True	False	subtitle	noun	friend	友人
61	который	1	1	221	56	390300	False	False	subtitle	det	which	どの
62	год	1	1	92	95	209386	True	False	subtitle	noun	year	年
63	то	1	2	1001	57	385315	False	False	subtitle	det	that	それ
64	только	1	1	68	58	383956	False	False	subtitle	part	only	だけ
65	сделать	1	2	1007	59	383044	False	False	subtitle	verb	do, make	する
66	их	1	1	50	60	287229	False	False	raw_surface_fallback	det	their	彼らの
67	один	1	1	89	60	367290	False	False	subtitle	num	one	一
68	хороший	1	1	108	61	352985	False	False	subtitle	adj	good	良い
69	делать	1	1	65	63	349809	False	False	subtitle	verb	do	する
70	вот	1	1	236	64	340913	False	False	subtitle	part	here is	ほら
71	от	1	1	24	65	340701	False	False	subtitle	prep	from	から
72	дом	1	1	99	109	169533	True	False	subtitle	noun	house	家
73	ваш	1	1	45	66	313822	False	False	subtitle	det	your	あなたの
74	себя	1	1	51	67	306277	False	False	subtitle	pron	self	自分
75	видеть	1	1	66	68	301153	False	False	subtitle	verb	see	見る
76	ребёнок	1	1	153	114	161964	True	False	subtitle	noun	child	子供
77	почему	1	1	215	69	295613	False	False	subtitle	adv	why	なぜ
78	дело	1	1	94	70	284794	False	False	subtitle	noun	matter/business	事柄
79	парень	1	1	158	118	159733	True	False	subtitle	noun	guy	若者
80	очень	1	1	71	71	281777	False	False	subtitle	adv	very	とても
81	уже	1	1	70	72	278258	False	False	subtitle	adv	already	すでに
82	время	1	1	93	73	277768	False	False	subtitle	noun	time	時間
83	наш	1	1	44	74	277522	False	False	subtitle	det	our	私たちの
84	работа	1	1	102	124	151763	True	False	subtitle	noun	work	仕事
85	спасибо	1	2	1153	75	273631	False	False	subtitle	intj	thank you	ありがとう
86	или	1	1	35	76	272568	False	False	subtitle	conj	or	または
87	большой	1	1	106	77	267898	False	False	subtitle	adj	big	大きい
88	отец	1	1	148	129	147776	True	False	subtitle	noun	father	父
89	давать	1	1	120	78	266427	False	False	subtitle	verb	give	与える
90	мама	1	1	149	131	145333	True	False	subtitle	noun	mom	ママ
91	ладно	1	2	1509	79	229994	False	False	raw_surface_fallback	part	okay	よし
92	там	1	1	37	79	264211	False	False	subtitle	adv	there	そこ
93	нужно	1	1	79	81	255361	False	False	subtitle	predic	necessary	必要だ
94	идти	1	1	64	82	255096	False	False	subtitle	verb	go	行く
95	сегодня	1	1	188	137	136912	True	False	subtitle	adv	today	今日
96	где	1	1	40	83	254081	False	False	subtitle	adv	where	どこ
97	чем	1	2	1006	84	253382	False	False	subtitle	conj	than	より
98	ничего	1	1	233	85	248846	False	False	subtitle	pron	nothing	何も
99	больше	1	1	84	87	202968	False	False	raw_surface_fallback	adv	more	もっと
100	до	1	1	29	87	221120	False	False	subtitle	prep	until	まで
101	потому	1	1	266	88	218628	False	False	subtitle	adv	therefore	だから
102	день	1	1	91	89	217167	False	False	subtitle	noun	day	日
103	со	1	2	1003	89	196362	False	False	raw_surface_fallback	prep	with	と一緒に
104	сам	1	1	111	90	217159	False	False	subtitle	pron	self	自身
105	теперь	1	1	73	91	216086	False	False	subtitle	adv	now	今
106	какой	1	1	220	92	214104	False	False	subtitle	det	what kind	どんな
107	раз	1	1	87	94	211349	False	False	subtitle	noun	time/occasion	回
108	её	1	1	49	96	201916	False	False	subtitle	det	her	彼女の
109	найти	1	1	128	97	193400	False	False	subtitle	verb	find	見つける
110	рука	1	1	96	162	107197	True	False	subtitle	noun	hand	手
111	пойти	1	1	115	98	192308	False	False	subtitle	verb	go off	行く
112	жизнь	1	1	95	99	189379	False	False	subtitle	noun	life	人生
113	надо	1	1	78	100	189178	False	False	subtitle	predic	must/need	必要だ
114	правда	1	1	273	101	188024	False	False	subtitle	noun	truth	真実
115	должен	1	1	110	102	169695	False	False	raw_surface_fallback	predic	must	ねばならない
116	что-то	1	1	228	102	186939	False	False	subtitle	pron	something	何か
117	дать	1	1	119	103	185141	False	False	subtitle	verb	give	与える
118	потом	1	1	74	173	99575	True	False	subtitle	adv	then/later	後で
119	ли	1	1	36	104	180914	False	False	subtitle	part	whether	か
120	машина	1	1	164	174	97544	True	False	subtitle	noun	car	車
121	давай	1	3	2164	105	165828	False	False	raw_surface_fallback	part	let's	さあ
122	пока	1	1	265	105	179333	False	False	subtitle	conj	while/bye	間に
123	даже	1	1	242	106	178504	False	False	subtitle	part	even	さえ
124	привет	1	3	2002	107	178155	False	False	subtitle	intj	hello	こんにちは
125	женщина	1	1	156	179	95768	True	False	subtitle	noun	woman	女性
126	другой	1	1	224	108	171326	False	False	subtitle	det	other	別の
127	тоже	1	1	76	110	167958	False	False	subtitle	adv	also	も
128	понимать	1	1	130	111	165154	False	False	subtitle	verb	understand	理解する
129	бог	1	1	161	112	164369	False	False	subtitle	noun	God	神
130	помочь	1	1	399	113	164173	False	False	subtitle	verb	help	助ける
131	папа	1	1	150	190	91087	True	False	subtitle	noun	dad	パパ
132	никогда	1	1	194	115	161918	False	False	subtitle	adv	never	決してない
133	эй	1			116	161851	False	True	subtitle			
134	об	1	2	1010	117	153646	False	False	raw_surface_fallback	prep	about	について
135	смочь	1	2	1036	117	160352	False	False	subtitle	verb	be able to	できる
136	тогда	1	1	214	119	159343	False	False	subtitle	adv	then	その時
137	любить	1	1	136	120	158654	False	False	subtitle	verb	love	愛する
138	ни	1	2	1002	121	155085	False	False	subtitle	part	not even	も(〜ない)
139	тут	1	1	38	122	154726	False	False	subtitle	adv	here	ここ
140	конечно	1	1	208	123	154334	False	False	subtitle	part	of course	もちろん
141	лучше	1	1	83	124	132478	False	False	raw_surface_fallback	adv	better	より良く
142	стать	1	1	140	125	151687	False	False	subtitle	verb	become	なる
143	вопрос	1	1	275	210	79585	True	False	subtitle	noun	question	質問
144	место	1	1	100	126	148336	False	False	subtitle	noun	place	場所
145	нужный	1	1	348	127	147851	False	False	subtitle	adj	needed	必要な
146	взять	1	1	121	128	147805	False	False	subtitle	verb	take	取る
147	простить	1	1	777	130	147160	False	False	subtitle	verb	forgive	許す
148	ночь	1	1	182	217	75917	True	False	subtitle	noun	night	夜
149	семья	1	1	300	218	75843	True	False	subtitle	noun	family	家族
150	час	1	1	185	219	75734	True	False	subtitle	noun	hour	時
151	мать	1	1	147	220	75316	True	False	subtitle	noun	mother	母
152	убить	1	1	414	132	144713	False	False	subtitle	verb	kill	殺す
153	иметь	1	2	1004	133	141932	False	False	subtitle	verb	have	持つ
154	сын	1	1	151	222	74749	True	False	subtitle	noun	son	息子
155	пожалуйста	1	2	1313	134	140855	False	False	subtitle	intj	please	どうぞ
156	минута	1	1	186	224	74182	True	False	subtitle	noun	minuite	分
157	вернуться	1	1	397	135	139349	False	False	subtitle	verb	return	戻る
158	работать	1	1	144	136	137387	False	False	subtitle	verb	work	働く
159	жена	1	1	145	229	72209	True	False	subtitle	noun	wife	妻
160	два	1	1	88	138	135550	False	False	subtitle	num	two	二
161	порядок	1	1	559	139	132524	False	False	subtitle	noun	order	秩序
162	сюда	1	2	1270	140	130931	False	False	subtitle	adv	here (to)	こちらへ
163	стоить	1	1	504	141	127937	False	False	subtitle	verb	cost	値段がする
164	девушка	1	1	159	236	70528	True	False	subtitle	noun	girl	少女
165	понять	1	1	131	142	127273	False	False	subtitle	verb	understand	理解する
166	чего	1	2	1514	142	111052	False	False	raw_surface_fallback	pron	what	何
167	значит	1	2	1094	143	127095	False	False	subtitle	part	so, that means	つまり
168	смотреть	1	1	113	144	127091	False	False	subtitle	verb	watch/look	見る
169	прийти	1	1	116	145	127068	False	False	subtitle	verb	come	来る
170	брат	1	1	840	242	69035	True	False	subtitle	noun	brother	兄弟
171	никто	1	1	231	146	126127	False	False	subtitle	pron	nobody	誰もない
172	всегда	1	1	193	147	126030	False	False	subtitle	adv	always	いつも
173	всего	1	2	1239	147	107074	False	False	raw_surface_fallback	adv	in total, only	全部で
174	во	1	1	30	148	106627	False	False	raw_surface_fallback	prep	in	中に
175	можно	1	1	77	148	123056	False	False	subtitle	predic	may/can	できる
176	неделя	1	1	183	247	67399	True	False	subtitle	noun	week	週
177	мистер	1	2	1991	149	122263	False	False	subtitle	noun	mister	氏
178	без	1	1	248	150	120482	False	False	subtitle	prep	without	なしで
179	посмотреть	1	1	114	151	118834	False	False	subtitle	verb	take a look	見る
180	слышать	1	1	402	152	118206	False	False	subtitle	verb	hear	聞こえる
181	кто-то	1	1	227	153	113712	False	False	subtitle	pron	someone	誰か
182	голова	1	1	97	256	65377	True	False	subtitle	noun	head	頭
183	первый	1	1	90	154	113663	False	False	subtitle	adj	first	第一の
184	собираться	1	2	1147	155	111761	False	False	subtitle	verb	gather, intend to	集まる
185	нравиться	1	1	137	157	110186	False	False	subtitle	verb	like	好む
186	много	1	1	85	158	109541	False	False	subtitle	adv	much/many	多く
187	после	1	1	250	159	109028	False	False	subtitle	prep	after	後で
188	случиться	1	1	456	160	108791	False	False	subtitle	verb	happen	起こる
189	новый	1	1	104	161	108056	False	False	subtitle	adj	new	新しい
190	город	1	1	165	270	59673	True	False	subtitle	noun	city	都市
191	глаз	1	1	98	271	59512	True	False	subtitle	noun	eye	目
192	самый	1	1	112	163	106026	False	False	subtitle	det	most/very	最も
193	жить	1	1	124	164	104067	False	False	subtitle	verb	live	生きる
194	пытаться	1	1	466	165	103647	False	False	subtitle	verb	try	試みる
195	получить	1	1	142	166	103585	False	False	subtitle	verb	get	得る
196	дорога	1	1	328	278	57579	True	False	subtitle	noun	road	道路
197	поговорить	1	1	481	167	102798	False	False	subtitle	verb	talk	話す
198	сэр	1	3	2285	168	102527	False	False	subtitle	noun	sir	卿
199	каждый	1	1	222	169	102414	False	False	subtitle	det	each	各々の
200	ведь	1	1	239	170	100777	False	False	subtitle	part	after all	だって
201	просить	1	1	471	171	100520	False	False	subtitle	verb	ask/request	頼む
202	завтра	1	1	189	286	55928	True	False	subtitle	adv	tomorrow	明日
203	остаться	1	2	1021	172	99603	False	False	subtitle	verb	remain	残る
204	мужчина	1	1	157	288	55690	True	False	subtitle	noun	man	男性
205	слушать	1	1	403	175	96472	False	False	subtitle	verb	listen	聞く
206	через	1	1	249	176	96333	False	False	subtitle	prep	through	通って
207	проблема	1	1	277	177	96051	False	False	subtitle	noun	problem	問題
208	школа	1	1	308	296	54977	True	False	subtitle	noun	school	学校
209	возможно	1	1	982	178	95943	False	False	subtitle	adv	possibly	たぶん
210	немного	1	2	1095	180	95662	False	False	subtitle	adv	a little	少し
211	узнать	1	1	783	181	95545	False	False	subtitle	verb	find out	知る
212	казаться	1	1	138	182	95389	False	False	subtitle	verb	seem	見える
213	увидеть	1	2	1024	183	95091	False	False	subtitle	verb	see	見る
214	слишком	1	1	212	184	94429	False	False	subtitle	adv	too much	過度に
215	месяц	1	1	184	307	51473	True	False	subtitle	noun	month	月
216	последний	1	1	343	185	93860	False	False	subtitle	adj	last	最後の
217	заниматься	1	2	1074	310	51010	True	False	subtitle	verb	engage in	従事する
218	зачем	1	1	216	186	93100	False	False	subtitle	adv	what for	何のため
219	уйти	1	1	118	187	91305	False	False	subtitle	verb	leave	去る
220	дверь	1	1	169	313	50662	True	False	subtitle	noun	door	ドア
221	доктор	1	1	532	188	91119	False	False	subtitle	noun	doctor	医者
222	лицо	1	1	287	314	50218	True	False	subtitle	noun	face	顔
223	рассказать	1	1	484	189	91102	False	False	subtitle	verb	tell	語る
224	готовый	1	1	369	191	91057	False	False	subtitle	adj	ready	準備できた
225	пора	1	2	1026	192	90702	False	False	subtitle	predic	it's time	時間だ
226	ждать	1	1	123	193	90175	False	False	subtitle	verb	wait	待つ
227	комната	1	1	168	322	48668	True	False	subtitle	noun	room	部屋
228	кажется	1	2	1402	194	81004	False	False	raw_surface_fallback	part	it seems	のようだ
229	оставить	1	2	1102	194	88083	False	False	subtitle	verb	leave	残す
230	извинить	1	2	1961	195	87348	False	False	subtitle	verb	forgive	許す
231	точно	1	1	983	196	86897	False	False	subtitle	adv	exactly	正確に
232	право	1	1	555	197	86561	False	False	subtitle	noun	right/law	権利
233	под	1	1	253	198	86461	False	False	subtitle	prep	under	下に
234	умереть	1	1	416	199	86094	False	False	subtitle	verb	die	死ぬ
235	назад	1	1	203	200	85317	False	False	subtitle	adv	back/ago	前に
236	мир	1	1	101	201	85027	False	False	subtitle	noun	world/peace	世界
237	из-за	1			202	84610	False	True	subtitle			
238	помнить	1	1	404	203	84327	False	False	subtitle	verb	remember	覚えている
239	имя	1	1	162	204	82835	False	False	subtitle	noun	name	名前
240	вместе	1	1	206	205	82533	False	False	subtitle	adv	together	一緒に
241	сестра	1	1	841	343	45993	True	False	subtitle	noun	sister	姉妹
242	куда	1	1	217	206	80441	False	False	subtitle	adv	where to	どこへ
243	маленький	1	1	107	207	80428	False	False	subtitle	adj	small	小さい
244	подождать	1	3	2311	208	80287	False	False	subtitle	verb	wait	待つ
245	слово	1	1	103	209	80130	False	False	subtitle	noun	word	言葉
246	муж	1	1	146	349	45456	True	False	subtitle	noun	husband	夫
247	сколько	1	1	219	211	78255	False	False	subtitle	adv	how much	いくら
248	телефон	1	1	174	353	45026	True	False	subtitle	noun	phone	電話
249	поэтому	1	1	267	212	78189	False	False	subtitle	adv	therefore	だから
250	сердце	1	1	290	354	44884	True	False	subtitle	noun	heart	心臓
251	подумать	1	2	1086	213	77990	False	False	subtitle	verb	think	考える
252	чувствовать	1	2	1083	214	77156	False	False	subtitle	verb	feel	感じる
253	спать	1	1	412	357	44570	True	False	subtitle	verb	sleep	眠る
254	плохой	1	1	109	215	76439	False	False	subtitle	adj	bad	悪い
255	снова	1	1	191	216	76265	False	False	subtitle	adv	again	再び
256	утро	1	1	180	361	44095	True	False	subtitle	noun	morning	朝
257	черта	1	2	1737	221	75038	False	False	subtitle	noun	trait	特徴
258	начать	1	1	428	223	74213	False	False	subtitle	verb	begin	始める
259	дочь	1	1	152	373	42934	True	False	subtitle	noun	daughter	娘
260	дома	1	2	1345	225	68664	False	False	raw_surface_fallback	adv	at home	家で
261	три	1	2	1014	225	74126	False	False	subtitle	num	three	3
262	что-нибудь	1			226	73233	False	True	subtitle			
263	вещь	1	2	1059	227	73040	False	False	subtitle	noun	thing	物
264	забыть	1	1	405	228	72470	False	False	subtitle	verb	forget	忘れる
265	позволить	1	1	468	230	71849	False	False	subtitle	verb	allow	許す
266	выйти	1	1	495	231	71644	False	False	subtitle	verb	go out	出る
267	вода	1	1	175	386	40988	True	False	subtitle	noun	water	水
268	отлично	1	3	2525	232	71243	False	False	subtitle	adv	excellently	素晴らしく
269	похоже	1	2	1803	233	71157	False	False	subtitle	predic	seems	らしい
270	домой	1	1	205	234	70755	False	False	subtitle	adv	homeward	家へ
271	нога	1	1	288	391	40365	True	False	subtitle	noun	leg	脚
272	какой-то	1	1	226	235	70609	False	False	subtitle	det	some kind	何かの
273	конец	1	1	281	237	70043	False	False	subtitle	noun	end	終わり
274	надеяться	1	1	463	238	69828	False	False	subtitle	verb	hope	望む
275	никакой	1	1	235	239	69754	False	False	subtitle	det	no kind	どんなもない
276	прийтись	1	2	1067	240	69164	False	False	subtitle	verb	have to	せざるを得ない
277	вечер	1	1	181	401	39022	True	False	subtitle	noun	evening	夕方
278	выглядеть	1	2	1278	241	69055	False	False	subtitle	verb	look, appear	見える
279	вид	1	1	560	243	68949	False	False	subtitle	noun	view/kind	種類
280	послушать	1	3	2273	244	68736	False	False	subtitle	verb	listen	聞く
281	именно	1	1	244	245	68567	False	False	subtitle	part	exactly	まさに
282	искать	1	1	129	246	67535	False	False	subtitle	verb	search	探す
283	прямо	1	2	1114	248	66757	False	False	subtitle	adv	directly	まっすぐに
284	дорогой	1	1	361	415	37117	True	False	subtitle	adj	dear/expensive	高価な
285	решить	1	1	460	249	66496	False	False	subtitle	verb	decide/solve	決める
286	разве	1	1	243	250	66146	False	False	subtitle	part	really?	本当にか
287	послать	1	1	490	251	66081	False	False	subtitle	verb	send	送る
288	лишь	1	1	245	252	65808	False	False	subtitle	part	only	だけ
289	давайте	1	2	1767	253	61413	False	False	raw_surface_fallback	part	let's	さあ
290	несколько	1	2	1009	253	65685	False	False	subtitle	det	several	いくつかの
291	ага	1	3	2843	254	65490	False	False	subtitle	intj	uh-huh	うん
292	бояться	1	1	464	255	65456	False	False	subtitle	verb	fear	恐れる
293	происходить	1	1	457	257	64936	False	False	subtitle	verb	happen	起こる
294	позвонить	1	1	474	258	64909	False	False	subtitle	verb	phone	電話する
295	добрый	1	2	1165	259	64719	False	False	subtitle	adj	kind	親切な
296	считать	1	1	459	260	64659	False	False	subtitle	verb	count/consider	数える
297	тем	1			261	63890	False	True	subtitle			
298	звать	1	2	1379	262	63482	False	False	subtitle	verb	call, name	呼ぶ
299	случай	1	1	284	263	62455	False	False	subtitle	noun	case/chance	場合
300	вчера	1	1	190	439	34622	True	False	subtitle	adv	yesterday	昨日
301	книга	1	1	311	440	34453	True	False	subtitle	noun	book	本
302	пара	1	1	565	264	62146	False	False	subtitle	noun	pair/couple	ペア
303	верить	1	1	462	265	61957	False	False	subtitle	verb	believe	信じる
304	пройти	1	1	499	266	61765	False	False	subtitle	verb	pass	通る
305	должно	1	2	1893	267	58386	False	False	raw_surface_fallback	predic	should	すべきだ
306	совсем	1	1	211	267	61240	False	False	subtitle	adv	completely	完全に
307	смерть	1	1	536	268	61191	False	False	subtitle	noun	death	死
308	играть	1	1	409	269	60833	False	False	subtitle	verb	play	遊ぶ
309	ж	1			272	58748	False	True	subtitle			
310	уходить	1	1	501	273	58618	False	False	subtitle	verb	leave	去る
311	про	1	1	262	274	58180	False	False	subtitle	prep	about	について
312	уверенный	1	2	1356	275	58177	False	False	subtitle	adj	confident	自信のある
313	ребята	1	2	1324	276	58119	False	False	subtitle	noun	guys	みんな
314	перед	1	1	251	277	57581	False	False	subtitle	prep	before	前で
315	помощь	1	1	542	279	57499	False	False	subtitle	noun	help	助け
316	жаль	1	3	2219	280	57474	False	False	subtitle	predic	pity	残念だ
317	туда	1	2	1161	281	57308	False	False	subtitle	adv	there (to)	そこへ
318	действительно	1	2	1061	282	57152	False	False	subtitle	adv	really	本当に
319	держать	1	1	401	283	56267	False	False	subtitle	verb	hold	持つ
320	любой	1	1	223	284	56032	False	False	subtitle	det	any	任意の
321	показать	1	1	453	285	56011	False	False	subtitle	verb	show	見せる
322	хватить	1	2	1584	287	55720	False	False	subtitle	verb	be enough	足りる
323	еда	1	1	176	479	31192	True	False	subtitle	noun	food	食べ物
324	оно	1	1	963	289	55655	False	False	subtitle	pron	it	それ
325	следующий	1	1	344	290	55624	False	False	subtitle	adj	next	次の
326	использовать	1	2	1044	291	55547	False	False	subtitle	verb	use	使う
327	секунда	1	1	187	485	30795	True	False	subtitle	noun	second	秒
328	поехать	1	2	1315	292	55494	False	False	subtitle	verb	go (by transport)	行く
329	полиция	1	1	305	293	55358	False	False	subtitle	noun	police	警察
330	ранний	1	1	345	294	55186	False	False	subtitle	adj	early	早い
331	больший	1	2	1191	295	55060	False	False	subtitle	adj	bigger	より大きい
332	улица	1	1	167	494	30320	True	False	subtitle	noun	street	通り
333	милый	1	1	383	297	54259	False	False	subtitle	adj	cute/dear	可愛い
334	отсюда	1	2	1664	298	54249	False	False	subtitle	adv	from here	ここから
335	сторона	1	1	280	299	53924	False	False	subtitle	noun	side	側
336	произойти	1	2	1122	300	53586	False	False	subtitle	verb	happen	起こる
337	настоящий	1	1	351	301	53543	False	False	subtitle	adj	real/present	本当の
338	история	1	1	278	302	53147	False	False	subtitle	noun	story/history	歴史
339	единственный	1	2	1128	303	52857	False	False	subtitle	adj	only	唯一の
340	верно	1	3	2329	304	52791	False	False	subtitle	adv	correctly	正しく
341	раньше	1	3	2008	304	49196	False	False	raw_surface_fallback	adv	earlier	以前
342	кое-что	1			305	52221	False	True	subtitle			
343	насчёт	1	1	263	306	51499	False	False	subtitle	prep	about	について
344	уж	1	1	240	308	51283	False	False	subtitle	part	already/emphatic	もう
345	часть	1	1	283	309	51075	False	False	subtitle	noun	part	部分
346	против	1	1	256	311	50836	False	False	subtitle	prep	against	反対に
347	оба	1	2	1091	312	50789	False	False	subtitle	num	both	両方
348	любовь	1	1	535	315	49854	False	False	subtitle	noun	love	愛
349	спросить	1	1	132	316	49832	False	False	subtitle	verb	ask	尋ねる
350	господь	1	2	1967	317	49586	False	False	subtitle	noun	Lord	主
351	ответ	1	1	276	529	28213	True	False	subtitle	noun	answer	答え
352	серьёзно	1	1	997	318	49303	False	False	subtitle	adv	seriously	真剣に
353	более	1	2	1005	319	49014	False	False	subtitle	adv	more	もっと
354	итак	1	2	1550	320	48940	False	False	subtitle	conj	so	さて
355	при	1	1	261	321	48916	False	False	subtitle	prep	at/under	の際に
356	вообще	1	1	209	323	48657	False	False	subtitle	adv	generally	一般に
357	ко	1	2	1099	323	46404	False	False	raw_surface_fallback	prep	to, towards	へ
358	звонить	1	1	473	324	48594	False	False	subtitle	verb	call by phone	電話する
359	убийство	1	2	1944	325	48551	False	False	subtitle	noun	murder	殺人
360	нельзя	1	1	80	326	48309	False	False	subtitle	predic	not allowed	だめ
361	больница	1	1	323	545	26930	True	False	subtitle	noun	hospital	病院
362	наверное	1	1	980	327	48158	False	False	subtitle	adv	probably	たぶん
363	забрать	1	3	2390	328	47784	False	False	subtitle	verb	take	持ち去る
364	принять	1	1	766	329	47502	False	False	subtitle	verb	accept	受け入れる
365	кровь	1	1	294	330	47495	False	False	subtitle	noun	blood	血
366	вести	1	1	442	331	47358	False	False	subtitle	verb	lead	導く
367	ради	1	1	257	332	47155	False	False	subtitle	prep	for sake	ために
368	смысл	1	1	554	333	46947	False	False	subtitle	noun	meaning	意味
369	игра	1	1	317	334	46925	False	False	subtitle	noun	game	ゲーム
370	потерять	1	1	506	335	46759	False	False	subtitle	verb	lose	失う
371	принести	1	1	440	336	46757	False	False	subtitle	verb	bring	持って来る
372	купить	1	1	420	337	46585	False	False	subtitle	verb	buy	買う
373	вино	1	1	673	563	25992	True	False	subtitle	noun	wine	ワイン
374	номер	1	1	557	338	46575	False	False	subtitle	noun	number	番号
375	сила	1	1	279	339	46557	False	False	subtitle	noun	strength	力
376	кто-нибудь	1			340	46530	False	True	subtitle			
377	бросить	1	1	814	341	46374	False	False	subtitle	verb	throw/quit	投げる
378	хотя	1	1	268	342	46068	False	False	subtitle	conj	although	けれども
379	тело	1	2	1053	344	45918	False	False	subtitle	noun	body	体
380	идея	1	1	934	345	45836	False	False	subtitle	noun	idea	考え
381	план	1	1	544	346	45825	False	False	subtitle	noun	plan	計画
382	уверить	1			347	45781	False	True	subtitle			
383	откуда	1	1	218	348	45596	False	False	subtitle	adv	from where	どこから
384	приехать	1	1	502	350	45452	False	False	subtitle	verb	arrive by vehicle	到着する
385	далекий	1	2	1987	351	45186	False	False	subtitle	adj	distant	遠い
386	ясно	1	1	1000	352	45154	False	False	subtitle	adv	clearly	明確に
387	господин	1	1	160	355	44811	False	False	subtitle	noun	mister	氏
388	закончить	1	1	430	356	44700	False	False	subtitle	verb	finish	終える
389	момент	1	2	1028	358	44464	False	False	subtitle	noun	moment	瞬間
390	девочка	1	1	154	359	44304	False	False	subtitle	noun	girl	女の子
391	живой	1	1	370	360	44143	False	False	subtitle	adj	alive	生きている
392	путь	1	1	286	362	43904	False	False	subtitle	noun	way/path	道
393	над	1	1	254	363	43810	False	False	subtitle	prep	above	上に
394	черт	1	2	1561	364	43727	False	False	subtitle	noun	devil	悪魔
395	мёртвый	1	1	371	365	43714	False	False	subtitle	adj	dead	死んだ
396	квартира	1	2	1135	609	23468	True	False	subtitle	noun	apartment	アパート
397	равно	1			366	43637	False	True	subtitle			
398	мисс	1			367	43522	False	True	subtitle			
399	поздно	1	2	1678	612	23374	True	False	subtitle	adv	late	遅く
400	ключ	1	1	575	613	23342	True	False	subtitle	noun	key	鍵
401	счастливый	1	1	380	368	43516	False	False	subtitle	adj	happy	幸せな
402	скоро	1	1	199	369	43513	False	False	subtitle	adv	soon	まもなく
403	будто	1	1	270	370	43328	False	False	subtitle	conj	as if	まるで
404	неё	1	3	2739	371	39900	False	False	raw_surface_fallback	pron	her	彼女を
405	старый	1	1	105	371	43318	False	False	subtitle	adj	old	古い
406	оставаться	1	1	139	372	43106	False	False	subtitle	verb	remain	残る
407	сидеть	1	1	126	374	42789	False	False	subtitle	verb	sit	座る
408	господи	1	3	2732	375	39600	False	False	raw_surface_fallback	intj	good Lord!	ああ神様
409	земля	1	1	295	375	42467	False	False	subtitle	noun	earth/land	地面
410	между	1	1	252	376	42378	False	False	subtitle	prep	between	間に
411	магазин	1	1	319	627	22971	True	False	subtitle	noun	shop	店
412	боль	1	1	538	628	22945	True	False	subtitle	noun	pain	痛み
413	мальчик	1	1	155	377	41832	False	False	subtitle	noun	boy	男の子
414	спасти	1	1	827	378	41792	False	False	subtitle	verb	save	救う
415	почти	1	1	210	379	41718	False	False	subtitle	adv	almost	ほとんど
416	ходить	1	1	448	380	41692	False	False	subtitle	verb	walk/go	歩く
417	написать	1	2	1030	381	41517	False	False	subtitle	verb	write	書く
418	причина	1	1	546	382	41502	False	False	subtitle	noun	reason	理由
419	прошлый	1	2	1273	383	41342	False	False	subtitle	adj	last, past	過去の
420	нормально	1			384	41029	False	True	subtitle			
421	открыть	1	1	424	385	41017	False	False	subtitle	verb	open	開ける
422	кофе	1	1	177	643	22518	True	False	subtitle	noun	coffee	コーヒー
423	вернуть	1	2	1964	387	40895	False	False	subtitle	verb	return	返す
424	врач	1	1	511	646	22403	True	False	subtitle	noun	doctor	医者
425	отношение	1	2	1013	388	40768	False	False	subtitle	noun	relation	関係
426	поверить	1	2	1559	389	40676	False	False	subtitle	verb	believe	信じる
427	проверить	1	1	486	390	40410	False	False	subtitle	verb	check	確認する
428	полный	1	1	372	392	40360	False	False	subtitle	adj	full	いっぱいの
429	хоть	1	2	1088	393	40250	False	False	subtitle	part	even, although	たとえ〜でも
430	быстрый	1	1	359	394	39926	False	False	subtitle	adj	fast	速い
431	ужин	1	3	2527	657	22021	True	False	subtitle	noun	dinner	夕食
432	встреча	1	1	855	395	39837	False	False	subtitle	noun	meeting	会合
433	достаточно	1	2	1078	396	39644	False	False	subtitle	adv	enough	十分に
434	быстро	1	1	989	397	39448	False	False	subtitle	adv	quickly	速く
435	попробовать	1	1	467	398	39294	False	False	subtitle	verb	try	試す
436	некоторый	1	2	1019	399	39026	False	False	subtitle	det	some	いくつかの
437	попасть	1	2	1164	400	39025	False	False	subtitle	verb	get into, hit	たどり着く
438	провести	1	2	1124	402	38629	False	False	subtitle	verb	conduct	行う
439	офис	1	1	321	671	21653	True	False	subtitle	noun	office	事務所
440	продолжать	1	1	432	403	38247	False	False	subtitle	verb	continue	続ける
441	начинать	1	1	429	404	38174	False	False	subtitle	verb	begin	始める
442	приходить	1	1	117	405	38094	False	False	subtitle	verb	come	来る
443	свободный	1	1	390	676	21394	True	False	subtitle	adj	free	自由な
444	шанс	1	1	543	406	38050	False	False	subtitle	noun	chance	機会
445	отдать	1	1	763	407	37867	False	False	subtitle	verb	give away	渡す
446	пять	1	2	1080	408	37527	False	False	subtitle	num	five	5
447	пусть	1	1	241	409	37504	False	False	subtitle	part	let	させて
448	наслать	1			410	37459	False	True	subtitle			
449	плохо	1	1	82	411	37383	False	False	subtitle	adv	badly	悪く
450	попросить	1	2	1366	412	37218	False	False	subtitle	verb	ask, request	頼む
451	ехать	1	1	444	413	37203	False	False	subtitle	verb	go by vehicle	乗って行く
452	волноваться	1			414	37137	False	True	subtitle			
453	стол	1	1	171	692	20886	True	False	subtitle	noun	table	机
454	свет	1	1	298	416	36921	False	False	subtitle	noun	light	光
455	важный	1	1	347	417	36816	False	False	subtitle	adj	important	重要な
456	обещать	1	1	774	418	36749	False	False	subtitle	verb	promise	約束する
457	рад	1	2	1776	419	36727	False	False	subtitle	predic	glad	嬉しい
458	команда	1	1	318	420	36583	False	False	subtitle	noun	team	チーム
459	занятый	1	1	389	701	20546	True	False	subtitle	adj	busy	忙しい
460	брать	1	1	122	421	36257	False	False	subtitle	verb	take	取る
461	миссис	1			422	36111	False	True	subtitle			
462	второй	1	2	1015	423	36103	False	False	subtitle	adj	second	二番目の
463	иногда	1	1	195	424	36085	False	False	subtitle	adv	sometimes	時々
464	подруга	1	1	534	707	20424	True	False	subtitle	noun	female friend	女友達
465	следовать	1	2	1043	425	35966	False	False	subtitle	verb	follow	従う
466	вроде	1	1	247	426	35897	False	False	subtitle	prep	like	のような
467	класс	1	1	309	711	20331	True	False	subtitle	noun	class	クラス
468	прислать	1	2	1979	427	35799	False	False	subtitle	verb	send	送る
469	рядом	1	1	968	428	35793	False	False	subtitle	adv	nearby	近くに
470	родитель	1	2	1125	429	35594	False	False	subtitle	noun	parent	親
471	встретиться	1	2	1712	430	35590	False	False	subtitle	verb	meet	会う
472	платить	1	1	419	717	19964	True	False	subtitle	verb	pay	払う
473	капитан	1	2	1523	431	35572	False	False	subtitle	noun	captain	船長
474	новость	1	1	569	432	35508	False	False	subtitle	noun	news	ニュース
475	остальной	1	2	1163	433	35392	False	False	subtitle	det	remaining	残りの
476	встречаться	1	2	1394	434	35370	False	False	subtitle	verb	meet (each other)	会う
477	перестать	1	2	1566	435	35171	False	False	subtitle	verb	stop	やめる
478	заставить	1	2	1436	436	34952	False	False	subtitle	verb	force	強制する
479	прекратить	1	3	2540	437	34830	False	False	subtitle	verb	stop, cease	やめる
480	называть	1	2	1064	438	34655	False	False	subtitle	verb	call, name	呼ぶ
481	отличный	1	3	2055	441	34325	False	False	subtitle	adj	excellent	優れた
482	ненавидеть	1	3	2512	442	34216	False	False	subtitle	verb	hate	憎む
483	оружие	1	1	576	443	34156	False	False	subtitle	noun	weapon	武器
484	прекрасный	1	2	1250	444	34075	False	False	subtitle	adj	wonderful	素晴らしい
485	правильно	1	1	998	445	33991	False	False	subtitle	adv	correctly	正しく
486	ум	1	1	293	446	33947	False	False	subtitle	noun	mind	知性
487	оказаться	1	2	1020	447	33642	False	False	subtitle	verb	turn out to be	であることが分かる
488	свидание	1			448	33627	False	True	subtitle			
489	стена	1	1	599	747	18917	True	False	subtitle	noun	wall	壁
490	долго	1	1	202	449	33607	False	False	subtitle	adv	long time	長く
491	красивый	1	1	354	450	33573	False	False	subtitle	adj	beautiful	美しい
492	важно	1	3	2051	451	33534	False	False	subtitle	predic	important	重要だ
493	выходить	1	1	496	452	33509	False	False	subtitle	verb	go out	出る
494	начало	1	1	282	453	33457	False	False	subtitle	noun	beginning	始まり
495	палец	1	1	289	756	18715	True	False	subtitle	noun	finger	指
496	кроме	1	1	258	454	33324	False	False	subtitle	prep	except	除いて
497	сильный	1	1	352	455	33245	False	False	subtitle	adj	strong	強い
498	здорово	1			456	33129	False	True	subtitle			
499	вперёд	1	1	204	457	33090	False	False	subtitle	adv	forward	前へ
500	захотеть	1	2	1754	458	33020	False	False	subtitle	verb	want	望む
501	душа	1	1	291	459	32795	False	False	subtitle	noun	soul	魂
502	внимание	1	1	541	460	32739	False	False	subtitle	noun	attention	注意
503	учиться	1	1	750	768	18539	True	False	subtitle	verb	study	勉強する
504	чувак	1			461	32670	False	True	subtitle			
505	компания	1	1	566	462	32560	False	False	subtitle	noun	company	会社
506	чувство	1	1	936	463	32542	False	False	subtitle	noun	feeling	感情
507	война	1	1	304	464	32362	False	False	subtitle	noun	war	戦争
508	счёт	1	1	558	465	32275	False	False	subtitle	noun	bill/account	勘定
509	давно	1	2	1103	466	32247	False	False	subtitle	adv	long ago	昔から
510	самолёт	1	1	326	778	18299	True	False	subtitle	noun	airplane	飛行機
511	жертва	1	2	1627	467	32200	False	False	subtitle	noun	victim	犠牲者
512	убийца	1	1	524	468	32132	False	False	subtitle	noun	killer	殺人者
513	находиться	1	2	1023	469	31802	False	False	subtitle	verb	be located	ある
514	больной	1	1	387	782	18214	True	False	subtitle	adj	sick	病気の
515	привести	1	2	1107	470	31756	False	False	subtitle	verb	bring, lead to	導く
516	также	1	2	1011	471	31756	False	False	subtitle	adv	also	また
517	джон	1	3	2461	472	31715	False	False	subtitle	noun	John	ジョン
518	вечером	1			473	31577	False	True	subtitle			
519	опять	1	1	192	474	31397	False	False	subtitle	adv	again	また
520	вообще-то	1			475	31394	False	True	subtitle			
521	понравиться	1	2	1534	476	31308	False	False	subtitle	verb	like	気に入る
522	разговаривать	1	2	1694	477	31238	False	False	subtitle	verb	talk	話す
523	выпить	1	2	1574	478	31212	False	False	subtitle	verb	drink	飲む
524	одежда	1	1	607	797	17968	True	False	subtitle	noun	clothes	服
525	убивать	1	1	415	480	31070	False	False	subtitle	verb	kill	殺す
526	вечеринка	1	1	854	481	31027	False	False	subtitle	noun	party	パーティー
527	возвращаться	1	1	398	482	30961	False	False	subtitle	verb	return	戻る
528	сначала	1	2	1171	483	30957	False	False	subtitle	adv	at first	最初に
529	спрашивать	1	1	133	484	30880	False	False	subtitle	verb	ask	尋ねる
530	около	1	1	255	486	30786	False	False	subtitle	prep	near/about	近く
531	уехать	1	1	503	487	30772	False	False	subtitle	verb	leave by vehicle	出発する
532	близкий	1	2	1155	488	30763	False	False	subtitle	adj	close	近い
533	увидеться	1			489	30707	False	True	subtitle			
534	полагать	1	1	788	490	30661	False	False	subtitle	verb	suppose	推測する
535	получиться	1	1	455	491	30638	False	False	subtitle	verb	work out	うまくいく
536	остановить	1	1	433	492	30628	False	False	subtitle	verb	stop	止める
537	тип	1	1	563	493	30613	False	False	subtitle	noun	type	型
538	связь	1	2	1045	495	30233	False	False	subtitle	noun	connection	つながり
539	услышать	1	2	1261	496	30233	False	False	subtitle	verb	hear	聞こえる
540	ночью	1			497	30220	False	True	subtitle			
541	фильм	1	1	314	498	30182	False	False	subtitle	noun	film	映画
542	сразу	1	1	198	499	30132	False	False	subtitle	adv	immediately	すぐに
543	утром	1			500	30109	False	True	subtitle			
544	помогать	1	1	400	501	30105	False	False	subtitle	verb	help	助ける
545	страна	1	1	166	502	29935	False	False	subtitle	noun	country	国
546	тюрьма	1	1	307	503	29927	False	False	subtitle	noun	prison	刑務所
547	пить	1	1	411	504	29870	False	False	subtitle	verb	drink	飲む
548	похожий	1	2	1184	505	29862	False	False	subtitle	adj	similar	似ている
549	бежать	1	1	447	506	29692	False	False	subtitle	verb	run	走る
550	окно	1	1	170	845	16584	True	False	subtitle	noun	window	窓
551	решение	1	1	550	507	29668	False	False	subtitle	noun	decision	決定
552	прекрасно	1	2	1781	508	29598	False	False	subtitle	adv	beautifully	素晴らしく
553	агент	1	3	2493	509	29481	False	False	subtitle	noun	agent	代理人
554	тысяча	1	2	1031	510	29415	False	False	subtitle	num	thousand	千
555	представлять	1	1	790	511	29400	False	False	subtitle	verb	represent	表す
556	обед	1	2	1827	853	16388	True	False	subtitle	noun	lunch	昼食
557	ответить	1	1	134	512	29293	False	False	subtitle	verb	answer	答える
558	способ	1	1	952	513	29002	False	False	subtitle	noun	method	方法
559	суд	1	1	306	514	28930	False	False	subtitle	noun	court	裁判所
560	рада	1			515	28889	False	True	subtitle			
561	читать	1	1	407	516	28825	False	False	subtitle	verb	read	読む
562	группа	1	1	564	517	28806	False	False	subtitle	noun	group	グループ
563	здравствуйте	1			518	28754	False	True	subtitle			
564	скорее	1			519	28682	False	True	subtitle			
565	ох	1			520	28668	False	True	subtitle			
566	отправить	1	1	492	521	28645	False	False	subtitle	verb	send	送る
567	собственный	1	2	1039	522	28521	False	False	subtitle	adj	own	自分の
568	молодой	1	2	1048	523	28451	False	False	subtitle	adj	young	若い
569	справиться	1	3	2514	524	28422	False	False	subtitle	verb	cope, manage	対処する
570	писать	1	1	408	525	28341	False	False	subtitle	verb	write	書く
571	чистый	1	1	697	876	15922	True	False	subtitle	adj	clean	清潔な
572	столько	1	2	1274	526	28302	False	False	subtitle	adv	so much	それほど
573	небо	1	1	336	878	15898	True	False	subtitle	noun	sky	空
574	целый	1	1	396	527	28299	False	False	subtitle	adj	whole	全体の
575	сильно	1	2	1235	528	28217	False	False	subtitle	adv	strongly	強く
576	появиться	1	1	794	530	28028	False	False	subtitle	verb	appear	現れる
577	рот	1	1	617	884	15785	True	False	subtitle	noun	mouth	口
578	ошибка	1	1	552	531	27930	False	False	subtitle	noun	mistake	間違い
579	остановиться	1	1	434	532	27588	False	False	subtitle	verb	stop	止まる
580	дерьмо	1			533	27485	False	True	subtitle			
581	поздний	1	1	346	534	27442	False	False	subtitle	adj	late	遅い
582	принимать	1	1	767	535	27429	False	False	subtitle	verb	accept/take	受け入れる
583	чёрный	1	1	363	536	27399	False	False	subtitle	adj	black	黒い
584	президент	1	1	517	537	27380	False	False	subtitle	noun	president	大統領
585	честь	1	2	1697	538	27286	False	False	subtitle	noun	honor	名誉
586	беспокоиться	1			539	27159	False	True	subtitle			
587	отпустить	1	3	2465	540	27141	False	False	subtitle	verb	let go	放す
588	секс	1	2	1680	541	27090	False	False	subtitle	noun	sex	性行為
589	корабль	1	1	327	542	27051	False	False	subtitle	noun	ship	船
590	вставать	1	1	811	905	15325	True	False	subtitle	verb	get up	起きる
591	двое	1	2	1616	543	26977	False	False	subtitle	num	two	二人
592	выбор	1	1	551	544	26948	False	False	subtitle	noun	choice	選択
593	бабушка	1	1	843	908	15237	True	False	subtitle	noun	grandmother	祖母
594	ах	1	2	1848	546	26890	False	False	subtitle	intj	ah	ああ
595	понятно	1	2	1795	547	26878	False	False	subtitle	predic	clear	明らかだ
596	хотеться	1	2	1065	548	26815	False	False	subtitle	verb	want	〜したい
597	довольно	1	2	1149	549	26733	False	False	subtitle	adv	quite	かなり
598	бывать	1	2	1082	550	26694	False	False	subtitle	verb	happen, be sometimes	たまにある
599	назвать	1	2	1159	551	26557	False	False	subtitle	verb	name, call	名付ける
600	замечательный	1	2	1701	552	26539	False	False	subtitle	adj	wonderful	素晴らしい
601	безопасность	1	2	1337	553	26531	False	False	subtitle	noun	safety	安全
602	выбрать	1	1	488	554	26501	False	False	subtitle	verb	choose	選ぶ
603	готовить	1	1	738	924	14873	True	False	subtitle	verb	cook/prepare	料理する
604	заметить	1	1	781	555	26461	False	False	subtitle	verb	notice	気づく
605	четыре	1	2	1105	556	26443	False	False	subtitle	num	four	4
606	прежде	1	2	1090	557	26389	False	False	subtitle	adv	before	以前に
607	возможность	1	2	1018	558	26354	False	False	subtitle	noun	possibility	可能性
608	обо	1	3	2192	558	25824	False	False	raw_surface_fallback	prep	about	について
609	информация	1	1	568	559	26241	False	False	subtitle	noun	information	情報
610	интересный	1	1	379	933	14650	True	False	subtitle	adj	interesting	面白い
611	камера	1	1	653	560	26200	False	False	subtitle	noun	camera	カメラ
612	представить	1	1	789	561	26151	False	False	subtitle	verb	imagine/present	想像する
613	объяснить	1	1	482	562	26112	False	False	subtitle	verb	explain	説明する
614	мера	1	2	1057	564	25982	False	False	subtitle	noun	measure	措置
615	познакомиться	1	2	1923	565	25974	False	False	subtitle	verb	meet	知り合う
616	передать	1	1	764	566	25944	False	False	subtitle	verb	pass on	伝える
617	интересно	1	2	1570	567	25919	False	False	subtitle	predic	interesting	面白い
618	затем	1	2	1060	568	25898	False	False	subtitle	adv	then	それから
619	учитель	1	1	512	947	14424	True	False	subtitle	noun	teacher	教師
620	рано	1	2	1101	948	14411	True	False	subtitle	adv	early	早く
621	пол	1	1	600	569	25767	False	False	subtitle	noun	floor/sex	床
622	рассказывать	1	1	485	570	25757	False	False	subtitle	verb	tell	語る
623	вон	1	1	237	571	25698	False	False	subtitle	part	over there	あそこ
624	спина	1	1	623	952	14376	True	False	subtitle	noun	back	背中
625	сон	1	1	630	572	25694	False	False	subtitle	noun	sleep/dream	眠り
626	гора	1	1	332	955	14288	True	False	subtitle	noun	mountain	山
627	чтоб	1	2	1272	573	25591	False	False	subtitle	conj	in order to	するために
628	заплатить	1	3	2282	574	25574	False	False	subtitle	verb	pay	支払う
629	держаться	1	2	1817	575	25463	False	False	subtitle	verb	hold on	持ちこたえる
630	снять	1	1	805	576	25433	False	False	subtitle	verb	remove/film	取る
631	странно	1	3	2005	577	25261	False	False	subtitle	adv	strangely	妙に
632	ой	1	3	2274	578	25188	False	False	subtitle	intj	oh	あっ
633	алло	1			579	25182	False	True	subtitle			
634	успокоиться	1	3	2865	580	25133	False	False	subtitle	verb	calm down	落ち着く
635	общий	1	1	395	581	25098	False	False	subtitle	adj	common	共通の
636	однажды	1	2	1303	582	25033	False	False	subtitle	adv	once	ある日
637	странный	1	1	378	583	24949	False	False	subtitle	adj	strange	変な
638	обычно	1	1	985	584	24821	False	False	subtitle	adv	usually	普通は
639	ужасный	1	3	2054	585	24789	False	False	subtitle	adj	terrible	ひどい
640	миллион	1	2	1118	586	24766	False	False	subtitle	num	million	百万
641	поле	1	1	593	977	13998	True	False	subtitle	noun	field	野原
642	поймать	1	1	817	587	24766	False	False	subtitle	verb	catch	捕まえる
643	мысль	1	1	935	588	24763	False	False	subtitle	noun	thought	思考
644	адвокат	1	1	521	589	24728	False	False	subtitle	noun	lawyer	弁護士
645	другие	1	3	2805	590	24173	False	False	raw_surface_fallback	det	others	他の
646	иначе	1	2	1210	590	24647	False	False	subtitle	adv	otherwise	さもなければ
647	заняться	1	3	2150	591	24473	False	False	subtitle	verb	take up	取り組む
648	система	1	1	567	592	24470	False	False	subtitle	noun	system	システム
649	согласный	1	2	1597	593	24292	False	False	subtitle	adj	agreeing	同意した
650	песня	1	1	316	594	24104	False	False	subtitle	noun	song	歌
651	приятно	1	3	2378	595	23961	False	False	subtitle	predic	pleasant	心地よい
652	дерево	1	1	587	992	13809	True	False	subtitle	noun	tree	木
653	пиво	1	1	674	993	13790	True	False	subtitle	noun	beer	ビール
654	сообщение	1	1	570	596	23941	False	False	subtitle	noun	message	メッセージ
655	звучать	1	2	1686	598	23920	False	False	subtitle	verb	sound	響く
656	цель	1	1	545	599	23919	False	False	subtitle	noun	goal	目標
657	детектив	1			600	23906	False	True	subtitle			
658	курс	1	1	913	601	23865	False	False	subtitle	noun	course	コース
659	мозг	1	1	627	602	23847	False	False	subtitle	noun	brain	脳
660	лекарство	1	1	676	1005	13625	True	False	subtitle	noun	medicine	薬
661	немой	1			603	23810	False	True	subtitle			
662	король	1	1	530	604	23796	False	False	subtitle	noun	king	王
663	обратно	1	2	1612	605	23776	False	False	subtitle	adv	back	戻って
664	поставить	1	1	435	606	23764	False	False	subtitle	verb	put/set	置く
665	зайти	1	1	798	607	23663	False	False	subtitle	verb	drop in	立ち寄る
666	изменить	1	1	756	608	23660	False	False	subtitle	verb	change	変える
667	правило	1	1	547	610	23405	False	False	subtitle	noun	rule	規則
668	приятель	1	3	2502	611	23375	False	False	subtitle	noun	friend, buddy	友達
669	доверять	1	3	2896	614	23335	False	False	subtitle	verb	trust	信頼する
670	отвечать	1	1	135	615	23312	False	False	subtitle	verb	answer	答える
671	насколько	1	2	1405	616	23299	False	False	subtitle	adv	how much, as far as	どのくらい
672	двигаться	1	2	1511	617	23295	False	False	subtitle	verb	move	動く
673	лёгкий	1	1	358	618	23280	False	False	subtitle	adj	easy/light	簡単な
674	письмо	1	1	312	619	23263	False	False	subtitle	noun	letter	手紙
675	цена	1	1	636	1033	13316	True	False	subtitle	noun	price	価格
676	стрелять	1	1	818	620	23258	False	False	subtitle	verb	shoot	撃つ
677	ситуация	1	2	1035	621	23233	False	False	subtitle	noun	situation	状況
678	становиться	1	1	141	622	23233	False	False	subtitle	verb	become	なる
679	собака	1	1	582	623	23192	False	False	subtitle	noun	dog	犬
680	белый	1	1	364	624	23115	False	False	subtitle	adj	white	白い
681	стоять	1	1	125	625	23070	False	False	subtitle	verb	stand	立つ
682	образ	1	1	285	626	23059	False	False	subtitle	noun	image	姿
683	платье	1	1	609	1045	13110	True	False	subtitle	noun	dress	ドレス
684	урок	1	1	914	1047	13072	True	False	subtitle	noun	lesson	授業
685	доллар	1	2	1182	629	22935	False	False	subtitle	noun	dollar	ドル
686	клиент	1	2	1305	630	22895	False	False	subtitle	noun	client	顧客
687	компьютер	1	1	648	1051	13021	True	False	subtitle	noun	computer	コンピュータ
688	достать	1	2	1741	631	22848	False	False	subtitle	verb	get	手に入れる
689	голос	1	1	292	632	22821	False	False	subtitle	noun	voice	声
690	разговор	1	1	856	633	22816	False	False	subtitle	noun	conversation	会話
691	кстати	1	2	1134	634	22754	False	False	subtitle	adv	by the way	ところで
692	кровать	1	1	173	1057	12885	True	False	subtitle	noun	bed	ベッド
693	заткнуться	1			635	22749	False	True	subtitle			
694	перевод	1	1	929	636	22740	False	False	subtitle	noun	translation	翻訳
695	разобраться	1	3	2148	637	22681	False	False	subtitle	verb	figure out	理解する
696	нос	1	1	618	1063	12802	True	False	subtitle	noun	nose	鼻
697	проводить	1	2	1198	638	22668	False	False	subtitle	verb	conduct	行う
698	список	1	1	571	639	22635	False	False	subtitle	noun	list	リスト
699	шутить	1			640	22607	False	True	subtitle			
700	солнце	1	1	333	1067	12759	True	False	subtitle	noun	sun	太陽
701	когда-нибудь	1			641	22598	False	True	subtitle			
702	погодить	1			642	22526	False	True	subtitle			
703	бумага	1	1	573	1073	12672	True	False	subtitle	noun	paper	紙
704	операция	1	1	679	644	22515	False	False	subtitle	noun	operation	手術
705	звонок	1	1	857	645	22414	False	False	subtitle	noun	call	電話
706	яйцо	1	1	665	1075	12610	True	False	subtitle	noun	egg	卵
707	продавать	1	1	423	1076	12601	True	False	subtitle	verb	sell	売る
708	будущее	1	2	1252	647	22377	False	False	subtitle	noun	future	未来
709	войти	1	1	497	648	22322	False	False	subtitle	verb	enter	入る
710	некоторые	1	3	2085	649	22086	False	False	raw_surface_fallback	det	some	いくつかの
711	спокойный	1	1	708	649	22277	False	False	subtitle	adj	calm	穏やかな
712	положить	1	1	437	650	22246	False	False	subtitle	verb	put down	置く
713	поезд	1	1	325	1085	12490	True	False	subtitle	noun	train	列車
714	проходить	1	1	500	651	22233	False	False	subtitle	verb	pass	通る
715	простой	1	2	1058	652	22189	False	False	subtitle	adj	simple	簡単な
716	преступление	1	2	1787	653	22188	False	False	subtitle	noun	crime	犯罪
717	лес	1	1	331	1090	12439	True	False	subtitle	noun	forest	森
718	уметь	1	2	1247	654	22142	False	False	subtitle	verb	know how to	できる
719	сей	1	2	1126	655	22117	False	False	subtitle	det	this	この
720	рождение	1	1	850	656	22086	False	False	subtitle	noun	birth	誕生
721	билет	1	1	641	1094	12392	True	False	subtitle	noun	ticket	切符
722	нож	1	1	578	1096	12380	True	False	subtitle	noun	knife	ナイフ
723	украсть	1			658	21984	False	True	subtitle			
724	главный	1	1	342	659	21936	False	False	subtitle	adj	main	主要な
725	подойти	1	1	796	660	21908	False	False	subtitle	verb	approach	近づく
726	следить	1	2	1809	661	21894	False	False	subtitle	verb	watch	見守る
727	закончиться	1	2	1946	662	21879	False	False	subtitle	verb	end	終わる
728	личный	1	1	394	663	21833	False	False	subtitle	adj	personal	個人的な
729	получать	1	1	143	664	21770	False	False	subtitle	verb	get	得る
730	устроить	1	2	1719	665	21768	False	False	subtitle	verb	arrange	手配する
731	добро	1	3	2167	666	21745	False	False	subtitle	noun	good	善
732	любимый	1	2	1327	667	21736	False	False	subtitle	adj	beloved, favorite	大好きな
733	полицейский	1	3	2516	668	21730	False	False	subtitle	noun	policeman	警察官
734	чай	1	1	178	1114	12167	True	False	subtitle	noun	tea	お茶
735	ужасно	1			669	21660	False	True	subtitle			
736	покупать	1	1	421	1116	12149	True	False	subtitle	verb	buy	買う
737	подобный	1	2	1032	670	21654	False	False	subtitle	adj	similar	似たような
738	штука	1	3	2250	673	21588	False	False	subtitle	noun	thing	物
739	понадобиться	1	3	2671	674	21548	False	False	subtitle	verb	be needed	必要になる
740	совершенно	1	2	1056	675	21452	False	False	subtitle	adv	completely	完全に
741	сходить	1	3	2103	677	21378	False	False	subtitle	verb	go	行ってくる
742	запись	1	2	1484	678	21341	False	False	subtitle	noun	recording, record	記録
743	небольшой	1	2	1119	679	21341	False	False	subtitle	adj	small	小さい
744	умирать	1	1	417	680	21319	False	False	subtitle	verb	die	死ぬ
745	туалет	1	1	605	1134	12002	True	False	subtitle	noun	toilet	トイレ
746	мужик	1	2	1416	681	21256	False	False	subtitle	noun	guy, peasant	男
747	где-то	1	1	229	682	21249	False	False	subtitle	adv	somewhere	どこか
748	взглянуть	1	2	1757	683	21183	False	False	subtitle	verb	glance	ちらりと見る
749	огромный	1	1	681	684	21181	False	False	subtitle	adj	huge	巨大な
750	пропасть	1	2	1911	685	21111	False	False	subtitle	verb	disappear	消える
751	задница	1			686	21082	False	True	subtitle			
752	выяснить	1	3	2440	687	21036	False	False	subtitle	verb	find out	明らかにする
753	угодно	1	2	1982	687	20705	False	False	raw_surface_fallback	predic	pleasing	望み通りだ
754	поступить	1	2	1709	688	20954	False	False	subtitle	verb	act	行動する
755	подарок	1	1	579	689	20952	False	False	subtitle	noun	gift	贈り物
756	вызвать	1	2	1268	690	20932	False	False	subtitle	verb	cause, call	引き起こす
757	закон	1	1	303	691	20897	False	False	subtitle	noun	law	法律
758	зуб	1	1	620	1154	11709	True	False	subtitle	noun	tooth	歯
759	пригласить	1	2	1881	693	20879	False	False	subtitle	verb	invite	招待する
760	честно	1	2	1861	694	20747	False	False	subtitle	adv	honestly	正直に
761	ухо	1	1	619	1158	11660	True	False	subtitle	noun	ear	耳
762	как-то	1			696	20699	False	True	subtitle			
763	член	1	2	1116	697	20667	False	False	subtitle	noun	member	会員
764	выиграть	1	3	2474	698	20651	False	False	subtitle	verb	win	勝つ
765	прощение	1			699	20646	False	True	subtitle			
766	музыка	1	1	315	700	20613	False	False	subtitle	noun	music	音楽
767	состояние	1	1	949	702	20502	False	False	subtitle	noun	state	状態
768	измениться	1	2	1637	703	20494	False	False	subtitle	verb	change	変わる
769	шесть	1	2	1380	704	20461	False	False	subtitle	num	six	6
770	грязный	1	1	698	1174	11464	True	False	subtitle	adj	dirty	汚い
771	совет	1	2	1089	705	20449	False	False	subtitle	noun	advice, council	助言
772	сбежать	1			706	20428	False	True	subtitle			
773	внутри	1	1	966	708	20397	False	False	subtitle	adv	inside	内側で
774	свадьба	1	1	851	709	20390	False	False	subtitle	noun	wedding	結婚式
775	убрать	1	3	2571	710	20362	False	False	subtitle	verb	remove, clean up	片付ける
776	босс	1			712	20329	False	True	subtitle			
777	носить	1	1	441	713	20301	False	False	subtitle	verb	carry/wear	持つ
778	море	1	1	329	1189	11306	True	False	subtitle	noun	sea	海
779	связать	1	2	1138	714	20086	False	False	subtitle	verb	connect	結びつける
780	начаться	1	2	1177	715	20036	False	False	subtitle	verb	begin	始まる
781	уничтожить	1	3	2082	716	19977	False	False	subtitle	verb	destroy	破壊する
782	сообщить	1	2	1271	718	19934	False	False	subtitle	verb	inform	知らせる
783	садиться	1	2	1751	720	19863	False	False	subtitle	verb	sit down	座る
784	далеко	1	1	200	721	19854	False	False	subtitle	adv	far	遠く
785	сесть	1	1	809	722	19853	False	False	subtitle	verb	sit down	座る
786	вокруг	1	1	978	723	19795	False	False	subtitle	adv	around	周りに
787	кухня	1	1	603	1205	11150	True	False	subtitle	noun	kitchen	台所
788	придумать	1	2	1703	724	19795	False	False	subtitle	verb	invent	考案する
789	сосед	1	1	527	1207	11141	True	False	subtitle	noun	neighbor	隣人
790	предложить	1	1	785	725	19736	False	False	subtitle	verb	suggest	提案する
791	пистолет	1	1	577	726	19674	False	False	subtitle	noun	pistol	拳銃
792	великий	1	2	1076	727	19656	False	False	subtitle	adj	great	偉大な
793	малыш	1	2	1963	728	19631	False	False	subtitle	noun	baby	赤ちゃん
794	заходить	1	2	1706	729	19573	False	False	subtitle	verb	enter	立ち寄る
795	согласиться	1	1	770	730	19569	False	False	subtitle	verb	agree	同意する
796	повод	1	2	1169	731	19525	False	False	subtitle	noun	reason, occasion	きっかけ
797	всякий	1	2	1041	732	19499	False	False	subtitle	det	any, every	あらゆる
798	удача	1	3	2515	733	19354	False	False	subtitle	noun	luck, success	幸運
799	огонь	1	1	297	734	19307	False	False	subtitle	noun	fire	火
800	встретить	1	1	479	735	19237	False	False	subtitle	verb	meet	会う
801	речь	1	1	930	736	19217	False	False	subtitle	noun	speech	話
802	волос	1	1	616	737	19205	False	False	subtitle	noun	hair	髪
803	фотография	1	2	1525	738	19178	False	False	subtitle	noun	photograph	写真
804	неужели	1	2	1854	739	19139	False	False	subtitle	part	really	まさか
805	очевидный	1	3	2241	740	19079	False	False	subtitle	adj	obvious	明らかな
806	круто	1			741	19057	False	True	subtitle			
807	умный	1	1	384	742	19042	False	False	subtitle	adj	smart	賢い
808	скучать	1			743	19015	False	True	subtitle			
809	вдруг	1	1	213	744	18999	False	False	subtitle	adv	suddenly	突然
810	красный	1	1	365	745	18998	False	False	subtitle	adj	red	赤い
811	врать	1			746	18959	False	True	subtitle			
812	попытаться	1	2	1515	748	18911	False	False	subtitle	verb	try	試みる
813	горячий	1	1	694	1247	10807	True	False	subtitle	adj	hot	熱い
814	осторожный	1			749	18827	False	True	subtitle			
815	болеть	1	1	830	1250	10787	True	False	subtitle	verb	be ill	病む
816	идиот	1			750	18824	False	True	subtitle			
817	повезти	1	3	2272	751	18773	False	False	subtitle	verb	be lucky	運がいい
818	минутка	1			752	18749	False	True	subtitle			
819	подходить	1	1	797	753	18743	False	False	subtitle	verb	approach/suit	近づく
820	высокий	1	1	687	754	18740	False	False	subtitle	adj	high/tall	高い
821	шоу	1			755	18718	False	True	subtitle			
822	больно	1	3	2451	757	18711	False	False	subtitle	predic	painful	痛い
823	исчезнуть	1	1	792	758	18708	False	False	subtitle	verb	disappear	消える
824	трудно	1	1	994	760	18639	False	False	subtitle	adv	hard	難しく
825	создать	1	1	761	761	18617	False	False	subtitle	verb	create	作る
826	правый	1	1	340	762	18612	False	False	subtitle	adj	right	右の
827	предложение	1	1	928	763	18606	False	False	subtitle	noun	sentence/offer	文
828	существовать	1	1	791	764	18604	False	False	subtitle	verb	exist	存在する
829	болезнь	1	1	677	1275	10494	True	False	subtitle	noun	illness	病気
830	бывший	1	1	709	765	18566	False	False	subtitle	adj	former	元の
831	дядя	1	1	844	766	18565	False	False	subtitle	noun	uncle	叔父
832	постоянно	1	2	1241	767	18564	False	False	subtitle	adv	constantly	常に
833	лучший	1	2	1073	769	18458	False	False	raw_surface_fallback	adj	best	最良の
834	например	1	2	1022	769	18517	False	False	subtitle	adv	for example	例えば
835	знакомый	1	2	1157	770	18472	False	False	subtitle	adj	familiar	見知った
836	подозревать	1	3	2770	771	18462	False	False	subtitle	verb	suspect	疑う
837	народ	1	1	301	772	18448	False	False	subtitle	noun	people	民衆
838	дедушка	1			1287	10363	True	True	subtitle			
839	ожидать	1	2	1296	773	18448	False	False	subtitle	verb	expect	期待する
840	желать	1	2	1249	774	18436	False	False	subtitle	verb	wish	望む
841	карта	1	1	574	775	18392	False	False	subtitle	noun	map/card	地図
842	след	1	2	1667	776	18363	False	False	subtitle	noun	trace	跡
843	обычный	1	2	1179	777	18334	False	False	subtitle	adj	usual	普通の
844	автобус	1	1	871	1298	10249	True	False	subtitle	noun	bus	バス
845	серьёзный	1	1	393	779	18283	False	False	subtitle	adj	serious	真面目な
846	третий	1	2	1081	780	18282	False	False	subtitle	adj	third	三番目の
847	являться	1	2	1012	783	18196	False	False	subtitle	verb	be	である
848	крайний	1	2	1308	784	18188	False	False	subtitle	adj	extreme	極端な
849	виноватый	1	1	737	785	18170	False	False	subtitle	adj	guilty	有罪の
850	означать	1	2	1311	786	18166	False	False	subtitle	verb	mean	意味する
851	продать	1	1	422	787	18144	False	False	subtitle	verb	sell	売る
852	часто	1	1	196	788	18114	False	False	subtitle	adv	often	しばしば
853	десять	1	2	1178	789	18110	False	False	subtitle	num	ten	10
854	мило	1			790	18110	False	True	subtitle			
855	какой-нибудь	1			791	18086	False	True	subtitle			
856	встать	1	1	810	792	18081	False	False	subtitle	verb	stand up	立つ
857	центр	1	1	556	793	18079	False	False	subtitle	noun	center	中心
858	арестовать	1			794	18050	False	True	subtitle			
859	полностью	1	2	1228	795	18026	False	False	subtitle	adv	completely	完全に
860	стараться	1	2	1204	796	17993	False	False	subtitle	verb	try	努力する
861	леди	1			798	17964	False	True	subtitle			
862	хватать	1	2	1372	800	17912	False	False	subtitle	verb	be enough	足りる
863	результат	1	1	549	801	17863	False	False	subtitle	noun	result	結果
864	вспомнить	1	1	779	803	17785	False	False	subtitle	verb	recall	思い出す
865	закрыть	1	1	426	804	17763	False	False	subtitle	verb	close	閉める
866	старший	1	2	1362	805	17709	False	False	subtitle	adj	elder, senior	年上の
867	здоровый	1	1	388	1342	9804	True	False	subtitle	adj	healthy	健康な
868	неплохо	1	3	2925	806	17704	False	False	subtitle	adv	not bad	悪くない
869	погибнуть	1	2	1674	807	17700	False	False	subtitle	verb	perish	死亡する
870	клуб	1	2	1432	808	17626	False	False	subtitle	noun	club	クラブ
871	чуть	1	2	1142	810	17579	False	False	subtitle	adv	a little, slightly	少し
872	дух	1	2	1213	811	17571	False	False	subtitle	noun	spirit	精神
873	невозможно	1	2	1708	812	17552	False	False	subtitle	predic	impossible	不可能だ
874	устать	1	3	2177	813	17535	False	False	subtitle	verb	get tired	疲れる
875	понятие	1	2	1275	814	17513	False	False	subtitle	noun	concept	概念
876	слушайте	1			815	17487	False	True	subtitle			
877	долгий	1	2	1323	816	17450	False	False	subtitle	adj	long (time)	長い
878	скорый	1	3	2813	817	17369	False	False	subtitle	adj	fast, imminent	速い
879	позаботиться	1			818	17348	False	True	subtitle			
880	питер	1	3	2664	819	17303	False	False	subtitle	noun	St. Petersburg (colloq)	ピーテル
881	отказаться	1	1	768	820	17283	False	False	subtitle	verb	refuse	断る
882	секрет	1	1	553	821	17260	False	False	subtitle	noun	secret	秘密
883	пропустить	1	3	2968	822	17257	False	False	subtitle	verb	miss, let pass	見逃す
884	здоровье	1	2	1375	1371	9580	True	False	subtitle	noun	health	健康
885	выход	1	2	1245	823	17252	False	False	subtitle	noun	exit, output	出口
886	смеяться	1	1	477	824	17220	False	False	subtitle	verb	laugh	笑う
887	банк	1	1	322	825	17168	False	False	subtitle	noun	bank	銀行
888	детка	1			826	17134	False	True	subtitle			
889	сойти	1			827	17127	False	True	subtitle			
890	легко	1	1	993	828	17101	False	False	subtitle	adv	easily	簡単に
891	офицер	1	1	516	829	17074	False	False	subtitle	noun	officer	将校
892	свидетель	1	3	2372	830	17063	False	False	subtitle	noun	witness	証人
893	святой	1	2	1442	831	17038	False	False	subtitle	adj	holy	神聖な
894	добраться	1	3	2198	832	17029	False	False	subtitle	verb	reach	たどり着く
895	обнаружить	1	2	1298	833	17022	False	False	subtitle	verb	discover	発見する
896	мало	1	1	86	834	16966	False	False	subtitle	adv	little/few	少なく
897	удаться	1	2	1162	835	16936	False	False	subtitle	verb	succeed	成功する
898	сделка	1	3	2431	836	16876	False	False	subtitle	noun	deal	取引
899	благодарить	1	3	2975	838	16765	False	False	subtitle	verb	thank	感謝する
900	разный	1	2	1033	839	16749	False	False	subtitle	adj	different	いろいろな
901	вместо	1	1	259	840	16738	False	False	subtitle	prep	instead of	代わりに
902	удар	1	2	1306	841	16701	False	False	subtitle	noun	blow, strike	打撃
903	настолько	1	2	1486	842	16699	False	False	subtitle	adv	so (much)	それほど
904	пожаловать	1			843	16693	False	True	subtitle			
905	поднять	1	1	451	844	16634	False	False	subtitle	verb	raise	上げる
906	повторять	1	1	754	1408	9319	True	False	subtitle	verb	repeat	繰り返す
907	здание	1	1	596	846	16582	False	False	subtitle	noun	building	建物
908	клясться	1			847	16554	False	True	subtitle			
909	мэм	1			848	16539	False	True	subtitle			
910	глупый	1	1	385	849	16535	False	False	subtitle	adj	stupid	愚かな
911	переводчик	1			850	16484	False	True	subtitle			
912	либо	1	2	1108	851	16417	False	False	subtitle	conj	or	あるいは
913	пациент	1	1	533	852	16394	False	False	subtitle	noun	patient	患者
914	особенно	1	1	984	854	16373	False	False	subtitle	adv	especially	特に
915	очевидно	1	2	1652	854	16532	False	False	raw_surface_fallback	adv	obviously	明らかに
916	рыба	1	1	585	1424	9221	True	False	subtitle	noun	fish	魚
917	куча	1	3	2160	855	16372	False	False	subtitle	noun	heap	山
918	шутка	1	3	2117	856	16345	False	False	subtitle	noun	joke	冗談
919	заставлять	1	2	1832	857	16325	False	False	subtitle	verb	force	強いる
920	доказать	1	1	772	858	16303	False	False	subtitle	verb	prove	証明する
921	эм	1			859	16287	False	True	subtitle			
922	защитить	1	1	821	860	16254	False	False	subtitle	verb	defend	守る
923	половина	1	2	1240	861	16245	False	False	subtitle	noun	half	半分
924	доказательство	1	3	2297	862	16244	False	False	subtitle	noun	proof	証拠
925	бизнес	1	2	1112	863	16214	False	False	subtitle	noun	business	ビジネス
926	язык	1	1	628	864	16201	False	False	subtitle	noun	language/tongue	言語
927	обязательно	1	2	1334	865	16143	False	False	subtitle	adv	necessarily	必ず
928	отель	1	3	2413	866	16140	False	False	subtitle	noun	hotel	ホテル
929	дама	1	2	1855	867	16052	False	False	subtitle	noun	lady	婦人
930	форма	1	1	561	868	16033	False	False	subtitle	noun	form	形
931	звезда	1	1	335	869	16032	False	False	subtitle	noun	star	星
932	плакать	1	1	476	870	16032	False	False	subtitle	verb	cry	泣く
933	гость	1	1	525	871	15987	False	False	subtitle	noun	guest	客
934	шаг	1	1	953	872	15976	False	False	subtitle	noun	step	一歩
935	занять	1	2	1386	873	15947	False	False	subtitle	verb	occupy	占める
936	б	1			874	15936	False	True	subtitle			
937	снимать	1	1	806	875	15923	False	False	subtitle	verb	remove/film	撮る
938	мадам	1			877	15916	False	True	subtitle			
939	дождь	1	1	338	1465	8952	True	False	subtitle	noun	rain	雨
940	немедленно	1	2	1892	879	15866	False	False	subtitle	adv	immediately	直ちに
941	наркотик	1	3	2563	880	15835	False	False	subtitle	noun	drug, narcotic	麻薬
942	отправиться	1	2	1580	881	15834	False	False	subtitle	verb	set off	出発する
943	лежать	1	1	127	882	15810	False	False	subtitle	verb	lie	横たわる
944	сработать	1			883	15803	False	True	subtitle			
945	защищать	1	1	820	885	15688	False	False	subtitle	verb	defend	守る
946	удовольствие	1	2	1343	886	15662	False	False	subtitle	noun	pleasure	喜び
947	способный	1	2	1225	887	15631	False	False	subtitle	adj	capable	有能な
948	начальник	1	1	509	1479	8846	True	False	subtitle	noun	boss	上司
949	служба	1	2	1172	888	15622	False	False	subtitle	noun	service	勤務
950	вытащить	1	3	2669	889	15621	False	False	subtitle	verb	pull out	引き出す
951	наконец	1	2	1069	890	15577	False	False	subtitle	adv	finally	ついに
952	победить	1	1	825	891	15550	False	False	subtitle	verb	win	勝つ
953	уезжать	1	3	2906	892	15549	False	False	subtitle	verb	leave, depart	出発する
954	девчонка	1	3	2709	893	15545	False	False	subtitle	noun	girl (colloq)	女の子
955	защита	1	2	1266	894	15538	False	False	subtitle	noun	defense	防御
956	река	1	1	330	1490	8787	True	False	subtitle	noun	river	川
957	упасть	1	1	450	895	15509	False	False	subtitle	verb	fall	落ちる
958	бар	1	3	2999	896	15508	False	False	subtitle	noun	bar	バー
959	штат	1	2	1774	897	15501	False	False	subtitle	noun	state	州
960	цветок	1	1	580	1496	8753	True	False	subtitle	noun	flower	花
961	ничто	1	1	232	899	15491	False	False	subtitle	pron	nothing	何もない
962	документ	1	1	572	900	15462	False	False	subtitle	noun	document	文書
963	смешно	1			901	15407	False	True	subtitle			
964	таблетка	1			1503	8716	True	True	subtitle			
965	абсолютно	1	2	1421	902	15405	False	False	subtitle	adv	absolutely	絶対に
966	предлагать	1	1	786	903	15339	False	False	subtitle	verb	offer	提供する
967	действовать	1	2	1223	904	15336	False	False	subtitle	verb	act	行動する
968	враг	1	1	528	906	15319	False	False	subtitle	noun	enemy	敵
969	завтрак	1			1515	8631	True	True	subtitle			
970	собраться	1	2	1603	909	15224	False	False	subtitle	verb	gather	集まる
971	приезжать	1	3	2020	1516	8619	True	False	subtitle	verb	arrive	到着する
972	слава	1	2	1560	910	15206	False	False	subtitle	noun	glory	栄光
973	молодец	1			911	15148	False	True	subtitle			
974	желание	1	1	937	912	15130	False	False	subtitle	noun	desire	願望
975	переживать	1	3	2538	913	15124	False	False	subtitle	verb	worry, experience	心配する
976	жениться	1	1	494	914	15075	False	False	subtitle	verb	marry	結婚する
977	отвезти	1			915	15062	False	True	subtitle			
978	расследование	1			916	15041	False	True	subtitle			
979	лето	1	2	1435	1527	8511	True	False	subtitle	noun	summer	夏
980	известно	1	2	1429	917	15037	False	False	subtitle	predic	it is known	知られている
981	роль	1	2	1098	918	15027	False	False	subtitle	noun	role	役割
982	нечего	1	2	1692	919	14979	False	False	subtitle	predic	nothing to	することがない
983	уровень	1	1	562	920	14943	False	False	subtitle	noun	level	水準
984	окей	1			921	14902	False	True	subtitle			
985	мнение	1	1	933	922	14901	False	False	subtitle	noun	opinion	意見
986	власть	1	1	302	923	14875	False	False	subtitle	noun	power	権力
987	поиск	1	2	1283	926	14780	False	False	subtitle	noun	search	検索
988	покой	1	3	2165	927	14773	False	False	subtitle	noun	peace	安らぎ
989	директор	1	1	519	928	14763	False	False	subtitle	noun	director	取締役
990	ветер	1	1	339	1547	8371	True	False	subtitle	noun	wind	風
991	съесть	1	3	2650	929	14758	False	False	subtitle	verb	eat up	食べる
992	станция	1	1	324	1549	8371	True	False	subtitle	noun	station	駅
993	называться	1	2	1318	930	14687	False	False	subtitle	verb	be called	と呼ばれる
994	тихо	1	1	991	931	14656	False	False	subtitle	adv	quietly	静かに
995	петь	1	1	747	932	14654	False	False	subtitle	verb	sing	歌う
996	приказ	1	2	1715	934	14636	False	False	subtitle	noun	order	命令
997	такси	1	1	872	1558	8338	True	False	subtitle	noun	taxi	タクシー
998	сомневаться	1	3	2188	935	14633	False	False	subtitle	verb	doubt	疑う
999	факт	1	1	932	936	14625	False	False	subtitle	noun	fact	事実
1000	многое	1	2	1426	937	14609	False	False	subtitle	pron	much, many things	多くのこと
1001	сложно	2	3	2253	938	14579	False	False	subtitle	predic	difficult	難しい
1002	животное	2	1	581	939	14578	False	False	subtitle	noun	animal	動物
1003	блин	2			940	14571	False	True	subtitle			
1004	свобода	2	2	1193	941	14528	False	False	subtitle	noun	freedom	自由
1005	заботиться	2			943	14473	False	True	subtitle			
1006	костюм	2	3	2210	944	14450	False	False	subtitle	noun	suit	スーツ
1007	очередь	2	2	1144	945	14441	False	False	subtitle	noun	queue, turn	順番
1008	лгать	2			946	14437	False	True	subtitle			
1009	знак	2	2	1354	949	14402	False	False	subtitle	noun	sign	記号
1010	словно	2	1	271	950	14393	False	False	subtitle	conj	as if	まるで
1011	опасный	2	1	707	951	14381	False	False	subtitle	adj	dangerous	危険な
1012	узнавать	2	1	784	953	14337	False	False	subtitle	verb	recognize	認識する
1013	спокойно	2	2	1438	954	14315	False	False	subtitle	adv	calmly	静かに
1014	убираться	2			956	14287	False	True	subtitle			
1015	крутой	2	3	2350	957	14279	False	False	subtitle	adj	steep	急な
1016	спасть	2			958	14254	False	True	subtitle			
1017	постараться	2	3	2130	959	14215	False	False	subtitle	verb	try	努力する
1018	сумасшедший	2			960	14213	False	True	subtitle			
1019	трогать	2	1	833	961	14209	False	False	subtitle	verb	touch	触る
1020	прошлое	2	2	1588	962	14203	False	False	subtitle	noun	past	過去
1021	тихий	2	1	690	963	14184	False	False	subtitle	adj	quiet	静かな
1022	разница	2	2	1735	964	14179	False	False	subtitle	noun	difference	違い
1023	договориться	2	3	2471	965	14173	False	False	subtitle	verb	agree	合意する
1024	контроль	2	2	1358	966	14165	False	False	subtitle	noun	control	管理
1025	серия	2	2	1951	967	14163	False	False	subtitle	noun	series	シリーズ
1026	мечта	2	1	631	968	14159	False	False	subtitle	noun	dream	夢
1027	планета	2	1	898	969	14157	False	False	subtitle	noun	planet	惑星
1028	шеф	2			970	14142	False	True	subtitle			
1029	университет	2	1	310	1618	7906	True	False	subtitle	noun	university	大学
1030	терять	2	1	505	971	14131	False	False	subtitle	verb	lose	失う
1031	входить	2	1	498	972	14116	False	False	subtitle	verb	enter	入る
1032	ввиду	2			973	14114	False	True	subtitle			
1033	главное	2	2	1243	974	14114	False	False	subtitle	noun	the main thing	主なこと
1034	по-моему	2			975	14078	False	True	subtitle			
1035	принадлежать	2	2	1433	976	14016	False	False	subtitle	verb	belong	属する
1036	кричать	2	1	475	978	13985	False	False	subtitle	verb	shout	叫ぶ
1037	связаться	2			979	13970	False	True	subtitle			
1038	показывать	2	1	454	980	13949	False	False	subtitle	verb	show	見せる
1039	судья	2	1	522	981	13943	False	False	subtitle	noun	judge	裁判官
1040	америка	2	2	1469	982	13939	False	False	subtitle	noun	America	アメリカ
1041	оставлять	2	2	1668	983	13928	False	False	subtitle	verb	leave	残す
1042	обвинение	2	3	2940	984	13926	False	False	subtitle	noun	accusation	告発
1043	программа	2	1	912	985	13922	False	False	subtitle	noun	program	番組
1044	страшный	2	1	355	986	13893	False	False	subtitle	adj	scary	怖い
1045	точка	2	1	958	987	13890	False	False	subtitle	noun	point	点
1046	ударить	2	3	2323	988	13887	False	False	subtitle	verb	hit	打つ
1047	намного	2	3	2456	989	13854	False	False	subtitle	adv	much	はるかに
1048	герой	2	1	529	990	13831	False	False	subtitle	noun	hero	英雄
1049	тяжело	2	2	1823	991	13822	False	False	subtitle	adv	heavily	重く
1050	воздух	2	1	296	994	13760	False	False	subtitle	noun	air	空気
1051	пятница	2	3	2299	1657	7626	True	False	subtitle	noun	Friday	金曜日
1052	ух	2			995	13758	False	True	subtitle			
1053	собрать	2	2	1528	996	13746	False	False	subtitle	verb	gather	集める
1054	течение	2	2	1123	997	13746	False	False	subtitle	noun	current, course	流れ
1055	судьба	2	2	1221	998	13723	False	False	subtitle	noun	fate	運命
1056	бить	2	2	1564	999	13703	False	False	subtitle	verb	beat	打つ
1057	выжить	2			1000	13683	False	True	subtitle			
1058	семь	2	2	1522	1001	13680	False	False	subtitle	num	seven	七
1059	долг	2	2	1704	1002	13678	False	False	subtitle	noun	debt	借金
1060	бедный	2	2	1687	1003	13669	False	False	subtitle	adj	poor	貧しい
1061	отдел	2	2	1502	1004	13659	False	False	subtitle	noun	department	部門
1062	армия	2	1	904	1006	13624	False	False	subtitle	noun	army	軍隊
1063	отойти	2	3	2849	1007	13616	False	False	subtitle	verb	move away	離れる
1064	свежий	2	1	706	1679	7491	True	False	subtitle	adj	fresh	新鮮な
1065	тяжелый	2	2	1255	1008	13580	False	False	subtitle	adj	heavy	重い
1066	среди	2	1	260	1009	13571	False	False	subtitle	prep	among	の中で
1067	церковь	2	1	883	1010	13544	False	False	subtitle	noun	church	教会
1068	уволить	2			1012	13520	False	True	subtitle			
1069	брак	2	2	1869	1013	13506	False	False	subtitle	noun	marriage	結婚
1070	нести	2	1	439	1014	13501	False	False	subtitle	verb	carry	運ぶ
1071	выходной	2	3	2686	1015	13500	False	False	subtitle	noun	day off	休日
1072	успеть	2	2	1200	1016	13479	False	False	subtitle	verb	manage in time	間に合う
1073	вероятно	2	1	981	1017	13461	False	False	subtitle	adv	probably	おそらく
1074	постоять	2			1018	13456	False	True	subtitle			
1075	надеть	2	1	807	1019	13441	False	False	subtitle	verb	put on	着る
1076	память	2	1	629	1020	13430	False	False	subtitle	noun	memory	記憶
1077	веселый	2	2	1924	1701	7373	True	False	subtitle	adj	cheerful	陽気な
1078	избавиться	2			1021	13427	False	True	subtitle			
1079	рождество	2			1022	13412	False	True	subtitle			
1080	известный	2	2	1070	1023	13399	False	False	subtitle	adj	known, famous	有名な
1081	адрес	2	1	645	1024	13396	False	False	subtitle	noun	address	住所
1082	родиться	2	1	418	1025	13381	False	False	subtitle	verb	be born	生まれる
1083	блядь	2			1026	13370	False	True	subtitle			
1084	наконец-то	2			1027	13370	False	True	subtitle			
1085	танцевать	2	1	748	1028	13357	False	False	subtitle	verb	dance	踊る
1086	неважно	2			1030	13341	False	True	subtitle			
1087	действие	2	2	1042	1031	13333	False	False	subtitle	noun	action	行動
1088	мясо	2	1	661	1720	7277	True	False	subtitle	noun	meat	肉
1089	сожалеть	2			1032	13322	False	True	subtitle			
1090	ублюдок	2			1034	13304	False	True	subtitle			
1091	колледж	2			1035	13271	False	True	subtitle			
1092	касаться	2	2	1196	1036	13262	False	False	subtitle	verb	concern, touch	関わる
1093	камень	2	1	589	1037	13260	False	False	subtitle	noun	stone	石
1094	объяснять	2	1	483	1729	7235	True	False	subtitle	verb	explain	説明する
1095	почувствовать	2	2	1414	1038	13254	False	False	subtitle	verb	feel	感じる
1096	молоко	2	1	660	1732	7222	True	False	subtitle	noun	milk	牛乳
1097	надежда	2	1	938	1040	13240	False	False	subtitle	noun	hope	希望
1098	приготовить	2	1	739	1041	13208	False	False	subtitle	verb	prepare	準備する
1099	проснуться	2	1	413	1042	13172	False	False	subtitle	verb	wake up	目覚める
1100	старик	2	2	1388	1043	13146	False	False	subtitle	noun	old man	老人
1101	солдат	2	1	515	1044	13141	False	False	subtitle	noun	soldier	兵士
1102	вниз	2	2	1487	1048	13035	False	False	subtitle	adv	down	下へ
1103	копа	2			1049	13035	False	True	subtitle			
1104	бросать	2	1	815	1050	13033	False	False	subtitle	verb	throw	投げる
1105	убедиться	2	3	2284	1052	13017	False	False	subtitle	verb	make sure	確かめる
1106	наверняка	2	3	2017	1054	12996	False	False	subtitle	adv	certainly	確実に
1107	покинуть	2	3	2151	1055	12991	False	False	subtitle	verb	leave	去る
1108	опаздывать	2			1762	7090	True	True	subtitle			
1109	военный	2	1	717	1058	12883	False	False	subtitle	adj	military	軍の
1110	сломать	2	1	743	1059	12849	False	False	subtitle	verb	break	壊す
1111	особенный	2	3	2719	1060	12846	False	False	subtitle	adj	special	特別な
1112	цвет	2	1	633	1061	12837	False	False	subtitle	noun	color	色
1113	здравствуй	2			1062	12804	False	True	subtitle			
1114	рубашка	2	1	608	1771	7033	True	False	subtitle	noun	shirt	シャツ
1115	судить	2	2	1467	1064	12797	False	False	subtitle	verb	judge	判断する
1116	весело	2	1	995	1065	12782	False	False	subtitle	adv	cheerfully	楽しく
1117	гораздо	2	2	1295	1066	12771	False	False	subtitle	adv	much (more)	はるかに
1118	ванная	2	1	604	1778	7009	True	False	subtitle	noun	bathroom	浴室
1119	впервые	2	2	1398	1068	12754	False	False	subtitle	adv	for the first time	初めて
1120	получаться	2	2	1361	1069	12749	False	False	subtitle	verb	turn out, work out	うまくいく
1121	дышать	2	1	831	1070	12725	False	False	subtitle	verb	breathe	呼吸する
1122	чей	2	2	1763	1071	12699	False	False	subtitle	det	whose	誰の
1123	бороться	2	1	824	1072	12697	False	False	subtitle	verb	struggle	戦う
1124	отправляться	2	3	2997	1788	6950	True	False	subtitle	verb	set off, depart	出発する
1125	водитель	2	2	1976	1790	6946	True	False	subtitle	noun	driver	運転手
1126	качество	2	2	1040	1074	12666	False	False	subtitle	noun	quality	品質
1127	фбр	2			1077	12578	False	True	subtitle			
1128	местный	2	1	711	1078	12551	False	False	subtitle	adj	local	地元の
1129	сигнал	2	2	1899	1079	12544	False	False	subtitle	noun	signal	信号
1130	остров	2	1	591	1080	12529	False	False	subtitle	noun	island	島
1131	сынок	2			1081	12524	False	True	subtitle			
1132	вызывать	2	2	1292	1082	12518	False	False	subtitle	verb	cause	引き起こす
1133	решать	2	1	461	1083	12506	False	False	subtitle	verb	decide/solve	決める
1134	сексуальный	2	3	2132	1084	12500	False	False	subtitle	adj	sexual	性的な
1135	расслабиться	2			1086	12478	False	True	subtitle			
1136	возраст	2	1	849	1087	12477	False	False	subtitle	noun	age	年齢
1137	ошибаться	2			1088	12473	False	True	subtitle			
1138	признать	2	2	1634	1089	12448	False	False	subtitle	verb	recognize	認める
1139	научиться	2	2	1768	1091	12439	False	False	subtitle	verb	learn	学ぶ
1140	совершить	2	2	1728	1092	12414	False	False	subtitle	verb	commit	行う
1141	гордиться	2			1095	12386	False	True	subtitle			
1142	аэропорт	2	1	868	1828	6775	True	False	subtitle	noun	airport	空港
1143	поверь	2			1097	12377	False	True	subtitle			
1144	управлять	2	3	2243	1098	12377	False	False	subtitle	verb	manage	管理する
1145	опасность	2	1	680	1099	12352	False	False	subtitle	noun	danger	危険
1146	род	2	2	1187	1100	12307	False	False	subtitle	noun	kind, lineage	血統
1147	кольцо	2	1	615	1101	12279	False	False	subtitle	noun	ring	指輪
1148	линия	2	1	957	1102	12267	False	False	subtitle	noun	line	線
1149	выбирать	2	1	489	1103	12259	False	False	subtitle	verb	choose	選ぶ
1150	поздравлять	2			1104	12251	False	True	subtitle			
1151	многие	2	2	1431	1105	12246	False	False	subtitle	det	many	多くの
1152	приятный	2	2	1577	1106	12241	False	False	subtitle	adj	pleasant	心地よい
1153	королева	2	1	531	1107	12217	False	False	subtitle	noun	queen	女王
1154	ложь	2	1	274	1108	12216	False	False	subtitle	noun	lie	嘘
1155	обсудить	2	3	2489	1109	12204	False	False	subtitle	verb	discuss	話し合う
1156	продолжить	2	3	2037	1110	12203	False	False	subtitle	verb	continue	続ける
1157	сезон	2	3	2741	1111	12192	False	False	subtitle	noun	season	シーズン
1158	показаться	2	2	1350	1112	12189	False	False	subtitle	verb	seem	のように見える
1159	страх	2	1	537	1113	12170	False	False	subtitle	noun	fear	恐怖
1160	никуда	2	1	234	1115	12155	False	False	subtitle	adv	nowhere	どこにも
1161	зло	2	2	1918	1117	12148	False	False	subtitle	noun	evil	悪
1162	взгляд	2	2	1047	1118	12146	False	False	subtitle	noun	look, view	視線
1163	большинство	2	2	1111	1119	12125	False	False	subtitle	noun	majority	大多数
1164	сложный	2	2	1259	1120	12121	False	False	subtitle	adj	complex	複雑な
1165	открывать	2	1	425	1121	12112	False	False	subtitle	verb	open	開ける
1166	подписать	2	3	2235	1122	12112	False	False	subtitle	verb	sign	署名する
1167	пуля	2	3	2834	1123	12108	False	False	subtitle	noun	bullet	弾丸
1168	оттуда	2	2	1978	1124	12099	False	False	subtitle	adv	from there	そこから
1169	масло	2	3	2203	1874	6552	True	False	subtitle	noun	oil	油
1170	нормальный	2	1	377	1125	12087	False	False	subtitle	adj	normal	普通の
1171	фото	2	1	652	1126	12074	False	False	subtitle	noun	photo	写真
1172	мост	2	1	878	1878	6537	True	False	subtitle	noun	bridge	橋
1173	бомба	2	3	2658	1127	12054	False	False	subtitle	noun	bomb	爆弾
1174	позвать	2	1	472	1128	12054	False	False	subtitle	verb	call/summon	呼ぶ
1175	позволять	2	2	1131	1129	12051	False	False	subtitle	verb	allow	許す
1176	сцена	2	2	1404	1130	12051	False	False	subtitle	noun	stage, scene	舞台
1177	тест	2	3	2822	1131	12016	False	False	subtitle	noun	test	テスト
1178	никак	2	2	1348	1132	12008	False	False	subtitle	adv	in no way	決して〜ない
1179	недавно	2	2	1419	1133	12002	False	False	subtitle	adv	recently	最近
1180	профессор	2	2	1531	1135	11994	False	False	subtitle	noun	professor	教授
1181	опоздать	2			1136	11972	False	True	subtitle			
1182	несчастный	2	3	2135	1137	11961	False	False	subtitle	adj	unhappy	不幸な
1183	сержант	2			1138	11911	False	True	subtitle			
1184	невероятно	2			1139	11895	False	True	subtitle			
1185	наблюдать	2	2	1452	1140	11865	False	False	subtitle	verb	observe	観察する
1186	вариант	2	2	1220	1141	11857	False	False	subtitle	noun	variant	選択肢
1187	суббота	2	3	2237	1903	6427	True	False	subtitle	noun	Saturday	土曜日
1188	газета	2	1	313	1142	11835	False	False	subtitle	noun	newspaper	新聞
1189	спальня	2			1905	6422	True	True	subtitle			
1190	звук	2	1	299	1144	11830	False	False	subtitle	noun	sound	音
1191	злиться	2			1146	11802	False	True	subtitle			
1192	значение	2	2	1136	1147	11800	False	False	subtitle	noun	meaning	意味
1193	ручка	2	3	2321	1913	6373	True	False	subtitle	noun	pen	ペン
1194	привезти	2	3	2276	1148	11790	False	False	subtitle	verb	bring	持ってくる
1195	сожаление	2	2	1410	1149	11757	False	False	subtitle	noun	regret	残念
1196	угроза	2	2	1825	1150	11755	False	False	subtitle	noun	threat	脅威
1197	придурок	2			1151	11731	False	True	subtitle			
1198	парк	2	1	880	1919	6337	True	False	subtitle	noun	park	公園
1199	благодаря	2	1	264	1152	11730	False	False	subtitle	prep	thanks to	のおかげで
1200	навсегда	2	3	2248	1153	11723	False	False	subtitle	adv	forever	永遠に
1201	вполне	2	2	1100	1155	11706	False	False	subtitle	adv	quite, fully	十分に
1202	сок	2			1925	6320	True	True	subtitle			
1203	ложиться	2	1	813	1926	6318	True	False	subtitle	verb	lie down	横になる
1204	сюрприз	2			1156	11692	False	True	subtitle			
1205	относиться	2	2	1146	1157	11673	False	False	subtitle	verb	relate to	関係する
1206	кабинет	2	2	1543	1159	11647	False	False	subtitle	noun	office	事務室
1207	напугать	2			1160	11637	False	True	subtitle			
1208	лейтенант	2	3	2353	1161	11628	False	False	subtitle	noun	lieutenant	中尉
1209	задача	2	2	1075	1936	6275	True	False	subtitle	noun	task	課題
1210	приходиться	2	2	1175	1162	11620	False	False	subtitle	verb	have to	せざるを得ない
1211	ставить	2	1	436	1163	11598	False	False	subtitle	verb	put/set	置く
1212	закрытый	2	1	392	1164	11590	False	False	subtitle	adj	closed	閉じた
1213	положение	2	2	1084	1165	11564	False	False	subtitle	noun	position, situation	状態
1214	взрослый	2	2	1542	1166	11557	False	False	subtitle	adj	adult	大人の
1215	замуж	2	3	2736	1168	11526	False	False	subtitle	adv	to marry (of a woman)	嫁に
1216	пустой	2	1	373	1169	11524	False	False	subtitle	adj	empty	空の
1217	лошадь	2	1	584	1170	11501	False	False	subtitle	noun	horse	馬
1218	определённо	2			1171	11501	False	True	subtitle			
1219	холодный	2	1	693	1953	6195	True	False	subtitle	adj	cold	寒い
1220	охрана	2	3	2013	1172	11500	False	False	subtitle	noun	security	警備
1221	установить	2	2	1267	1173	11496	False	False	subtitle	verb	establish	設置する
1222	ученик	2	1	514	1955	6168	True	False	subtitle	noun	pupil	生徒
1223	покончить	2			1176	11422	False	True	subtitle			
1224	обожать	2			1177	11412	False	True	subtitle			
1225	показание	2			1178	11408	False	True	subtitle			
1226	всё-таки	2	1	246	1179	11375	False	False	subtitle	part	still	それでも
1227	заслуживать	2			1180	11370	False	True	subtitle			
1228	страшно	2	2	1835	1181	11364	False	False	subtitle	predic	scary	怖い
1229	ад	2			1182	11362	False	True	subtitle			
1230	испортить	2			1183	11362	False	True	subtitle			
1231	радость	2	1	539	1184	11360	False	False	subtitle	noun	joy	喜び
1232	идеальный	2	3	2624	1185	11356	False	False	subtitle	adj	ideal	理想的な
1233	заключить	2	3	2347	1186	11347	False	False	subtitle	verb	conclude	締結する
1234	живот	2	1	625	1978	6062	True	False	subtitle	noun	belly	腹
1235	планировать	2	3	2530	1187	11345	False	False	subtitle	verb	plan	計画する
1236	ресторан	2	1	320	1188	11322	False	False	subtitle	noun	restaurant	レストラン
1237	замок	2	2	1907	1190	11293	False	False	subtitle	noun	castle	城
1238	учить	2	1	749	1191	11285	False	False	subtitle	verb	teach/learn	学ぶ
1239	близко	2	1	201	1192	11278	False	False	subtitle	adv	near	近く
1240	плевать	2			1193	11276	False	True	subtitle			
1241	американский	2	2	1203	1194	11273	False	False	subtitle	adj	American	アメリカの
1242	чертовый	2			1195	11263	False	True	subtitle			
1243	дурак	2	3	2173	1196	11242	False	False	subtitle	noun	fool	ばか
1244	партнер	2	2	1729	1197	11217	False	False	subtitle	noun	partner	相手
1245	кой	2	3	2140	1198	11201	False	False	subtitle	pron	which	どの
1246	мечтать	2	1	508	1199	11196	False	False	subtitle	verb	dream	夢見る
1247	прощать	2	1	778	1200	11194	False	False	subtitle	verb	forgive	許す
1248	правительство	2	2	1113	1201	11183	False	False	subtitle	noun	government	政府
1249	бой	2	2	1258	1202	11168	False	False	subtitle	noun	battle	戦闘
1250	научить	2	3	2642	1203	11160	False	False	subtitle	verb	teach	教える
1251	грудь	2	1	624	1204	11154	False	False	subtitle	noun	chest	胸
1252	эми	2			1208	11131	False	True	subtitle			
1253	сохранить	2	2	1711	1209	11127	False	False	subtitle	verb	preserve	保存する
1254	событие	2	2	1109	1210	11125	False	False	subtitle	noun	event	出来事
1255	величество	2			1211	11112	False	True	subtitle			
1256	гарри	2	3	2611	1212	11101	False	False	subtitle	noun	Harry (name)	ハリー
1257	постель	2	2	1950	1213	11099	False	False	subtitle	noun	bed	寝床
1258	преступник	2	1	523	1214	11097	False	False	subtitle	noun	criminal	犯罪者
1259	неправильно	2	1	999	1215	11096	False	False	subtitle	adv	incorrectly	間違って
1260	горло	2	3	2641	2026	5926	True	False	subtitle	noun	throat	喉
1261	богатый	2	2	1594	1216	11087	False	False	subtitle	adj	rich	裕福な
1262	улика	2			1217	11082	False	True	subtitle			
1263	разрешить	2	1	469	1218	11060	False	False	subtitle	verb	permit	許可する
1264	включить	2	1	799	1219	11045	False	False	subtitle	verb	turn on	つける
1265	рынок	2	1	637	2032	5879	True	False	subtitle	noun	market	市場
1266	лично	2	2	1545	1220	11035	False	False	subtitle	adv	personally	個人的に
1267	район	2	1	886	1221	11030	False	False	subtitle	noun	district	地区
1268	напасть	2	1	822	1222	11023	False	False	subtitle	verb	attack	攻撃する
1269	лодка	2	2	1938	1223	11009	False	False	subtitle	noun	boat	舟
1270	тема	2	2	1063	1224	11008	False	False	subtitle	noun	topic	テーマ
1271	кость	2	3	2589	1225	11007	False	False	subtitle	noun	bone	骨
1272	подать	2	2	1874	1226	10999	False	False	subtitle	verb	submit	提出する
1273	прием	2	2	1474	1227	10994	False	False	subtitle	noun	reception	受付
1274	участок	2	2	1587	1228	10993	False	False	subtitle	noun	plot	区画
1275	выбраться	2			1230	10979	False	True	subtitle			
1276	разумеется	2	2	1591	1231	10967	False	False	subtitle	adv	of course	もちろん
1277	восемь	2	2	1764	1232	10963	False	False	subtitle	num	eight	八
1278	поступать	2	2	1841	1233	10956	False	False	subtitle	verb	act	行動する
1279	видимо	2	2	1400	1234	10954	False	False	subtitle	adv	apparently	どうやら
1280	убедить	2	3	2428	1235	10940	False	False	subtitle	verb	convince	説得する
1281	менее	2	2	1110	1236	10937	False	False	subtitle	adv	less	より少なく
1282	студент	2	1	513	2060	5770	True	False	subtitle	noun	student	学生
1283	хм	2			1237	10923	False	True	subtitle			
1284	рабочий	2	2	1104	1238	10910	False	False	subtitle	noun	worker	労働者
1285	вкус	2	1	632	1239	10881	False	False	subtitle	noun	taste	味
1286	забирать	2			1240	10867	False	True	subtitle			
1287	признаться	2	3	2443	1241	10860	False	False	subtitle	verb	confess	告白する
1288	труп	2	3	2539	1242	10857	False	False	subtitle	noun	corpse	死体
1289	среда	2	2	1257	2071	5724	True	False	subtitle	noun	environment	環境
1290	необходимо	2	2	1180	1243	10838	False	False	subtitle	predic	necessary	必要である
1291	генерал	2	2	1425	1244	10823	False	False	subtitle	noun	general	将軍
1292	беспокоить	2			1245	10815	False	True	subtitle			
1293	записать	2	1	803	1246	10815	False	False	subtitle	verb	write down	書き留める
1294	стоп	2			1248	10807	False	True	subtitle			
1295	база	2	2	1309	1249	10789	False	False	subtitle	noun	base	基盤
1296	картина	2	1	920	1251	10747	False	False	subtitle	noun	painting	絵画
1297	сметь	2			1252	10747	False	True	subtitle			
1298	граница	2	1	644	1253	10741	False	False	subtitle	noun	border	国境
1299	переехать	2			1254	10741	False	True	subtitle			
1300	сумка	2	1	606	1255	10731	False	False	subtitle	noun	bag	バッグ
1301	расти	2	1	758	1256	10722	False	False	subtitle	verb	grow	成長する
1302	вырасти	2	1	759	1257	10720	False	False	subtitle	verb	grow up	成長する
1303	условие	2	1	548	1258	10713	False	False	subtitle	noun	condition	条件
1304	марк	2	2	1046	1259	10696	False	False	subtitle	noun	Mark (name)	マルク(人名)
1305	человеческий	2	2	1158	1260	10654	False	False	subtitle	adj	human	人間の
1306	хранить	2	3	2733	1261	10635	False	False	subtitle	verb	keep, store	保管する
1307	медсестра	2			2103	5596	True	True	subtitle			
1308	забывать	2	1	406	1262	10629	False	False	subtitle	verb	forget	忘れる
1309	хлеб	2	1	179	2104	5596	True	False	subtitle	noun	bread	パン
1310	пользоваться	2	2	1265	1263	10617	False	False	subtitle	verb	use	利用する
1311	тайна	2	2	1786	1264	10601	False	False	subtitle	noun	secret	秘密
1312	вина	2	1	943	1265	10598	False	False	subtitle	noun	guilt	罪悪感
1313	поесть	2			1266	10597	False	True	subtitle			
1314	март	2	2	1216	2111	5578	True	False	subtitle	noun	March	3月
1315	задать	2	3	2010	1267	10588	False	False	subtitle	verb	ask	尋ねる
1316	отчет	2	3	2197	1268	10565	False	False	subtitle	noun	report	報告書
1317	угол	2	1	960	1269	10558	False	False	subtitle	noun	corner/angle	角
1318	случайно	2	1	986	1270	10547	False	False	subtitle	adv	accidentally	偶然に
1319	название	2	2	1183	1271	10500	False	False	subtitle	noun	name	名称
1320	экзамен	2	1	915	2119	5550	True	False	subtitle	noun	exam	試験
1321	месье	2			1272	10497	False	True	subtitle			
1322	выше	2	3	2938	1273	10496	False	False	subtitle	adv	higher	より高く
1323	однако	2	2	1017	1274	10495	False	False	subtitle	conj	however	しかし
1324	доставить	2	3	2668	1276	10461	False	False	subtitle	verb	deliver	届ける
1325	вовсе	2	2	1355	1277	10457	False	False	subtitle	adv	at all	全く〜ない
1326	ход	2	2	1156	1278	10453	False	False	subtitle	noun	course, move	動き
1327	присоединиться	2			1279	10431	False	True	subtitle			
1328	пьяный	2	1	386	1280	10421	False	False	subtitle	adj	drunk	酔った
1329	запомнить	2	3	2790	1281	10400	False	False	subtitle	verb	memorize	覚える
1330	многий	2	2	1038	1282	10388	False	False	subtitle	det	many	多くの
1331	тупой	2	1	702	1283	10387	False	False	subtitle	adj	dull/stupid	鈍い
1332	осторожно	2	3	2162	1284	10376	False	False	subtitle	adv	carefully	慎重に
1333	сотня	2	2	1585	1285	10375	False	False	subtitle	noun	hundred	百ほど
1334	правильный	2	2	1377	1286	10372	False	False	subtitle	adj	correct	正しい
1335	попытка	2	2	1302	1288	10363	False	False	subtitle	noun	attempt	試み
1336	успех	2	2	1217	1289	10362	False	False	subtitle	noun	success	成功
1337	коробка	2	3	2492	1290	10325	False	False	subtitle	noun	box	箱
1338	выпустить	2	3	2065	1291	10315	False	False	subtitle	verb	release	発売する
1339	нуждаться	2	1	465	1292	10306	False	False	subtitle	verb	need	必要とする
1340	разрушить	2	3	2886	1293	10306	False	False	subtitle	verb	destroy	破壊する
1341	ездить	2	1	445	1294	10292	False	False	subtitle	verb	travel	通う
1342	госпожа	2			1295	10280	False	True	subtitle			
1343	сыр	2	1	664	2159	5427	True	False	subtitle	noun	cheese	チーズ
1344	находить	2	2	1521	1296	10265	False	False	subtitle	verb	find	見つける
1345	проиграть	2	1	826	1297	10262	False	False	subtitle	verb	lose game	負ける
1346	понедельник	2	3	2332	2164	5413	True	False	subtitle	noun	Monday	月曜日
1347	победа	2	1	907	1300	10233	False	False	subtitle	noun	victory	勝利
1348	заказать	2			1301	10212	False	True	subtitle			
1349	поцелуй	2	1	862	1302	10210	False	False	subtitle	noun	kiss	キス
1350	требовать	2	1	787	1303	10208	False	False	subtitle	verb	demand	要求する
1351	ого	2			1304	10204	False	True	subtitle			
1352	детский	2	2	1248	1305	10196	False	False	subtitle	adj	children's	子供の
1353	кусок	2	2	1947	1306	10189	False	False	subtitle	noun	piece	一片
1354	волновать	2			1307	10186	False	True	subtitle			
1355	ха	2			1308	10184	False	True	subtitle			
1356	поддерживать	2	2	1485	1309	10182	False	False	subtitle	verb	support	支える
1357	нечто	2	2	1618	1310	10164	False	False	subtitle	pron	something	何か
1358	расстроить	2			1311	10157	False	True	subtitle			
1359	лететь	2	1	446	1312	10113	False	False	subtitle	verb	fly	飛ぶ
1360	кожа	2	1	626	1313	10098	False	False	subtitle	noun	skin	皮膚
1361	роман	2	1	923	1314	10095	False	False	subtitle	noun	novel	小説
1362	проверять	2	1	487	1315	10086	False	False	subtitle	verb	check	確認する
1363	проект	2	1	911	1316	10083	False	False	subtitle	noun	project	計画
1364	освободить	2	3	2758	1317	10062	False	False	subtitle	verb	free, release	解放する
1365	нанять	2			1318	10060	False	True	subtitle			
1366	помешать	2			1320	10053	False	True	subtitle			
1367	энергия	2	1	657	1321	10042	False	False	subtitle	noun	energy	エネルギー
1368	исправить	2			1322	10029	False	True	subtitle			
1369	опыт	2	1	950	1323	10020	False	False	subtitle	noun	experience	経験
1370	обращаться	2	2	1458	1324	10014	False	False	subtitle	verb	turn to, address	訴える
1371	общество	2	2	1054	1325	10003	False	False	subtitle	noun	society	社会
1372	перезвонить	2			1326	9985	False	True	subtitle			
1373	скрывать	2	3	2446	1327	9980	False	False	subtitle	verb	hide	隠す
1374	трубка	2	2	1749	1329	9945	False	False	subtitle	noun	tube	管
1375	сыграть	2	3	2264	1330	9942	False	False	subtitle	verb	play	演じる
1376	танец	2	3	2482	1331	9939	False	False	subtitle	noun	dance	踊り
1377	управление	2	2	1092	1332	9907	False	False	subtitle	noun	management	管理
1378	реальный	2	2	1185	1333	9905	False	False	subtitle	adj	real	現実の
1379	стул	2	1	172	2222	5241	True	False	subtitle	noun	chair	椅子
1380	услуга	2	1	639	1334	9905	False	False	subtitle	noun	service	サービス
1381	молчать	2	2	1572	1335	9896	False	False	subtitle	verb	be silent	黙る
1382	поддержка	2	2	1276	1336	9887	False	False	subtitle	noun	support	支援
1383	доступ	2	2	1867	1337	9860	False	False	subtitle	noun	access	アクセス
1384	париж	2	2	1992	1338	9828	False	False	subtitle	noun	Paris	パリ
1385	вау	2			1339	9823	False	True	subtitle			
1386	часы	2	1	614	1340	9819	False	False	subtitle	noun	watch/clock	時計
1387	глава	2	2	1115	1341	9810	False	False	subtitle	noun	chapter, head	章
1388	русский	2	1	374	1343	9800	False	False	subtitle	adj	Russian	ロシアの
1389	задание	2	2	1880	1344	9797	False	False	subtitle	noun	task	課題
1390	крыша	2	1	598	1345	9755	False	False	subtitle	noun	roof	屋根
1391	уважение	2	1	940	1346	9749	False	False	subtitle	noun	respect	尊敬
1392	наверно	2	3	2564	1347	9737	False	False	subtitle	adv	probably	たぶん
1393	озеро	2	1	897	2246	5177	True	False	subtitle	noun	lake	湖
1394	сука	2			1348	9734	False	True	subtitle			
1395	анна	2	2	1850	1349	9731	False	False	subtitle	noun	Anna	アンナ
1396	дон	2	3	2748	1350	9727	False	False	subtitle	noun	Don (river)	ドン川
1397	видео	2			1351	9725	False	True	subtitle			
1398	участвовать	2	2	1536	1352	9710	False	False	subtitle	verb	participate	参加する
1399	лаборатория	2	3	2764	1353	9709	False	False	subtitle	noun	laboratory	研究室
1400	верный	2	1	376	1354	9701	False	False	subtitle	adj	faithful/correct	正しい
1401	обсуждать	2	3	2016	1355	9691	False	False	subtitle	verb	discuss	話し合う
1402	вечно	2	3	2977	1356	9685	False	False	subtitle	adv	eternally, always	永遠に
1403	запах	2	2	1783	1357	9683	False	False	subtitle	noun	smell	匂い
1404	классный	2			1358	9677	False	True	subtitle			
1405	тётя	2	1	845	1359	9653	False	False	subtitle	noun	aunt	叔母
1406	поскольку	2	2	1087	1360	9646	False	False	subtitle	conj	since, because	なので
1407	женатый	2			1361	9641	False	True	subtitle			
1408	процесс	2	2	1034	1362	9641	False	False	subtitle	noun	process	過程
1409	мешать	2	2	1613	1363	9634	False	False	subtitle	verb	hinder	妨げる
1410	движение	2	1	954	1365	9627	False	False	subtitle	noun	movement	動き
1411	темный	2	2	1459	1366	9609	False	False	subtitle	adj	dark	暗い
1412	менять	2	1	755	1367	9601	False	False	subtitle	verb	change	変える
1413	весьма	2	2	1190	1368	9599	False	False	subtitle	adv	very	非常に
1414	оу	2			1369	9587	False	True	subtitle			
1415	глупо	2			1370	9581	False	True	subtitle			
1416	тратить	2	3	2648	1372	9574	False	False	subtitle	verb	spend	使う
1417	диван	2	3	2560	2287	5038	True	False	subtitle	noun	sofa	ソファ
1418	отпечаток	2			1373	9569	False	True	subtitle			
1419	неприятность	2			1374	9568	False	True	subtitle			
1420	снаружи	2	1	967	1375	9563	False	False	subtitle	adv	outside	外側で
1421	подружка	2			1376	9554	False	True	subtitle			
1422	сто	2	2	1513	1377	9536	False	False	subtitle	num	hundred	百
1423	исследование	2	2	1167	1378	9534	False	False	subtitle	noun	research	研究
1424	общаться	2	3	2049	1379	9534	False	False	subtitle	verb	communicate	交流する
1425	кино	2	2	1772	1380	9528	False	False	subtitle	noun	cinema	映画
1426	бутылка	2	2	1633	1381	9486	False	False	subtitle	noun	bottle	瓶
1427	сегодняшний	2	2	1647	1382	9474	False	False	subtitle	adj	today's	今日の
1428	круг	2	1	959	1383	9470	False	False	subtitle	noun	circle	円
1429	прочитать	2	2	1576	1384	9467	False	False	subtitle	verb	read	読む
1430	чудо	2	2	1756	1385	9466	False	False	subtitle	noun	miracle	奇跡
1431	преследовать	2			1386	9464	False	True	subtitle			
1432	семейный	2	2	1894	1387	9443	False	False	subtitle	adj	family	家族の
1433	особый	2	2	1152	1389	9433	False	False	subtitle	adj	special	特別な
1434	ранить	2			1391	9423	False	True	subtitle			
1435	возможный	2	1	349	1392	9416	False	False	subtitle	adj	possible	可能な
1436	голодный	2			1393	9415	False	True	subtitle			
1437	примерно	2	2	1336	1394	9409	False	False	subtitle	adv	approximately	だいたい
1438	хозяин	2	1	526	1396	9403	False	False	subtitle	noun	host/owner	主人
1439	лондон	2	3	2817	1397	9398	False	False	subtitle	noun	London	ロンドン
1440	погода	2	1	894	2329	4962	True	False	subtitle	noun	weather	天気
1441	побрать	2			1398	9393	False	True	subtitle			
1442	начинаться	2	2	1424	1399	9367	False	False	subtitle	verb	begin (intrans)	始まる
1443	когда-либо	2			1400	9362	False	True	subtitle			
1444	зал	2	2	1260	1401	9361	False	False	subtitle	noun	hall	ホール
1445	поездка	2	1	865	1402	9357	False	False	subtitle	noun	trip	旅行
1446	шлюха	2			1403	9351	False	True	subtitle			
1447	сражаться	2			1404	9339	False	True	subtitle			
1448	извиниться	2			1405	9337	False	True	subtitle			
1449	страдать	2	2	1975	1406	9331	False	False	subtitle	verb	suffer	苦しむ
1450	собирать	2	2	1940	1407	9326	False	False	subtitle	verb	collect	集める
1451	видеться	2			1409	9312	False	True	subtitle			
1452	подарить	2	3	2344	1410	9312	False	False	subtitle	verb	give	贈る
1453	шея	2	1	621	1411	9308	False	False	subtitle	noun	neck	首
1454	анализ	2	2	1299	1412	9307	False	False	subtitle	noun	analysis	分析
1455	пережить	2	3	2636	1413	9307	False	False	subtitle	verb	survive, live through	生き延びる
1456	подняться	2	2	1434	1414	9303	False	False	subtitle	verb	rise	上がる
1457	интерес	2	1	939	1415	9290	False	False	subtitle	noun	interest	興味
1458	воспоминание	2	2	1805	1416	9278	False	False	subtitle	noun	memory	記憶
1459	контролировать	2	3	2584	1417	9273	False	False	subtitle	verb	control	管理する
1460	вкусный	2			2362	4893	True	True	subtitle			
1461	число	2	2	1029	1418	9259	False	False	subtitle	noun	number	数
1462	беременный	2			1419	9258	False	True	subtitle			
1463	миля	2			1420	9258	False	True	subtitle			
1464	сдать	2	3	2511	1421	9255	False	False	subtitle	verb	hand in, pass	提出する
1465	слух	2	2	1985	1422	9233	False	False	subtitle	noun	rumor	噂
1466	добиться	2	2	1744	1423	9228	False	False	subtitle	verb	achieve	達成する
1467	угадать	2			1425	9218	False	True	subtitle			
1468	вера	2	2	1316	1426	9216	False	False	subtitle	noun	faith	信仰
1469	прятаться	2			1427	9215	False	True	subtitle			
1470	ценить	2			1428	9209	False	True	subtitle			
1471	левый	2	1	341	1429	9200	False	False	subtitle	adj	left	左の
1472	продукт	2	2	1194	2382	4820	True	False	subtitle	noun	product	製品
1473	устраивать	2	3	2163	1430	9195	False	False	subtitle	verb	arrange	手配する
1474	пустить	2	3	2725	1431	9192	False	False	subtitle	verb	let go, let in	通す
1475	возражать	2			1432	9185	False	True	subtitle			
1476	заявление	2	2	1630	1434	9151	False	False	subtitle	noun	statement	声明
1477	скорость	2	1	875	1435	9151	False	False	subtitle	noun	speed	速度
1478	служить	2	2	1291	1436	9119	False	False	subtitle	verb	serve	仕える
1479	воспользоваться	2	3	2196	1437	9117	False	False	subtitle	verb	use	利用する
1480	карьера	2	3	2785	1438	9114	False	False	subtitle	noun	career	キャリア
1481	занятие	2	2	1412	1439	9107	False	False	subtitle	noun	occupation, lesson	授業
1482	средство	2	2	1052	1440	9098	False	False	subtitle	noun	means	手段
1483	видно	2	2	1329	1441	9097	False	False	subtitle	predic	visible, apparently	見える
1484	назначить	2	2	1900	1442	9093	False	False	subtitle	verb	appoint	任命する
1485	скажем	2	2	1840	1443	9089	False	False	subtitle	part	let us say	例えば
1486	извиняться	2			1444	9082	False	True	subtitle			
1487	ящик	2	2	1905	1445	9075	False	False	subtitle	noun	box	箱
1488	глубокий	2	1	689	1446	9074	False	False	subtitle	adj	deep	深い
1489	разрешение	2	2	1821	1447	9062	False	False	subtitle	noun	permission	許可
1490	перевести	2	3	2129	1448	9060	False	False	subtitle	verb	translate	翻訳する
1491	предупредить	2			1449	9059	False	True	subtitle			
1492	температура	2	1	678	2415	4710	True	False	subtitle	noun	temperature	温度
1493	сукин	2			1450	9053	False	True	subtitle			
1494	длинный	2	1	684	1451	9051	False	False	subtitle	adj	long	長い
1495	ранее	2	2	1930	1452	9050	False	False	subtitle	adv	earlier	以前
1496	кларк	2			1453	9047	False	True	subtitle			
1497	конченый	2			1454	9046	False	True	subtitle			
1498	размер	2	1	634	1455	9029	False	False	subtitle	noun	size	大きさ
1499	рисковать	2			1456	9027	False	True	subtitle			
1500	джентльмен	2			1457	9019	False	True	subtitle			
1501	хрен	2			1458	9015	False	True	subtitle			
1502	вызов	2	3	2762	1459	9014	False	False	subtitle	noun	call, challenge	呼び出し
1503	иисус	2	3	2947	1460	9014	False	False	subtitle	noun	Jesus	イエス
1504	шкаф	2	3	2893	2434	4676	True	False	subtitle	noun	wardrobe, cupboard	戸棚
1505	источник	2	2	1237	1461	8995	False	False	subtitle	noun	source	源
1506	возвращение	2	3	2256	1462	8987	False	False	subtitle	noun	return	帰還
1507	код	2	3	2579	1463	8971	False	False	subtitle	noun	code	コード
1508	полковник	2	3	2063	1464	8963	False	False	subtitle	noun	colonel	大佐
1509	забавно	2			1466	8941	False	True	subtitle			
1510	зарплата	2	2	1998	2444	4658	True	False	subtitle	noun	salary	給料
1511	влюбить	2			1467	8939	False	True	subtitle			
1512	одинокий	2	3	2781	1468	8931	False	False	subtitle	adj	lonely	孤独な
1513	внизу	2	1	974	1469	8929	False	False	subtitle	adv	below	下に
1514	случаться	2	3	2386	1470	8927	False	False	subtitle	verb	happen	起こる
1515	трава	2	1	588	2451	4650	True	False	subtitle	noun	grass	草
1516	зависеть	2	2	1332	1471	8918	False	False	subtitle	verb	depend	依存する
1517	медицинский	2	1	722	1473	8909	False	False	subtitle	adj	medical	医療の
1518	деревня	2	1	887	1474	8906	False	False	subtitle	noun	village	村
1519	предать	2			1475	8902	False	True	subtitle			
1520	посадить	2	3	2747	1476	8891	False	False	subtitle	verb	plant, seat	植える
1521	отдыхать	2	3	2786	2461	4638	True	False	subtitle	verb	rest	休む
1522	вряд	2	2	1780	1477	8882	False	False	subtitle	part	unlikely	おそらくない
1523	ботинок	2			2462	4636	True	True	subtitle			
1524	срок	2	2	1207	1478	8863	False	False	subtitle	noun	term, deadline	期限
1525	построить	2	2	1446	1480	8834	False	False	subtitle	verb	build	建てる
1526	ответственность	2	2	1490	1482	8822	False	False	subtitle	noun	responsibility	責任
1527	детство	2	2	1583	1483	8814	False	False	subtitle	noun	childhood	幼年期
1528	этаж	2	1	597	1484	8808	False	False	subtitle	noun	floor	階
1529	мария	2	3	2047	1485	8807	False	False	subtitle	noun	Maria	マリア
1530	слабый	2	1	353	1486	8803	False	False	subtitle	adj	weak	弱い
1531	малый	2	2	1408	1487	8800	False	False	subtitle	adj	small	小さい
1532	трое	2	3	2291	1488	8796	False	False	subtitle	num	three people	三人
1533	люк	2			1489	8795	False	True	subtitle			
1534	напоминать	2	2	1489	1491	8785	False	False	subtitle	verb	remind	思い出させる
1535	гей	2			1492	8781	False	True	subtitle			
1536	пахнуть	2	1	832	1493	8776	False	False	subtitle	verb	smell	匂う
1537	зелёный	2	1	367	1494	8772	False	False	subtitle	adj	green	緑の
1538	юный	2	3	2510	1495	8764	False	False	subtitle	adj	young	若い
1539	обувь	2	1	611	2493	4541	True	False	subtitle	noun	shoes	靴
1540	запереть	2			1497	8747	False	True	subtitle			
1541	воля	2	2	1369	1498	8743	False	False	subtitle	noun	will	意志
1542	праздник	2	1	853	1499	8733	False	False	subtitle	noun	holiday	祝日
1543	учитывать	2	2	1912	1500	8724	False	False	subtitle	verb	consider	考慮する
1544	количество	2	2	1077	1501	8719	False	False	subtitle	noun	quantity	数量
1545	глупость	2	3	2989	1502	8716	False	False	subtitle	noun	stupidity	愚かさ
1546	остановка	2	1	873	2504	4521	True	False	subtitle	noun	stop	停留所
1547	угрожать	2			1504	8701	False	True	subtitle			
1548	взрыв	2	3	2221	1505	8698	False	False	subtitle	noun	explosion	爆発
1549	великолепный	2	3	2882	1506	8693	False	False	subtitle	adj	magnificent	素晴らしい
1550	несмотря	2	2	1264	1508	8687	False	False	subtitle	prep	despite	にもかかわらず
1551	кое-кто	2			1509	8683	False	True	subtitle			
1552	отдохнуть	2			1510	8675	False	True	subtitle			
1553	умолять	2			1511	8674	False	True	subtitle			
1554	беда	2	2	1889	1512	8671	False	False	subtitle	noun	trouble	災難
1555	проклятие	2			1513	8649	False	True	subtitle			
1556	помощник	2	3	2585	1514	8634	False	False	subtitle	noun	assistant	助手
1557	открытый	2	1	391	1518	8588	False	False	subtitle	adj	open	開いた
1558	чёртов	2			1519	8587	False	True	subtitle			
1559	задний	2	3	2157	1520	8558	False	False	subtitle	adj	rear	後ろの
1560	колено	2	2	1685	1521	8554	False	False	subtitle	noun	knee	膝
1561	принцесса	2			1522	8550	False	True	subtitle			
1562	док	2			1524	8530	False	True	subtitle			
1563	роза	2	3	2993	1525	8527	False	False	subtitle	noun	rose	バラ
1564	искусство	2	1	919	1526	8520	False	False	subtitle	noun	art	芸術
1565	принц	2			1528	8511	False	True	subtitle			
1566	сша	2	2	1166	1529	8506	False	False	subtitle	noun	USA	アメリカ合衆国
1567	крупный	2	2	1189	1530	8489	False	False	subtitle	adj	large	大きな
1568	пожалуй	2	2	1784	1531	8482	False	False	subtitle	part	perhaps	たぶん
1569	домашний	2	2	1646	1532	8473	False	False	subtitle	adj	home	家庭の
1570	мамочка	2			1533	8473	False	True	subtitle			
1571	курить	2	3	2325	1534	8465	False	False	subtitle	verb	smoke	喫煙する
1572	лить	2			1535	8451	False	True	subtitle			
1573	встречать	2	1	480	1536	8440	False	False	subtitle	verb	meet	会う
1574	путешествовать	2			2561	4409	True	True	subtitle			
1575	борьба	2	2	1195	1537	8435	False	False	subtitle	noun	struggle	闘争
1576	заслужить	2			1538	8427	False	True	subtitle			
1577	инспектор	2			1539	8415	False	True	subtitle			
1578	вверх	2	2	1632	1540	8413	False	False	subtitle	adv	upward	上へ
1579	дойти	2	2	1838	1542	8399	False	False	subtitle	verb	reach	たどり着く
1580	папочка	2			1543	8391	False	True	subtitle			
1581	отвратительный	2			1544	8390	False	True	subtitle			
1582	путешествие	2	1	864	1545	8387	False	False	subtitle	noun	journey	旅行
1583	приносить	2	2	1814	1546	8374	False	False	subtitle	verb	bring	持ってくる
1584	наслаждаться	2			1548	8371	False	True	subtitle			
1585	добавить	2	2	1286	1550	8365	False	False	subtitle	verb	add	加える
1586	журнал	2	1	924	1551	8363	False	False	subtitle	noun	magazine	雑誌
1587	застрелить	2			1552	8360	False	True	subtitle			
1588	давление	2	2	1941	1553	8357	False	False	subtitle	noun	pressure	圧力
1589	век	2	2	1085	1555	8346	False	False	subtitle	noun	century	世紀
1590	виновный	2			1556	8346	False	True	subtitle			
1591	дешёвый	2	1	362	2594	4351	True	False	subtitle	adj	cheap	安い
1592	телевизор	2	1	654	1557	8340	False	False	subtitle	noun	television	テレビ
1593	безумие	2			1560	8330	False	True	subtitle			
1594	днк	2			1561	8327	False	True	subtitle			
1595	недостаточно	2	3	2953	1562	8283	False	False	subtitle	predic	not enough	不十分だ
1596	потратить	2			1563	8282	False	True	subtitle			
1597	снег	2	1	337	2609	4326	True	False	subtitle	noun	snow	雪
1598	грузовик	2			1566	8264	False	True	subtitle			
1599	холодильник	2			2611	4325	True	True	subtitle			
1600	птица	2	1	586	1567	8244	False	False	subtitle	noun	bird	鳥
1601	данный	2	2	1062	1568	8238	False	False	subtitle	adj	given	この
1602	проклятый	2			1569	8230	False	True	subtitle			
1603	суп	2	1	662	2618	4314	True	False	subtitle	noun	soup	スープ
1604	перейти	2	2	1614	1571	8221	False	False	subtitle	verb	cross over	移る
1605	шериф	2			1572	8217	False	True	subtitle			
1606	коллега	2	1	510	1573	8216	False	False	subtitle	noun	colleague	同僚
1607	когда-то	2	1	230	1574	8201	False	False	subtitle	adv	sometime	いつか
1608	наверху	2	1	975	1575	8198	False	False	subtitle	adv	upstairs	上に
1609	ангел	2	3	2614	1577	8172	False	False	subtitle	noun	angel	天使
1610	тёплый	2	1	692	2629	4288	True	False	subtitle	adj	warm	暖かい
1611	едва	2	2	1406	1578	8165	False	False	subtitle	adv	barely	かろうじて
1612	личность	2	2	1381	1579	8156	False	False	subtitle	noun	personality	人格
1613	заработать	2	3	2488	1580	8154	False	False	subtitle	verb	earn	稼ぐ
1614	мэр	2			1581	8154	False	True	subtitle			
1615	спустя	2	2	1810	1582	8150	False	False	subtitle	prep	after	後に
1616	отвести	2			1583	8139	False	True	subtitle			
1617	младший	2	3	2078	1584	8138	False	False	subtitle	adj	younger	年下の
1618	способность	2	2	1342	1585	8135	False	False	subtitle	noun	ability	能力
1619	появляться	2	1	795	1586	8133	False	False	subtitle	verb	appear	現れる
1620	зона	2	2	1684	1587	8129	False	False	subtitle	noun	zone	区域
1621	де	2	3	2184	1588	8124	False	False	subtitle	part	they say	という
1622	чашка	2			2648	4254	True	True	subtitle			
1623	опасно	2			1589	8123	False	True	subtitle			
1624	нападение	2			1591	8106	False	True	subtitle			
1625	четверг	2	3	2909	2653	4233	True	False	subtitle	noun	Thursday	木曜日
1626	невеста	2			1592	8105	False	True	subtitle			
1627	прокурор	2			1593	8105	False	True	subtitle			
1628	захватить	2	3	2301	1595	8096	False	False	subtitle	verb	capture	捕らえる
1629	рана	2			1596	8095	False	True	subtitle			
1630	привыкнуть	2	2	1866	1598	8077	False	False	subtitle	verb	get used	慣れる
1631	сахар	2	1	666	2664	4215	True	False	subtitle	noun	sugar	砂糖
1632	внутрь	2			1599	8070	False	True	subtitle			
1633	выстрел	2	3	2890	1600	8065	False	False	subtitle	noun	shot	発砲
1634	ошибиться	2			1601	8058	False	True	subtitle			
1635	борт	2	3	2691	1603	8040	False	False	subtitle	noun	board (of ship)	船側
1636	призрак	2			1604	8040	False	True	subtitle			
1637	злой	2	1	382	1605	8037	False	False	subtitle	adj	angry/evil	怒った
1638	деталь	2	2	1802	1606	8026	False	False	subtitle	noun	detail	詳細
1639	статья	2	2	1050	1607	8015	False	False	subtitle	noun	article	記事
1640	бакс	2			1608	8013	False	True	subtitle			
1641	убежать	2			1609	8009	False	True	subtitle			
1642	обвинять	2			1610	7996	False	True	subtitle			
1643	карман	2	2	1582	1611	7986	False	False	subtitle	noun	pocket	ポケット
1644	подтвердить	2	3	2327	1612	7960	False	False	subtitle	verb	confirm	確認する
1645	смешной	2	1	356	1613	7959	False	False	subtitle	adj	funny	面白い
1646	чертовски	2			1614	7946	False	True	subtitle			
1647	пугать	2			1616	7923	False	True	subtitle			
1648	золотой	2	2	1456	1617	7920	False	False	subtitle	adj	golden	金の
1649	теория	2	2	1285	1619	7898	False	False	subtitle	noun	theory	理論
1650	таковой	2	3	2398	1620	7884	False	False	subtitle	pron	such	そのような
1651	уважать	2	3	2672	1621	7883	False	False	subtitle	verb	respect	尊敬する
1652	ёто	2			1622	7882	False	True	subtitle			
1653	мена	2			1623	7867	False	True	subtitle			
1654	существо	2	2	1420	1624	7860	False	False	subtitle	noun	creature, being	生き物
1655	сознание	2	2	1234	1625	7858	False	False	subtitle	noun	consciousness	意識
1656	английский	2	1	375	1626	7856	False	False	subtitle	adj	English	英語の
1657	везде	2	3	2127	1628	7850	False	False	subtitle	adv	everywhere	どこでも
1658	подходящий	2			1629	7849	False	True	subtitle			
1659	схватить	2	3	2336	1630	7847	False	False	subtitle	verb	grab	つかむ
1660	готовиться	2	2	1935	1632	7831	False	False	subtitle	verb	prepare	準備する
1661	сомнение	2	1	942	1633	7820	False	False	subtitle	noun	doubt	疑い
1662	мм	2			1634	7812	False	True	subtitle			
1663	сеть	2	2	1209	1635	7810	False	False	subtitle	noun	network	ネットワーク
1664	рак	2			1636	7794	False	True	subtitle			
1665	кошмар	2			1637	7790	False	True	subtitle			
1666	девять	2	3	2358	1638	7784	False	False	subtitle	num	nine	九
1667	побыть	2			1639	7764	False	True	subtitle			
1668	фирма	2	2	1230	1640	7758	False	False	subtitle	noun	firm	会社
1669	поведение	2	2	1290	1641	7751	False	False	subtitle	noun	behavior	行動
1670	мяч	2			1642	7750	False	True	subtitle			
1671	ночной	2	2	1734	1643	7749	False	False	subtitle	adj	nightly	夜の
1672	потрясающе	2			1645	7740	False	True	subtitle			
1673	двор	2	1	595	1646	7734	False	False	subtitle	noun	yard	庭
1674	полно	2			1647	7721	False	True	subtitle			
1675	неправда	2			1648	7718	False	True	subtitle			
1676	товарищ	2	2	1232	1649	7711	False	False	subtitle	noun	comrade	同志
1677	драться	2			1650	7707	False	True	subtitle			
1678	честной	2			1651	7705	False	True	subtitle			
1679	отменить	2			1652	7682	False	True	subtitle			
1680	норма	2	2	1512	1653	7672	False	False	subtitle	noun	norm	規範
1681	почта	2	3	2270	1654	7663	False	False	subtitle	noun	mail	郵便
1682	вторник	2	3	2937	2757	4014	True	False	subtitle	noun	Tuesday	火曜日
1683	луна	2	1	334	1655	7641	False	False	subtitle	noun	moon	月
1684	настроение	2	1	948	1656	7637	False	False	subtitle	noun	mood	気分
1685	секретный	2			1658	7624	False	True	subtitle			
1686	польза	2	2	1611	1659	7606	False	False	subtitle	noun	benefit	利益
1687	напомнить	2	3	2018	1660	7601	False	False	subtitle	verb	remind	思い出させる
1688	поработать	2			1662	7594	False	True	subtitle			
1689	потеря	2	2	1672	1663	7584	False	False	subtitle	noun	loss	損失
1690	предполагать	2	2	1713	1664	7572	False	False	subtitle	verb	assume	仮定する
1691	спешить	2	3	2069	1665	7572	False	False	subtitle	verb	hurry	急ぐ
1692	спрятать	2			1666	7564	False	True	subtitle			
1693	задавать	2	3	2161	1667	7554	False	False	subtitle	verb	ask	尋ねる
1694	пострадать	2			1668	7548	False	True	subtitle			
1695	штаны	2			1669	7543	False	True	subtitle			
1696	стиль	2	2	1510	1670	7539	False	False	subtitle	noun	style	様式
1697	женский	2	2	1395	1671	7537	False	False	subtitle	adj	female	女性の
1698	природа	2	1	895	1672	7534	False	False	subtitle	noun	nature	自然
1699	нервничать	2			1673	7521	False	True	subtitle			
1700	присесть	2			1674	7519	False	True	subtitle			
1701	притворяться	2			1675	7515	False	True	subtitle			
1702	допустить	2	2	1857	1677	7502	False	False	subtitle	verb	allow	許す
1703	ужас	2	2	1657	1678	7497	False	False	subtitle	noun	horror	恐怖
1704	соль	2	1	667	2797	3936	True	False	subtitle	noun	salt	塩
1705	похитить	2			1681	7480	False	True	subtitle			
1706	прибыть	2	2	1974	1682	7472	False	False	subtitle	verb	arrive	到着する
1707	великолепно	2			1683	7469	False	True	subtitle			
1708	безопасный	2			1684	7456	False	True	subtitle			
1709	благодарный	2			1685	7452	False	True	subtitle			
1710	по-прежнему	2			1686	7450	False	True	subtitle			
1711	автомобиль	2	2	1440	1687	7437	False	False	subtitle	noun	automobile	自動車
1712	дождаться	2			1688	7437	False	True	subtitle			
1713	модель	2	2	1229	1689	7437	False	False	subtitle	noun	model	モデル
1714	достигнуть	2	2	1710	1690	7434	False	False	subtitle	verb	reach	到達する
1715	вовремя	2			1691	7428	False	True	subtitle			
1716	интернет	2	1	647	1692	7414	False	False	subtitle	noun	internet	インターネット
1717	причинить	2			1693	7409	False	True	subtitle			
1718	выполнять	2	2	1553	1694	7405	False	False	subtitle	verb	perform	実行する
1719	зато	2	2	1461	1695	7399	False	False	subtitle	conj	but on the other hand	その代わり
1720	застрять	2			1696	7396	False	True	subtitle			
1721	контракт	2	1	910	1697	7387	False	False	subtitle	noun	contract	契約
1722	плечо	2	1	622	1698	7386	False	False	subtitle	noun	shoulder	肩
1723	выключить	2	1	801	1699	7379	False	False	subtitle	verb	turn off	消す
1724	сериал	2			1700	7375	False	True	subtitle			
1725	данные	2	2	1093	1702	7372	False	False	subtitle	noun	data	データ
1726	плюс	2	3	2044	1703	7370	False	False	subtitle	noun	plus	プラス
1727	клетка	2	3	2123	1704	7365	False	False	subtitle	noun	cell	細胞
1728	поцеловать	2	1	837	1705	7359	False	False	subtitle	verb	kiss	キスする
1729	меч	2	3	2551	1708	7349	False	False	subtitle	noun	sword	剣
1730	ерунда	2			1709	7342	False	True	subtitle			
1731	согласно	2	2	1589	1710	7342	False	False	subtitle	prep	according to	によれば
1732	пример	2	1	951	1711	7340	False	False	subtitle	noun	example	例
1733	тренер	2			1712	7338	False	True	subtitle			
1734	предпочитать	2	3	2318	1713	7326	False	False	subtitle	verb	prefer	好む
1735	падать	2	1	449	1715	7302	False	False	subtitle	verb	fall	落ちる
1736	утверждать	2	2	1497	1716	7302	False	False	subtitle	verb	assert	主張する
1737	чисто	2	3	2036	1717	7301	False	False	subtitle	adv	cleanly	きれいに
1738	срочно	2			1718	7298	False	True	subtitle			
1739	вне	2	2	1939	1719	7281	False	False	subtitle	prep	outside	の外に
1740	супер	2			1721	7266	False	True	subtitle			
1741	приказать	2	3	2183	1722	7265	False	False	subtitle	verb	order	命じる
1742	двадцать	2	2	1293	1723	7260	False	False	subtitle	num	twenty	20
1743	предел	2	2	1385	1724	7260	False	False	subtitle	noun	limit	限界
1744	дурацкий	2			1726	7251	False	True	subtitle			
1745	чудесный	2			1727	7249	False	True	subtitle			
1746	спуститься	2	3	2783	1728	7238	False	False	subtitle	verb	descend	降りる
1747	слегка	2	2	1909	1730	7224	False	False	subtitle	adv	slightly	少し
1748	наверх	2			1733	7219	False	True	subtitle			
1749	дьявол	2			1734	7214	False	True	subtitle			
1750	куртка	2			2890	3773	True	True	subtitle			
1751	чушь	2			1735	7208	False	True	subtitle			
1752	расстаться	2			1736	7206	False	True	subtitle			
1753	красиво	2			1737	7195	False	True	subtitle			
1754	необходимый	2	2	1096	1738	7194	False	False	subtitle	adj	necessary	必要な
1755	сад	2	1	594	1739	7194	False	False	subtitle	noun	garden	庭
1756	метр	2	2	1129	1740	7193	False	False	subtitle	noun	meter	メートル
1757	владелец	2	2	1887	1741	7190	False	False	subtitle	noun	owner	所有者
1758	лестница	2	1	602	1742	7190	False	False	subtitle	noun	stairs	階段
1759	золото	2	3	2388	1743	7182	False	False	subtitle	noun	gold	金
1760	трудный	2	1	357	1744	7180	False	False	subtitle	adj	difficult	難しい
1761	вселенная	2	3	2454	1745	7171	False	False	subtitle	noun	universe	宇宙
1762	обратиться	2	2	1392	1746	7166	False	False	subtitle	verb	turn to, address	訴える
1763	подниматься	2	2	1833	1747	7154	False	False	subtitle	verb	rise	上がる
1764	морской	2	2	1654	1748	7150	False	False	subtitle	adj	marine	海の
1765	полдень	2			2914	3733	True	True	subtitle			
1766	дважды	2			1749	7148	False	True	subtitle			
1767	внутренний	2	2	1137	1750	7146	False	False	subtitle	adj	internal	内部の
1768	дружище	2			1751	7141	False	True	subtitle			
1769	потрясать	2			1752	7138	False	True	subtitle			
1770	полезный	2	2	1540	1753	7134	False	False	subtitle	adj	useful	有用な
1771	пушка	2			1754	7130	False	True	subtitle			
1772	зрение	2	2	1174	1755	7127	False	False	subtitle	noun	eyesight	視力
1773	монстр	2			1756	7126	False	True	subtitle			
1774	трус	2			1757	7123	False	True	subtitle			
1775	болтать	2			1758	7118	False	True	subtitle			
1776	прямой	2	2	1320	1759	7118	False	False	subtitle	adj	straight, direct	まっすぐな
1777	сдаваться	2			1760	7112	False	True	subtitle			
1778	скучный	2			2934	3699	True	True	subtitle			
1779	разбить	2	3	2800	1761	7106	False	False	subtitle	verb	break, smash	割る
1780	кончиться	2	3	2214	1763	7086	False	False	subtitle	verb	end	終わる
1781	миссия	2			1764	7085	False	True	subtitle			
1782	тарелка	2			2941	3689	True	True	subtitle			
1783	вынудить	2	3	2756	1765	7073	False	False	subtitle	verb	force	強いる
1784	частный	2	1	716	1766	7061	False	False	subtitle	adj	private	私的な
1785	повсюду	2			1767	7056	False	True	subtitle			
1786	сдаться	2			1768	7055	False	True	subtitle			
1787	выполнить	2	2	1601	1769	7050	False	False	subtitle	verb	complete	完了する
1788	мелкий	2	2	1605	1770	7036	False	False	subtitle	adj	small	細かい
1789	упустить	2			1772	7030	False	True	subtitle			
1790	интересовать	2	3	2041	1773	7020	False	False	subtitle	verb	interest	興味を持たせる
1791	позиция	2	1	955	1774	7019	False	False	subtitle	noun	position	位置
1792	терпеть	2	3	2466	1775	7019	False	False	subtitle	verb	endure	耐える
1793	ловушка	2			1776	7016	False	True	subtitle			
1794	совпадение	2			1777	7014	False	True	subtitle			
1795	похороны	2			1779	7008	False	True	subtitle			
1796	практически	2	2	1226	1780	7004	False	False	subtitle	adv	practically	実質的に
1797	довольный	2	3	2232	1781	6997	False	False	subtitle	adj	satisfied	満足した
1798	ведьма	2			1782	6990	False	True	subtitle			
1799	авария	2	1	876	1783	6980	False	False	subtitle	noun	accident	事故
1800	жестокий	2	3	2681	1784	6977	False	False	subtitle	adj	cruel	残酷な
1801	политика	2	2	1145	1785	6977	False	False	subtitle	noun	politics	政治
1802	вампир	2			1786	6972	False	True	subtitle			
1803	опустить	2	3	2575	1787	6952	False	False	subtitle	verb	lower, omit	下ろす
1804	отдавать	2	3	2023	1789	6949	False	False	subtitle	verb	give back	返す
1805	одеваться	2			2982	3611	True	True	subtitle			
1806	франция	2	2	1453	1791	6944	False	False	subtitle	noun	France	フランス
1807	мимо	2	1	979	1792	6941	False	False	subtitle	adv	past	通り過ぎて
1808	повесить	2			1793	6938	False	True	subtitle			
1809	школьный	2	3	2261	1794	6937	False	False	subtitle	adj	school	学校の
1810	лечение	2	2	1904	1795	6935	False	False	subtitle	noun	treatment	治療
1811	битва	2	1	906	1796	6930	False	False	subtitle	noun	battle	戦闘
1812	сотрудник	2	2	1256	1797	6930	False	False	subtitle	noun	employee	職員
1813	риск	2	2	1725	1798	6927	False	False	subtitle	noun	risk	危険
1814	грех	2	3	2114	1799	6926	False	False	subtitle	noun	sin	罪
1815	короткий	2	1	683	1801	6910	False	False	subtitle	adj	short	短い
1816	ощущение	2	2	1346	1802	6909	False	False	subtitle	noun	feeling, sensation	感覚
1817	винить	2			1803	6907	False	True	subtitle			
1818	вход	2	2	1834	1804	6904	False	False	subtitle	noun	entrance	入口
1819	завести	2			1805	6904	False	True	subtitle			
1820	удобный	2	2	1927	3011	3578	True	False	subtitle	adj	convenient	便利な
1821	нет-нуть	2			1807	6892	False	True	subtitle			
1822	летать	2	3	2209	1808	6891	False	False	subtitle	verb	fly	飛ぶ
1823	лагерь	2	2	1666	1809	6889	False	False	subtitle	noun	camp	収容所
1824	тень	2	2	1643	1810	6887	False	False	subtitle	noun	shadow	影
1825	территория	2	2	1215	1811	6887	False	False	subtitle	noun	territory	領土
1826	материал	2	2	1097	1812	6867	False	False	subtitle	noun	material	材料
1827	лезть	2	3	2888	1814	6856	False	False	subtitle	verb	climb, meddle	這い出る
1828	проверка	2	3	2024	1815	6855	False	False	subtitle	noun	check	検査
1829	радио	2	1	655	1816	6846	False	False	subtitle	noun	radio	ラジオ
1830	передумать	2			1817	6835	False	True	subtitle			
1831	ме	2			1818	6832	False	True	subtitle			
1832	магия	2			1819	6828	False	True	subtitle			
1833	образец	2	3	2257	1820	6825	False	False	subtitle	noun	sample	見本
1834	особо	2	3	2224	1821	6823	False	False	subtitle	adv	especially	特に
1835	отказываться	2	1	769	1822	6809	False	False	subtitle	verb	refuse	断る
1836	шум	2	2	1919	1823	6799	False	False	subtitle	noun	noise	騒音
1837	арест	2			1824	6795	False	True	subtitle			
1838	обстоятельство	2	2	1454	1825	6785	False	False	subtitle	noun	circumstance	事情
1839	чужой	2	1	734	1826	6785	False	False	subtitle	adj	alien/other's	他人の
1840	молиться	2			1827	6779	False	True	subtitle			
1841	остальное	2	3	2330	1827	6955	False	False	raw_surface_fallback	pron	the rest	残り
1842	возле	2	2	1738	1829	6773	False	False	subtitle	prep	near	の近くに
1843	красота	2	2	1739	1830	6769	False	False	subtitle	noun	beauty	美
1844	фунт	2			1831	6768	False	True	subtitle			
1845	справляться	2			1832	6759	False	True	subtitle			
1846	торопиться	2			1833	6756	False	True	subtitle			
1847	спорить	2	3	2411	1834	6754	False	False	subtitle	verb	argue	議論する
1848	площадка	2	3	2176	3058	3510	True	False	subtitle	noun	site	会場
1849	влюбиться	2			1835	6751	False	True	subtitle			
1850	задержать	2			1836	6750	False	True	subtitle			
1851	голубой	2	3	2113	1837	6745	False	False	subtitle	adj	light blue	水色の
1852	лед	2	3	2587	1838	6741	False	False	subtitle	noun	ice	氷
1853	продажа	2	2	1441	1839	6739	False	False	subtitle	noun	sale	販売
1854	удивительно	2			1840	6739	False	True	subtitle			
1855	поблагодарить	2			1842	6733	False	True	subtitle			
1856	лечить	2	1	829	3071	3488	True	False	subtitle	verb	treat/heal	治療する
1857	прочесть	2	3	2620	1843	6730	False	False	subtitle	verb	read through	読む
1858	национальный	2	1	713	1845	6727	False	False	subtitle	adj	national	国の
1859	повторить	2	1	753	1846	6720	False	False	subtitle	verb	repeat	繰り返す
1860	стыдно	2			1847	6720	False	True	subtitle			
1861	американец	2	2	1931	1849	6706	False	False	subtitle	noun	American	アメリカ人
1862	везти	2	1	443	1850	6696	False	False	subtitle	verb	transport	運ぶ
1863	контакт	2	2	1851	1851	6691	False	False	subtitle	noun	contact	接触
1864	лидер	2	2	1661	1852	6671	False	False	subtitle	noun	leader	指導者
1865	южный	2	1	730	1853	6660	False	False	subtitle	adj	southern	南の
1866	явно	2	2	1563	1854	6650	False	False	subtitle	adv	clearly	明らかに
1867	подготовить	2	2	1995	1855	6644	False	False	subtitle	verb	prepare	準備する
1868	наблюдение	2	3	2147	1856	6637	False	False	subtitle	noun	observation	観察
1869	поддержать	2	3	2437	1858	6634	False	False	subtitle	verb	support	支持する
1870	столь	2	2	1287	1859	6633	False	False	subtitle	adv	so (much)	それほど
1871	спасать	2	1	828	1860	6617	False	False	subtitle	verb	save	救う
1872	рассчитывать	2	3	2240	1861	6616	False	False	subtitle	verb	count on	当てにする
1873	чек	2			1862	6616	False	True	subtitle			
1874	по-настоящему	2			1863	6613	False	True	subtitle			
1875	пальто	2	1	610	3106	3431	True	False	subtitle	noun	coat	コート
1876	разбираться	2			1864	6597	False	True	subtitle			
1877	разум	2	2	1981	1865	6595	False	False	subtitle	noun	reason	理性
1878	ловить	2	1	816	1866	6593	False	False	subtitle	verb	catch	捕まえる
1879	итог	2	2	1384	1867	6575	False	False	subtitle	noun	result	結果
1880	м-р	2			1868	6571	False	True	subtitle			
1881	банда	2			1869	6562	False	True	subtitle			
1882	майор	2	3	2713	1870	6559	False	False	subtitle	noun	major (rank)	少佐
1883	по-другому	2			1871	6556	False	True	subtitle			
1884	выбросить	2			1872	6553	False	True	subtitle			
1885	специальный	2	2	1289	1873	6553	False	False	subtitle	adj	special	特別な
1886	запретить	2	1	470	1875	6550	False	False	subtitle	verb	forbid	禁じる
1887	смена	2	3	2141	1876	6547	False	False	subtitle	noun	shift	交替
1888	вывести	2	3	2374	1877	6540	False	False	subtitle	verb	bring out	外へ出す
1889	округ	2	3	2238	1880	6532	False	False	subtitle	noun	district	地区
1890	симпатичный	2			1881	6531	False	True	subtitle			
1891	кусочек	2			1882	6519	False	True	subtitle			
1892	безумный	2			1883	6518	False	True	subtitle			
1893	представление	2	2	1314	1884	6508	False	False	subtitle	noun	idea, performance	概念
1894	поиграть	2			1885	6496	False	True	subtitle			
1895	фамилия	2	2	1753	1886	6494	False	False	subtitle	noun	surname	姓
1896	улыбаться	2	1	478	1887	6488	False	False	subtitle	verb	smile	微笑む
1897	прочь	2			1888	6476	False	True	subtitle			
1898	страница	2	1	925	1889	6476	False	False	subtitle	noun	page	ページ
1899	пробовать	2	3	2746	1890	6472	False	False	subtitle	verb	try	試す
1900	дерзить	2			1891	6465	False	True	subtitle			
1901	травма	2			1892	6464	False	True	subtitle			
1902	испытывать	2	2	1644	1893	6454	False	False	subtitle	verb	experience	経験する
1903	кошка	2	1	583	1894	6453	False	False	subtitle	noun	cat	猫
1904	по-твоему	2			1895	6449	False	True	subtitle			
1905	неплохой	2			1896	6445	False	True	subtitle			
1906	издеваться	2			1897	6438	False	True	subtitle			
1907	достойный	2	3	2067	1898	6436	False	False	subtitle	adj	worthy	ふさわしい
1908	отпуск	2	1	866	1899	6434	False	False	subtitle	noun	vacation	休暇
1909	французский	2	2	1427	1900	6431	False	False	subtitle	adj	French	フランスの
1910	пообещать	2			1901	6430	False	True	subtitle			
1911	игрок	2	2	1934	1902	6428	False	False	subtitle	noun	player	選手
1912	сценарий	2	3	2576	1904	6427	False	False	subtitle	noun	scenario, script	脚本
1913	атака	2	3	2119	1906	6414	False	False	subtitle	noun	attack	攻撃
1914	канал	2	2	1539	1907	6410	False	False	subtitle	noun	channel	経路
1915	впереди	2	1	976	1908	6404	False	False	subtitle	adv	ahead	前方に
1916	реально	2	3	2684	1909	6398	False	False	subtitle	adv	really	実際に
1917	демон	2			1910	6390	False	True	subtitle			
1918	пожениться	2			1911	6385	False	True	subtitle			
1919	ужинать	2			3185	3322	True	True	subtitle			
1920	зря	2	3	2601	1912	6376	False	False	subtitle	adv	in vain	無駄に
1921	бегать	2	3	2430	1914	6364	False	False	subtitle	verb	run	走る
1922	труд	2	2	1079	1915	6362	False	False	subtitle	noun	labor	労働
1923	устройство	2	2	1593	1916	6345	False	False	subtitle	noun	device	装置
1924	северный	2	1	729	1917	6343	False	False	subtitle	adj	northern	北の
1925	меняться	2	1	757	1918	6340	False	False	subtitle	verb	change	変わる
1926	руль	2			1921	6332	False	True	subtitle			
1927	создавать	2	1	762	1922	6331	False	False	subtitle	verb	create	作る
1928	копия	2	3	2915	1923	6325	False	False	subtitle	noun	copy	コピー
1929	сладкий	2	1	703	1924	6324	False	False	subtitle	adj	sweet	甘い
1930	наедине	2			1927	6318	False	True	subtitle			
1931	ммм	2			1928	6306	False	True	subtitle			
1932	отвалить	2			1929	6300	False	True	subtitle			
1933	слеза	2	1	860	1931	6287	False	False	subtitle	noun	tear	涙
1934	выступать	2	2	1479	1932	6285	False	False	subtitle	verb	perform, speak	発言する
1935	мастер	2	2	1581	1934	6282	False	False	subtitle	noun	master	達人
1936	пожар	2			1935	6281	False	True	subtitle			
1937	фабрика	2	1	901	3225	3264	True	False	subtitle	noun	factory	工場
1938	собрание	2	2	1641	1937	6266	False	False	subtitle	noun	meeting	会議
1939	организовать	2	2	1721	1938	6263	False	False	subtitle	verb	organize	組織する
1940	перерыв	2			1939	6262	False	True	subtitle			
1941	предоставить	2	3	2097	1940	6260	False	False	subtitle	verb	provide	提供する
1942	направляться	2			1941	6259	False	True	subtitle			
1943	медленно	2	1	990	1942	6242	False	False	subtitle	adv	slowly	ゆっくり
1944	извинение	2			1943	6234	False	True	subtitle			
1945	талант	2	3	2532	1944	6224	False	False	subtitle	noun	talent	才能
1946	четвертый	2	2	1843	1945	6222	False	False	subtitle	adj	fourth	第四の
1947	яблоко	2	1	670	3242	3239	True	False	subtitle	noun	apple	リンゴ
1948	развод	2	1	852	1946	6217	False	False	subtitle	noun	divorce	離婚
1949	изучать	2	1	752	1947	6209	False	False	subtitle	verb	study	研究する
1950	поживать	2			1948	6209	False	True	subtitle			
1951	вред	2	3	2921	1949	6208	False	False	subtitle	noun	harm	害
1952	холодно	2			1950	6206	False	True	subtitle			
1953	выслушать	2			1951	6196	False	True	subtitle			
1954	насилие	2	3	2752	1952	6196	False	False	subtitle	noun	violence	暴力
1955	множество	2	2	1401	1954	6175	False	False	subtitle	noun	multitude	多数
1956	обедать	2			3259	3218	True	True	subtitle			
1957	участие	2	2	1186	1956	6162	False	False	subtitle	noun	participation	参加
1958	ма	2			1958	6156	False	True	subtitle			
1959	парочка	2			1959	6153	False	True	subtitle			
1960	сигарета	2	1	675	1960	6153	False	False	subtitle	noun	cigarette	タバコ
1961	жалкий	2			1961	6151	False	True	subtitle			
1962	пирог	2			1962	6147	False	True	subtitle			
1963	дикий	2	3	2074	1963	6142	False	False	subtitle	adj	wild	野生の
1964	внезапно	2	3	2011	1964	6141	False	False	subtitle	adv	suddenly	突然
1965	англия	2	2	1891	1965	6139	False	False	subtitle	noun	England	イングランド
1966	свинья	2			1966	6137	False	True	subtitle			
1967	малышка	2			1967	6129	False	True	subtitle			
1968	партия	2	2	1130	1968	6128	False	False	subtitle	noun	party	党
1969	чудесно	2			1969	6126	False	True	subtitle			
1970	маска	2			1970	6122	False	True	subtitle			
1971	специально	2	1	987	1971	6119	False	False	subtitle	adv	on purpose	わざと
1972	версия	2	2	1460	1972	6117	False	False	subtitle	noun	version	バージョン
1973	самоубийство	2			1973	6110	False	True	subtitle			
1974	наука	2	1	918	1974	6107	False	False	subtitle	noun	science	科学
1975	сумма	2	2	1403	1975	6101	False	False	subtitle	noun	sum	合計
1976	обмануть	2	1	775	1976	6085	False	False	subtitle	verb	deceive	だます
1977	сжечь	2			1977	6085	False	True	subtitle			
1978	строить	2	1	742	1979	6060	False	False	subtitle	verb	build	建てる
1979	направление	2	2	1160	1980	6058	False	False	subtitle	noun	direction	方向
1980	кот	2	3	2182	1981	6057	False	False	subtitle	noun	cat	猫
1981	творить	2			1982	6057	False	True	subtitle			
1982	реальность	2	2	1671	1983	6054	False	False	subtitle	noun	reality	現実
1983	вновь	2	2	1300	1984	6052	False	False	subtitle	adv	again	再び
1984	охотиться	2			1985	6048	False	True	subtitle			
1985	пожелать	2			1986	6048	False	True	subtitle			
1986	потребоваться	2			1987	6037	False	True	subtitle			
1987	дыра	2			1988	6036	False	True	subtitle			
1988	ордер	2			1989	6035	False	True	subtitle			
1989	ворота	2	3	2034	1991	6030	False	False	subtitle	noun	gate	門
1990	предупреждать	2			1993	6027	False	True	subtitle			
1991	завод	2	1	902	3322	3126	True	False	subtitle	noun	factory	工場
1992	очки	2	1	613	1994	6022	False	False	subtitle	noun	glasses	眼鏡
1993	приближаться	2	3	2550	1995	6019	False	False	subtitle	verb	approach	近づく
1994	фургон	2			1996	6015	False	True	subtitle			
1995	совершать	2	3	2349	1997	6011	False	False	subtitle	verb	commit	行う
1996	мусор	2			1998	6008	False	True	subtitle			
1997	выстрелить	2	1	819	1999	6003	False	False	subtitle	verb	shoot	撃つ
1998	берег	2	1	592	2000	5998	False	False	subtitle	noun	shore	岸
1999	догадаться	2	3	2858	2001	5990	False	False	subtitle	verb	guess	気づく
2000	облако	2	3	2393	3336	3096	True	False	subtitle	noun	cloud	雲
2001	лишний	3	2	1878	2002	5990	False	False	subtitle	adj	extra	余分な
2002	родственник	3	2	2000	2003	5988	False	False	subtitle	noun	relative	親戚
2003	взяться	3	3	2331	2004	5984	False	False	subtitle	verb	undertake	取りかかる
2004	надоесть	3			2006	5980	False	True	subtitle			
2005	газ	3	1	658	2007	5979	False	False	subtitle	noun	gas	ガス
2006	концерт	3	3	2093	2008	5972	False	False	subtitle	noun	concert	コンサート
2007	отстать	3			2009	5971	False	True	subtitle			
2008	толпа	3	2	1619	2010	5968	False	False	subtitle	noun	crowd	群衆
2009	крик	3	1	858	2011	5966	False	False	subtitle	noun	shout	叫び
2010	вор	3			2013	5964	False	True	subtitle			
2011	значить	3	1	458	2014	5955	False	False	subtitle	verb	mean	意味する
2012	процент	3	2	1322	2015	5955	False	False	subtitle	noun	percent	パーセント
2013	раскрыть	3			2016	5954	False	True	subtitle			
2014	найтись	3	1	507	2017	5949	False	False	subtitle	verb	be found	見つかる
2015	напарник	3			2018	5949	False	True	subtitle			
2016	выпивка	3			2019	5947	False	True	subtitle			
2017	голый	3	3	2536	2020	5942	False	False	subtitle	adj	naked	裸の
2018	тянуть	3	3	2375	2021	5942	False	False	subtitle	verb	pull	引く
2019	пляж	3			2022	5941	False	True	subtitle			
2020	священник	3	3	2541	2023	5941	False	False	subtitle	noun	priest	司祭
2021	превратиться	3	3	2006	2024	5938	False	False	subtitle	verb	turn into	変わる
2022	спасение	3	3	2765	2025	5933	False	False	subtitle	noun	rescue, salvation	救助
2023	могила	3	3	2821	2027	5925	False	False	subtitle	noun	grave	墓
2024	шляпа	3	1	612	2030	5887	False	False	subtitle	noun	hat	帽子
2025	доверие	3	1	941	2031	5883	False	False	subtitle	noun	trust	信頼
2026	исключение	3	2	1731	2033	5877	False	False	subtitle	noun	exception	例外
2027	пресса	3	3	2354	2034	5874	False	False	subtitle	noun	press	報道機関
2028	ставка	3	3	2206	2035	5874	False	False	subtitle	noun	rate	率
2029	поискать	3			2036	5871	False	True	subtitle			
2030	угу	3			2037	5868	False	True	subtitle			
2031	синий	3	1	366	2038	5858	False	False	subtitle	adj	blue	青い
2032	телефонный	3	3	2293	2039	5857	False	False	subtitle	adj	telephone	電話の
2033	псих	3			2040	5851	False	True	subtitle			
2034	лорд	3	3	2702	2041	5840	False	False	subtitle	noun	lord	卿
2035	сменить	3			2042	5840	False	True	subtitle			
2036	сучка	3			2043	5840	False	True	subtitle			
2037	охранник	3			2044	5839	False	True	subtitle			
2038	поторопиться	3			2045	5832	False	True	subtitle			
2039	интервью	3	3	2101	2046	5824	False	False	subtitle	noun	interview	インタビュー
2040	ученый	3	2	1341	2047	5814	False	False	subtitle	noun	scientist	学者
2041	определенный	3	2	1148	2048	5811	False	False	subtitle	adj	certain	一定の
2042	двойной	3			2049	5807	False	True	subtitle			
2043	пост	3	2	1665	2050	5805	False	False	subtitle	noun	post	役職
2044	организация	3	2	1051	2051	5804	False	False	subtitle	noun	organization	組織
2045	одолжение	3			2052	5802	False	True	subtitle			
2046	удивить	3	3	2956	2053	5801	False	False	subtitle	verb	surprise	驚かせる
2047	грустный	3	1	381	3423	2983	True	False	subtitle	adj	sad	悲しい
2048	пицца	3			2055	5794	False	True	subtitle			
2049	присяжный	3			2056	5787	False	True	subtitle			
2050	изменение	3	2	1143	2057	5778	False	False	subtitle	noun	change	変化
2051	объявить	3	2	1651	2058	5776	False	False	subtitle	verb	announce	発表する
2052	во-первых	3			2059	5773	False	True	subtitle			
2053	пёс	3			2061	5760	False	True	subtitle			
2054	продолжаться	3	2	1849	2062	5756	False	False	subtitle	verb	continue	続く
2055	житель	3	2	1399	2064	5753	False	False	subtitle	noun	resident	住民
2056	божий	3	3	2043	2065	5745	False	False	subtitle	adj	God's	神の
2057	передача	3	2	1516	2066	5744	False	False	subtitle	noun	transmission	伝達
2058	реклама	3	2	1498	2067	5739	False	False	subtitle	noun	advertisement	広告
2059	очнуться	3			2068	5734	False	True	subtitle			
2060	королевский	3			2070	5730	False	True	subtitle			
2061	охота	3	3	2561	2072	5723	False	False	subtitle	noun	hunting	狩り
2062	ура	3			2073	5712	False	True	subtitle			
2063	необходимость	3	2	1310	2075	5705	False	False	subtitle	noun	necessity	必要性
2064	волна	3	2	1527	2076	5704	False	False	subtitle	noun	wave	波
2065	вкусно	3			2077	5703	False	True	subtitle			
2066	забавный	3			2078	5702	False	True	subtitle			
2067	ферма	3	1	903	2079	5684	False	False	subtitle	noun	farm	農場
2068	записка	3	3	2798	2080	5683	False	False	subtitle	noun	note	メモ
2069	эбби	3			2081	5678	False	True	subtitle			
2070	край	3	1	961	2082	5676	False	False	subtitle	noun	edge	端
2071	север	3	1	890	2083	5674	False	False	subtitle	noun	north	北
2072	гений	3			2084	5668	False	True	subtitle			
2073	министр	3	1	518	2085	5658	False	False	subtitle	noun	minister	大臣
2074	крыса	3			2087	5648	False	True	subtitle			
2075	гореть	3	2	1876	2088	5640	False	False	subtitle	verb	burn	燃える
2076	оказать	3	3	2468	2089	5639	False	False	subtitle	verb	provide	与える
2077	поделиться	3			2090	5639	False	True	subtitle			
2078	создание	3	2	1151	2091	5637	False	False	subtitle	noun	creation	創造
2079	жопа	3			2092	5635	False	True	subtitle			
2080	обязанность	3	2	1882	2093	5635	False	False	subtitle	noun	duty	義務
2081	прибыль	3	3	2040	2094	5634	False	False	subtitle	noun	profit	利益
2082	основное	3	2	1956	2095	5621	False	False	subtitle	noun	main thing	主要なもの
2083	менеджер	3	3	2377	2096	5613	False	False	subtitle	noun	manager	管理者
2084	вынести	3	3	2942	2097	5609	False	False	subtitle	verb	carry out, endure	運び出す
2085	губа	3	2	1464	2099	5604	False	False	subtitle	noun	lip	唇
2086	водить	3			2100	5603	False	True	subtitle			
2087	мешок	3	3	2558	2101	5602	False	False	subtitle	noun	sack, bag	袋
2088	поделать	3			2105	5593	False	True	subtitle			
2089	глубоко	3	2	1742	2106	5588	False	False	subtitle	adv	deeply	深く
2090	сзади	3	3	2828	2107	5587	False	False	subtitle	adv	from behind	後ろから
2091	мальчишка	3	3	2718	2108	5586	False	False	subtitle	noun	boy (colloq)	少年
2092	прикрытие	3			2109	5579	False	True	subtitle			
2093	возникнуть	3	2	1331	2110	5578	False	False	subtitle	verb	arise	生じる
2094	обойтись	3	3	2407	2113	5573	False	False	subtitle	verb	manage	済ませる
2095	еврей	3	2	1691	2114	5570	False	False	subtitle	noun	Jew	ユダヤ人
2096	одиночество	3	3	2867	2115	5569	False	False	subtitle	noun	loneliness	孤独
2097	позади	3	1	977	2116	5559	False	False	subtitle	adv	behind	後方に
2098	идеально	3			2117	5554	False	True	subtitle			
2099	забота	3	3	2228	2118	5552	False	False	subtitle	noun	care	世話
2100	дружба	3	3	2523	2120	5546	False	False	subtitle	noun	friendship	友情
2101	зарабатывать	3			2121	5542	False	True	subtitle			
2102	игрушка	3	3	2738	2122	5541	False	False	subtitle	noun	toy	おもちゃ
2103	пятый	3	3	2050	2123	5540	False	False	subtitle	adj	fifth	第五の
2104	шевелиться	3			2124	5530	False	True	subtitle			
2105	убегать	3			2125	5527	False	True	subtitle			
2106	превратить	3			2126	5523	False	True	subtitle			
2107	испугаться	3			2127	5518	False	True	subtitle			
2108	файл	3	1	651	2128	5517	False	False	subtitle	noun	file	ファイル
2109	гулять	3	3	2343	2129	5515	False	False	subtitle	verb	walk	散歩する
2110	повредить	3			2130	5513	False	True	subtitle			
2111	подвал	3			2131	5512	False	True	subtitle			
2112	передавать	3	1	765	2132	5511	False	False	subtitle	verb	transmit	伝える
2113	степень	3	2	1214	2133	5510	False	False	subtitle	noun	degree	程度
2114	убитый	3			2134	5509	False	True	subtitle			
2115	городской	3	2	1417	2135	5506	False	False	subtitle	adj	urban	都市の
2116	нибыть	3			2136	5498	False	True	subtitle			
2117	невинный	3			2137	5497	False	True	subtitle			
2118	соединить	3	3	2207	2139	5494	False	False	subtitle	verb	connect	つなぐ
2119	метро	3	1	870	3566	2831	True	False	subtitle	noun	subway	地下鉄
2120	доля	3	2	1636	2140	5481	False	False	subtitle	noun	share	割合
2121	необычный	3	3	2618	2141	5481	False	False	subtitle	adj	unusual	珍しい
2122	оказываться	3	2	1281	2142	5476	False	False	subtitle	verb	turn out	判明する
2123	средний	3	2	1206	2143	5475	False	False	subtitle	adj	average	平均の
2124	реакция	3	2	1621	2144	5472	False	False	subtitle	noun	reaction	反応
2125	наказание	3	3	2544	2145	5470	False	False	subtitle	noun	punishment	罰
2126	пацан	3			2146	5461	False	True	subtitle			
2127	заменить	3	3	2494	2147	5459	False	False	subtitle	verb	replace	取り替える
2128	сбить	3			2148	5459	False	True	subtitle			
2129	виктор	3	2	1793	2149	5458	False	False	subtitle	noun	Viktor	ヴィクトル
2130	ограбление	3			2150	5458	False	True	subtitle			
2131	прыгать	3			2151	5458	False	True	subtitle			
2132	переспать	3			2152	5456	False	True	subtitle			
2133	хан	3			2153	5456	False	True	subtitle			
2134	древний	3	1	728	2154	5449	False	False	subtitle	adj	ancient	古代の
2135	приглашение	3			2155	5443	False	True	subtitle			
2136	урод	3			2157	5439	False	True	subtitle			
2137	кресло	3	2	1760	2158	5436	False	False	subtitle	noun	armchair	肘掛け椅子
2138	федеральный	3	2	1473	2160	5425	False	False	subtitle	adj	federal	連邦の
2139	субтитр	3			2161	5421	False	True	subtitle			
2140	награда	3			2162	5418	False	True	subtitle			
2141	останавливаться	3	3	2460	2163	5418	False	False	subtitle	verb	stop	止まる
2142	одиночка	3			2165	5406	False	True	subtitle			
2143	удивительный	3	2	1994	2166	5401	False	False	subtitle	adj	amazing	驚くべき
2144	океан	3	1	896	2167	5394	False	False	subtitle	noun	ocean	海洋
2145	основание	3	2	1344	2168	5393	False	False	subtitle	noun	foundation, reason	根拠
2146	разбудить	3			2169	5391	False	True	subtitle			
2147	квартал	3			2170	5388	False	True	subtitle			
2148	цру	3			2171	5387	False	True	subtitle			
2149	уладить	3			2172	5386	False	True	subtitle			
2150	обвинить	3			2173	5381	False	True	subtitle			
2151	предмет	3	2	1201	2174	5376	False	False	subtitle	noun	object, subject	科目
2152	поступок	3	3	2406	2175	5375	False	False	subtitle	noun	deed	行為
2153	истинный	3	2	1853	2176	5372	False	False	subtitle	adj	true	真の
2154	избежать	3	3	2607	2177	5368	False	False	subtitle	verb	avoid	避ける
2155	сенатор	3			2178	5368	False	True	subtitle			
2156	старое	3			2179	5359	False	True	subtitle			
2157	заглянуть	3	3	2745	2180	5355	False	False	subtitle	verb	peek, drop by	のぞく
2158	приглашать	3	3	2621	2181	5355	False	False	subtitle	verb	invite	招待する
2159	футбол	3			2182	5353	False	True	subtitle			
2160	актер	3	3	2364	2183	5351	False	False	subtitle	noun	actor	俳優
2161	заказ	3	1	640	2184	5350	False	False	subtitle	noun	order	注文
2162	определить	3	2	1352	2185	5350	False	False	subtitle	verb	determine	決定する
2163	поднимать	3	1	452	2186	5344	False	False	subtitle	verb	raise	上げる
2164	должность	3	2	1997	2187	5343	False	False	subtitle	noun	position	職位
2165	приступ	3			2188	5343	False	True	subtitle			
2166	торт	3			2189	5342	False	True	subtitle			
2167	посылать	3	1	491	2190	5340	False	False	subtitle	verb	send	送る
2168	впечатление	3	2	1364	2191	5329	False	False	subtitle	noun	impression	印象
2169	попрощаться	3			2192	5324	False	True	subtitle			
2170	двигатель	3	3	2528	2194	5316	False	False	subtitle	noun	engine	エンジン
2171	мировой	3	2	1246	2195	5314	False	False	subtitle	adj	world (adj)	世界の
2172	мина	3	3	2871	2197	5311	False	False	subtitle	noun	mine (explosive)	地雷
2173	классно	3			2198	5309	False	True	subtitle			
2174	мужской	3	2	1875	2199	5308	False	False	subtitle	adj	male	男性の
2175	кайло	3			2200	5301	False	True	subtitle			
2176	крепкий	3	3	2104	2202	5293	False	False	subtitle	adj	strong	丈夫な
2177	отправлять	3			2203	5289	False	True	subtitle			
2178	ди	3			2204	5287	False	True	subtitle			
2179	жара	3			3674	2708	True	True	subtitle			
2180	как-нибудь	3			2205	5284	False	True	subtitle			
2181	работник	3	2	1519	2206	5284	False	False	subtitle	noun	worker	労働者
2182	зеркало	3	3	2026	2207	5283	False	False	subtitle	noun	mirror	鏡
2183	бред	3			2208	5281	False	True	subtitle			
2184	командир	3	2	1396	2209	5278	False	False	subtitle	noun	commander	指揮官
2185	ван	3			2210	5276	False	True	subtitle			
2186	институт	3	2	1208	3685	2695	True	False	subtitle	noun	institute	研究所
2187	прежний	3	2	1638	2211	5271	False	False	subtitle	adj	former	以前の
2188	весна	3	2	1736	3686	2694	True	False	subtitle	noun	spring	春
2189	обращать	3	2	1999	2212	5268	False	False	subtitle	verb	turn	向ける
2190	окончить	3			2213	5267	False	True	subtitle			
2191	замечать	3	1	782	2214	5266	False	False	subtitle	verb	notice	気づく
2192	донна	3			2215	5257	False	True	subtitle			
2193	вирус	3			2216	5250	False	True	subtitle			
2194	грязь	3	3	2602	2217	5247	False	False	subtitle	noun	dirt, mud	泥
2195	настаивать	3			2218	5247	False	True	subtitle			
2196	товар	3	1	638	2219	5247	False	False	subtitle	noun	goods	商品
2197	наоборот	3	2	1548	2220	5243	False	False	subtitle	adv	vice versa	逆に
2198	бассейн	3			2223	5231	False	True	subtitle			
2199	глядеть	3	2	1312	2224	5231	False	False	subtitle	verb	look	見る
2200	судебный	3	3	2229	2225	5229	False	False	subtitle	adj	judicial	司法の
2201	сосредоточиться	3			2226	5228	False	True	subtitle			
2202	признак	3	2	1698	2227	5225	False	False	subtitle	noun	sign	特徴
2203	отключить	3			2228	5224	False	True	subtitle			
2204	навредить	3			2229	5222	False	True	subtitle			
2205	обратный	3	3	2029	2230	5212	False	False	subtitle	adj	reverse	逆の
2206	составить	3	2	1448	2231	5212	False	False	subtitle	verb	compose	作成する
2207	инструмент	3	2	1660	2232	5204	False	False	subtitle	noun	tool	道具
2208	поверьте	3			2233	5199	False	True	subtitle			
2209	обещание	3			2234	5197	False	True	subtitle			
2210	включая	3	3	2133	2235	5196	False	False	subtitle	prep	including	含めて
2211	живо	3			2236	5195	False	True	subtitle			
2212	отделение	3	2	1818	2237	5194	False	False	subtitle	noun	branch	支店
2213	выступление	3	2	1960	2238	5192	False	False	subtitle	noun	speech	演説
2214	последствие	3	2	1796	2239	5192	False	False	subtitle	noun	consequence	結果
2215	сухой	3	1	695	3733	2644	True	False	subtitle	adj	dry	乾いた
2216	рай	3			2240	5192	False	True	subtitle			
2217	предпочесть	3			2241	5188	False	True	subtitle			
2218	починить	3			2242	5187	False	True	subtitle			
2219	росс	3			2243	5186	False	True	subtitle			
2220	постоянный	3	2	1393	2244	5181	False	False	subtitle	adj	constant	絶え間ない
2221	нарушить	3			2245	5180	False	True	subtitle			
2222	ён	3			2247	5177	False	True	subtitle			
2223	выборы	3	2	1496	2248	5162	False	False	subtitle	noun	elections	選挙
2224	вспоминать	3	1	780	2249	5161	False	False	subtitle	verb	recall	思い出す
2225	зима	3	2	1673	3749	2627	True	False	subtitle	noun	winter	冬
2226	присутствие	3	3	2115	2250	5161	False	False	subtitle	noun	presence	存在
2227	вес	3	1	635	2251	5157	False	False	subtitle	noun	weight	重さ
2228	выдать	3	3	2319	2252	5147	False	False	subtitle	verb	issue	発行する
2229	драка	3			2253	5147	False	True	subtitle			
2230	счастье	3	1	540	2253	5648	False	False	raw_surface_fallback	noun	happiness	幸福
2231	пакет	3	3	2003	2254	5139	False	False	subtitle	noun	package	小包
2232	упоминать	3			2255	5139	False	True	subtitle			
2233	рост	3	2	1170	2256	5136	False	False	subtitle	noun	growth	成長
2234	владеть	3	3	2402	2257	5132	False	False	subtitle	verb	own	所有する
2235	грёбаный	3			2258	5122	False	True	subtitle			
2236	коридор	3	2	1727	2259	5118	False	False	subtitle	noun	corridor	廊下
2237	красавица	3			2261	5109	False	True	subtitle			
2238	родить	3	1	760	2262	5107	False	False	subtitle	verb	give birth	産む
2239	лечь	3	1	812	2263	5105	False	False	subtitle	verb	lie down	横になる
2240	жалеть	3	3	2935	2264	5103	False	False	subtitle	verb	regret, pity	後悔する
2241	мотив	3	3	2674	2265	5102	False	False	subtitle	noun	motive	動機
2242	буквально	3	2	1942	2266	5098	False	False	subtitle	adv	literally	文字通り
2243	вчерашний	3			2267	5093	False	True	subtitle			
2244	май	3	2	1328	3781	2597	True	False	subtitle	noun	May	5月
2245	скучно	3			2269	5088	False	True	subtitle			
2246	договор	3	1	909	2270	5082	False	False	subtitle	noun	agreement	契約
2247	солгать	3			2271	5080	False	True	subtitle			
2248	иной	3	2	1068	2272	5079	False	False	subtitle	det	other	別の
2249	колесо	3	3	2521	2273	5074	False	False	subtitle	noun	wheel	車輪
2250	покидать	3			2274	5073	False	True	subtitle			
2251	естественно	3	2	1391	2275	5070	False	False	subtitle	adv	naturally	当然
2252	ценный	3	2	1971	2276	5069	False	False	subtitle	adj	valuable	貴重な
2253	сие	3			2277	5068	False	True	subtitle			
2254	беречь	3			2279	5064	False	True	subtitle			
2255	репутация	3			2280	5061	False	True	subtitle			
2256	допрос	3			2281	5059	False	True	subtitle			
2257	площадь	3	1	879	3802	2577	True	False	subtitle	noun	square/area	広場
2258	ниже	3			2282	5056	False	True	subtitle			
2259	рейчел	3			2283	5055	False	True	subtitle			
2260	визит	3	3	2980	2284	5048	False	False	subtitle	noun	visit	訪問
2261	общественный	3	1	715	2285	5040	False	False	subtitle	adj	public	公共の
2262	врн	3			2286	5038	False	True	subtitle			
2263	настать	3			2288	5036	False	True	subtitle			
2264	ненадолго	3			2289	5036	False	True	subtitle			
2265	сентябрь	3	2	1428	3815	2562	True	False	subtitle	noun	September	9月
2266	попасться	3			2290	5036	False	True	subtitle			
2267	полчаса	3	3	2768	2291	5035	False	False	subtitle	noun	half an hour	30分
2268	тайный	3	3	2711	2292	5035	False	False	subtitle	adj	secret	秘密の
2269	тревога	3	3	2678	2293	5032	False	False	subtitle	noun	anxiety, alarm	不安
2270	объект	3	2	1192	2294	5031	False	False	subtitle	noun	object	対象
2271	продавец	3	3	2300	3824	2552	True	False	subtitle	noun	salesperson	販売員
2272	гражданский	3	2	1549	2295	5027	False	False	subtitle	adj	civil	市民の
2273	громкий	3	1	691	2297	5025	False	False	subtitle	adj	loud	大きな音の
2274	проследить	3			2298	5024	False	True	subtitle			
2275	короче	3			2299	5019	False	True	subtitle			
2276	давить	3			2300	5014	False	True	subtitle			
2277	знаменитый	3	2	1752	2301	5013	False	False	subtitle	adj	famous	有名な
2278	кормить	3	3	2586	2302	5007	False	False	subtitle	verb	feed	養う
2279	признание	3	3	2457	2303	5006	False	False	subtitle	noun	recognition	承認
2280	технология	3	2	1244	2304	5005	False	False	subtitle	noun	technology	技術
2281	принцип	3	2	1121	2306	5002	False	False	subtitle	noun	principle	原則
2282	теб	3			2308	5001	False	True	subtitle			
2283	просыпаться	3			2309	5000	False	True	subtitle			
2284	режиссер	3	3	2424	2310	4999	False	False	subtitle	noun	director	監督
2285	невероятный	3			2311	4998	False	True	subtitle			
2286	кое-какой	3			2312	4997	False	True	subtitle			
2287	ак	3			2313	4993	False	True	subtitle			
2288	дыхание	3	3	2092	2314	4991	False	False	subtitle	noun	breathing	呼吸
2289	г-н	3			2315	4986	False	True	subtitle			
2290	указывать	3	2	1896	2316	4985	False	False	subtitle	verb	indicate	示す
2291	дед	3	1	842	2317	4984	False	False	subtitle	noun	grandfather	祖父
2292	крыло	3	3	2058	2320	4976	False	False	subtitle	noun	wing	翼
2293	прожить	3	3	2455	2321	4976	False	False	subtitle	verb	live through	生き抜く
2294	полка	3	3	2769	3869	2511	True	False	subtitle	noun	shelf	棚
2295	охотник	3			2323	4972	False	True	subtitle			
2296	приготовиться	3			2324	4970	False	True	subtitle			
2297	официально	3			2325	4969	False	True	subtitle			
2298	козёл	3			2327	4963	False	True	subtitle			
2299	медведь	3			2328	4962	False	True	subtitle			
2300	фрукт	3	1	669	3882	2505	True	False	subtitle	noun	fruit	果物
2301	целое	3	2	1462	2330	4959	False	False	subtitle	noun	the whole	全体
2302	подавать	3	3	2727	2331	4958	False	False	subtitle	verb	serve, submit	出す
2303	заболеть	3			2332	4956	False	True	subtitle			
2304	присмотреть	3			2333	4956	False	True	subtitle			
2305	напиток	3			2334	4952	False	True	subtitle			
2306	ну-ка	3			2335	4952	False	True	subtitle			
2307	приводить	3	2	1439	2336	4951	False	False	subtitle	verb	lead to	導く
2308	столик	3	3	2643	2337	4951	False	False	subtitle	noun	small table	小さいテーブル
2309	змея	3			2338	4950	False	True	subtitle			
2310	лифт	3			2339	4950	False	True	subtitle			
2311	замолчать	3			2340	4949	False	True	subtitle			
2312	вдвоём	3			2341	4946	False	True	subtitle			
2313	невиновный	3			2343	4944	False	True	subtitle			
2314	статус	3	3	2145	2344	4942	False	False	subtitle	noun	status	地位
2315	требоваться	3	2	1699	2345	4939	False	False	subtitle	verb	be required	必要とされる
2316	зад	3	1	965	2346	4938	False	False	subtitle	noun	back	後ろ
2317	предыдущий	3	2	1779	2347	4937	False	False	subtitle	adj	previous	前の
2318	эфир	3	3	2499	2348	4937	False	False	subtitle	noun	broadcast	放送
2319	орган	3	2	1181	2349	4935	False	False	subtitle	noun	organ	器官
2320	отнести	3			2350	4934	False	True	subtitle			
2321	студия	3			2351	4933	False	True	subtitle			
2322	нарушение	3	2	1655	2352	4930	False	False	subtitle	noun	violation	違反
2323	художник	3	2	1505	2353	4930	False	False	subtitle	noun	artist	芸術家
2324	единый	3	2	1301	2354	4922	False	False	subtitle	adj	unified	統一された
2325	просьба	3	2	1806	2355	4920	False	False	subtitle	noun	request	依頼
2326	склад	3	3	2637	2356	4915	False	False	subtitle	noun	warehouse	倉庫
2327	месть	3			2357	4914	False	True	subtitle			
2328	хвост	3	3	2363	2358	4910	False	False	subtitle	noun	tail	尾
2329	победитель	3	3	2895	2360	4906	False	False	subtitle	noun	winner	勝者
2330	эксперт	3	3	2081	2361	4896	False	False	subtitle	noun	expert	専門家
2331	юг	3	1	891	2363	4889	False	False	subtitle	noun	south	南
2332	честный	3	1	735	2364	4886	False	False	subtitle	adj	honest	正直な
2333	наступить	3	3	2001	2366	4874	False	False	subtitle	verb	arrive	到着する
2334	присматривать	3			2367	4873	False	True	subtitle			
2335	нелегко	3			2368	4872	False	True	subtitle			
2336	хрень	3			2369	4869	False	True	subtitle			
2337	страсть	3	3	2200	2370	4867	False	False	subtitle	noun	passion	情熱
2338	китайский	3	3	2111	2371	4866	False	False	subtitle	adj	Chinese	中国の
2339	улыбка	3	1	861	2372	4862	False	False	subtitle	noun	smile	笑顔
2340	метод	3	2	1168	2373	4855	False	False	subtitle	noun	method	方法
2341	буква	3	1	926	2375	4850	False	False	subtitle	noun	letter	文字
2342	заканчивать	3			2376	4849	False	True	subtitle			
2343	говориться	3	2	1750	2377	4836	False	False	subtitle	verb	be said	言われる
2344	клиника	3			2378	4834	False	True	subtitle			
2345	сайт	3	1	646	2379	4831	False	False	subtitle	noun	website	サイト
2346	одетый	3			2381	4822	False	True	subtitle			
2347	волшебный	3			2383	4817	False	True	subtitle			
2348	дракон	3			2385	4811	False	True	subtitle			
2349	осмотреть	3			2386	4811	False	True	subtitle			
2350	дата	3	2	1520	2387	4810	False	False	subtitle	noun	date	日付
2351	су	3			2388	4808	False	True	subtitle			
2352	прикрыть	3			2389	4805	False	True	subtitle			
2353	куда-нибудь	3			2390	4804	False	True	subtitle			
2354	привлечь	3	3	2473	2391	4804	False	False	subtitle	verb	attract	引きつける
2355	закрывать	3	1	427	2392	4801	False	False	subtitle	verb	close	閉める
2356	испытание	3	3	2355	2393	4800	False	False	subtitle	noun	test	試験
2357	дочка	3	3	2597	2394	4793	False	False	subtitle	noun	daughter	娘
2358	направить	3	2	1447	2395	4790	False	False	subtitle	verb	direct, send	向ける
2359	переговоры	3	3	2100	2396	4788	False	False	subtitle	noun	negotiations	交渉
2360	отследить	3			2397	4787	False	True	subtitle			
2361	ряд	3	2	1127	2398	4780	False	False	subtitle	noun	row, series	一連
2362	лампа	3			3998	2401	True	True	subtitle			
2363	пространство	3	1	956	2399	4777	False	False	subtitle	noun	space	空間
2364	одолжить	3			2400	4774	False	True	subtitle			
2365	обманывать	3	1	776	2402	4765	False	False	subtitle	verb	deceive	だます
2366	профессия	3	3	2259	4004	2395	True	False	subtitle	noun	profession	職業
2367	область	3	1	885	2403	4760	False	False	subtitle	noun	region	地域
2368	частый	3			2404	4757	False	True	subtitle			
2369	обмен	3	3	2218	2405	4750	False	False	subtitle	noun	exchange	交換
2370	парка	3			2407	4740	False	True	subtitle			
2371	брюки	3			4013	2386	True	True	subtitle			
2372	бельё	3			2408	4739	False	True	subtitle			
2373	гнев	3	1	947	2409	4737	False	False	subtitle	noun	anger	怒り
2374	оплатить	3			2410	4728	False	True	subtitle			
2375	соглашение	3	3	2156	2411	4727	False	False	subtitle	noun	agreement	合意
2376	пункт	3	2	1360	2412	4726	False	False	subtitle	noun	point, item	項目
2377	перенести	3	3	2992	2413	4711	False	False	subtitle	verb	postpone, transfer	延期する
2378	поменять	3			2414	4711	False	True	subtitle			
2379	август	3	2	1397	4024	2379	True	False	subtitle	noun	August	8月
2380	замужем	3			2416	4708	False	True	subtitle			
2381	отказать	3			2417	4708	False	True	subtitle			
2382	официальный	3	2	1604	2418	4696	False	False	subtitle	adj	official	公式の
2383	подставить	3			2419	4696	False	True	subtitle			
2384	знание	3	1	917	2420	4695	False	False	subtitle	noun	knowledge	知識
2385	европа	3	2	1227	2421	4692	False	False	subtitle	noun	Europe	ヨーロッパ
2386	туфля	3			2422	4692	False	True	subtitle			
2387	бля	3			2423	4690	False	True	subtitle			
2388	запустить	3			2424	4688	False	True	subtitle			
2389	очередной	3	2	1374	2425	4684	False	False	subtitle	adj	next in turn	次の
2390	коп	3			2426	4683	False	True	subtitle			
2391	театр	3	1	882	2427	4682	False	False	subtitle	noun	theater	劇場
2392	высота	3	2	1567	2428	4681	False	False	subtitle	noun	height	高さ
2393	отдых	3	3	2195	2430	4681	False	False	subtitle	noun	rest	休息
2394	полюбить	3	1	493	2431	4678	False	False	subtitle	verb	fall in love	好きになる
2395	считаться	3	2	1430	2432	4678	False	False	subtitle	verb	be considered	みなされる
2396	внимательно	3	1	988	2433	4677	False	False	subtitle	adv	carefully	注意深く
2397	смех	3	1	859	2435	4675	False	False	subtitle	noun	laughter	笑い
2398	сеньор	3			2436	4673	False	True	subtitle			
2399	кафе	3	3	2853	2437	4672	False	False	subtitle	noun	café	カフェ
2400	описать	3	2	1762	2438	4671	False	False	subtitle	verb	describe	記述する
2401	признавать	3	3	2517	2439	4670	False	False	subtitle	verb	admit, recognize	認める
2402	подвести	3			2440	4668	False	True	subtitle			
2403	жених	3			2441	4663	False	True	subtitle			
2404	новенький	3			2442	4662	False	True	subtitle			
2405	террорист	3			2445	4658	False	True	subtitle			
2406	выгнать	3			2446	4655	False	True	subtitle			
2407	обидеть	3			2447	4655	False	True	subtitle			
2408	повар	3			4079	2340	True	True	subtitle			
2409	виски	3			2448	4654	False	True	subtitle			
2410	покупка	3	3	2105	2449	4652	False	False	subtitle	noun	purchase	購入
2411	рейс	3			2450	4650	False	True	subtitle			
2412	хэнк	3			2452	4650	False	True	subtitle			
2413	спускаться	3			2453	4648	False	True	subtitle			
2414	дно	3	3	2076	2454	4645	False	False	subtitle	noun	bottom	底
2415	посидеть	3			2455	4644	False	True	subtitle			
2416	июль	3	2	1495	4092	2329	True	False	subtitle	noun	July	7月
2417	прятать	3			2456	4643	False	True	subtitle			
2418	задумать	3			2457	4641	False	True	subtitle			
2419	плач	3			2458	4639	False	True	subtitle			
2420	поспать	3			2459	4639	False	True	subtitle			
2421	сквозь	3	2	1625	2463	4632	False	False	subtitle	prep	through	を通って
2422	зверь	3	3	2535	2464	4623	False	False	subtitle	noun	beast	獣
2423	труба	3	3	2193	2465	4621	False	False	subtitle	noun	pipe	管
2424	ванна	3			2466	4618	False	True	subtitle			
2425	заложник	3			2467	4617	False	True	subtitle			
2426	ожидание	3	2	1966	2468	4617	False	False	subtitle	noun	expectation	期待
2427	жаловаться	3	3	2908	2469	4616	False	False	subtitle	verb	complain	不平を言う
2428	автор	3	2	1037	2470	4611	False	False	subtitle	noun	author	著者
2429	шпион	3			2471	4604	False	True	subtitle			
2430	выдержать	3	3	2268	2472	4603	False	False	subtitle	verb	withstand	耐える
2431	гражданин	3	2	1231	2473	4599	False	False	subtitle	noun	citizen	市民
2432	проехать	3			2475	4595	False	True	subtitle			
2433	свалить	3			2476	4595	False	True	subtitle			
2434	ввести	3	2	1883	2477	4591	False	False	subtitle	verb	introduce	導入する
2435	гонка	3			2478	4590	False	True	subtitle			
2436	бесплатный	3	3	2627	2479	4586	False	False	subtitle	adj	free of charge	無料の
2437	эмоция	3	3	2356	2480	4582	False	False	subtitle	noun	emotion	感情
2438	точный	3	2	1746	2481	4572	False	False	subtitle	adj	exact	正確な
2439	надолго	3			2482	4569	False	True	subtitle			
2440	открытие	3	2	1755	2483	4569	False	False	subtitle	noun	discovery	発見
2441	мягкий	3	1	699	2484	4567	False	False	subtitle	adj	soft	柔らかい
2442	заявить	3	2	1363	2485	4562	False	False	subtitle	verb	declare	宣言する
2443	эксперимент	3	3	2095	2486	4561	False	False	subtitle	noun	experiment	実験
2444	да-да	3			2487	4560	False	True	subtitle			
2445	увести	3			2488	4558	False	True	subtitle			
2446	характер	3	2	1205	2489	4557	False	False	subtitle	noun	character	性格
2447	инженер	3	3	2418	4149	2281	True	False	subtitle	noun	engineer	技師
2448	современный	3	1	727	2490	4547	False	False	subtitle	adj	modern	現代の
2449	мороженое	3			2491	4545	False	True	subtitle			
2450	полет	3	2	1717	2495	4540	False	False	subtitle	noun	flight	飛行
2451	пёп	3			2496	4539	False	True	subtitle			
2452	выкинуть	3			2497	4536	False	True	subtitle			
2453	отсутствие	3	2	1319	2498	4536	False	False	subtitle	noun	absence	不在
2454	алкоголь	3			2499	4535	False	True	subtitle			
2455	повернуться	3	3	2077	2500	4528	False	False	subtitle	verb	turn around	振り向く
2456	чудовище	3			2501	4527	False	True	subtitle			
2457	смириться	3			2502	4525	False	True	subtitle			
2458	остаток	3	3	2434	2503	4524	False	False	subtitle	noun	remainder	残り
2459	библиотека	3	2	1598	2506	4520	False	False	subtitle	noun	library	図書館
2460	дополнительный	3	2	1466	2507	4516	False	False	subtitle	adj	additional	追加の
2461	фигня	3			2508	4515	False	True	subtitle			
2462	засранец	3			2509	4513	False	True	subtitle			
2463	усилие	3	2	1529	2510	4512	False	False	subtitle	noun	effort	努力
2464	темнота	3	3	2091	2511	4511	False	False	subtitle	noun	darkness	暗闇
2465	подросток	3	3	2656	2512	4509	False	False	subtitle	noun	teenager	十代の若者
2466	фонд	3	2	1450	2513	4509	False	False	subtitle	noun	fund	基金
2467	я-то	3			2514	4505	False	True	subtitle			
2468	расстояние	3	2	1916	2515	4504	False	False	subtitle	noun	distance	距離
2469	обратить	3	2	1562	2516	4502	False	False	subtitle	verb	turn	向ける
2470	шок	3			2518	4497	False	True	subtitle			
2471	отрицать	3			2519	4496	False	True	subtitle			
2472	стекло	3	2	1870	2520	4494	False	False	subtitle	noun	glass	ガラス
2473	потерпеть	3			2521	4493	False	True	subtitle			
2474	уход	3	3	2652	2523	4491	False	False	subtitle	noun	departure, care	退出
2475	секундочка	3			2524	4487	False	True	subtitle			
2476	достаться	3			2525	4486	False	True	subtitle			
2477	волк	3	3	2873	2526	4482	False	False	subtitle	noun	wolf	オオカミ
2478	июнь	3	2	1457	4211	2221	True	False	subtitle	noun	June	6月
2479	слепой	3			2527	4481	False	True	subtitle			
2480	хуй	3			2528	4480	False	True	subtitle			
2481	профессиональный	3	2	1472	2529	4475	False	False	subtitle	adj	professional	プロの
2482	объяснение	3	3	2169	2530	4473	False	False	subtitle	noun	explanation	説明
2483	ракета	3	3	2599	2531	4473	False	False	subtitle	noun	rocket	ロケット
2484	наказать	3			2532	4472	False	True	subtitle			
2485	одновременно	3	2	1359	2533	4471	False	False	subtitle	adv	simultaneously	同時に
2486	совесть	3	3	2559	2534	4467	False	False	subtitle	noun	conscience	良心
2487	церемония	3			2535	4465	False	True	subtitle			
2488	гараж	3			2536	4463	False	True	subtitle			
2489	финансовый	3	1	724	2537	4463	False	False	subtitle	adj	financial	金融の
2490	веселиться	3			2538	4462	False	True	subtitle			
2491	стакан	3	3	2212	2539	4460	False	False	subtitle	noun	glass	コップ
2492	заговорить	3	3	2697	2540	4458	False	False	subtitle	verb	start speaking	話し出す
2493	тьма	3	3	2949	2541	4458	False	False	subtitle	noun	darkness	闇
2494	представитель	3	2	1202	2542	4456	False	False	subtitle	noun	representative	代表者
2495	куда-то	3			2543	4455	False	True	subtitle			
2496	тренировка	3			2544	4451	False	True	subtitle			
2497	натворить	3			2545	4449	False	True	subtitle			
2498	порвать	3			2546	4447	False	True	subtitle			
2499	дитя	3			2547	4444	False	True	subtitle			
2500	навестить	3			2549	4440	False	True	subtitle			
2501	взорваться	3			2550	4437	False	True	subtitle			
2502	интересоваться	3	3	2859	2551	4434	False	False	subtitle	verb	be interested in	興味を持つ
2503	пристрелить	3			2552	4434	False	True	subtitle			
2504	повеселиться	3			2553	4433	False	True	subtitle			
2505	присутствовать	3	2	1766	2554	4433	False	False	subtitle	verb	be present	出席する
2506	овощ	3			4258	2180	True	True	subtitle			
2507	немножко	3			2556	4427	False	True	subtitle			
2508	голод	3	3	2889	2557	4420	False	False	subtitle	noun	hunger	飢え
2509	пожалеть	3			2558	4419	False	True	subtitle			
2510	флот	3	1	905	2559	4415	False	False	subtitle	noun	fleet	艦隊
2511	восторг	3	3	2700	2560	4409	False	False	subtitle	noun	delight	歓喜
2512	боевой	3	2	1371	2562	4407	False	False	subtitle	adj	combat	戦闘の
2513	корова	3			2564	4405	False	True	subtitle			
2514	побежать	3	3	2717	2565	4404	False	False	subtitle	verb	start running	走り出す
2515	отряд	3	2	1839	2566	4403	False	False	subtitle	noun	detachment	部隊
2516	удалить	3			2567	4403	False	True	subtitle			
2517	кузен	3			2568	4397	False	True	subtitle			
2518	центральный	3	2	1471	2569	4394	False	False	subtitle	adj	central	中央の
2519	херня	3			2571	4391	False	True	subtitle			
2520	дворец	3	3	2213	2572	4386	False	False	subtitle	noun	palace	宮殿
2521	звёздный	3			2573	4381	False	True	subtitle			
2522	пожарный	3			2574	4380	False	True	subtitle			
2523	политический	3	1	718	2575	4379	False	False	subtitle	adj	political	政治の
2524	дар	3	3	2775	2576	4377	False	False	subtitle	noun	gift	贈り物
2525	посреди	3			2577	4376	False	True	subtitle			
2526	браво	3			2578	4374	False	True	subtitle			
2527	повреждение	3			2579	4374	False	True	subtitle			
2528	легенда	3			2580	4373	False	True	subtitle			
2529	острый	3	1	701	2581	4372	False	False	subtitle	adj	sharp	鋭い
2530	заехать	3			2582	4371	False	True	subtitle			
2531	карточка	3	3	2726	2583	4367	False	False	subtitle	noun	card	カード
2532	нажать	3			2584	4365	False	True	subtitle			
2533	присаживаться	3			2585	4365	False	True	subtitle			
2534	где-нибудь	3			2586	4364	False	True	subtitle			
2535	прям	3			2587	4364	False	True	subtitle			
2536	департамент	3			2588	4363	False	True	subtitle			
2537	елена	3	3	2174	2589	4363	False	False	subtitle	noun	Elena	エレナ
2538	проникнуть	3			2590	4360	False	True	subtitle			
2539	лист	3	2	1555	2591	4358	False	False	subtitle	noun	sheet	紙
2540	собственность	3	2	1669	2592	4356	False	False	subtitle	noun	property	財産
2541	научный	3	1	726	2593	4353	False	False	subtitle	adj	scientific	科学の
2542	диск	3	2	1926	2595	4351	False	False	subtitle	noun	disc	ディスク
2543	курица	3			2596	4350	False	True	subtitle			
2544	эффект	3	2	1722	2597	4350	False	False	subtitle	noun	effect	効果
2545	солнечный	3	3	2170	2598	4349	False	False	subtitle	adj	sunny	晴れた
2546	тащить	3			2599	4348	False	True	subtitle			
2547	капля	3	3	2763	2600	4345	False	False	subtitle	noun	drop	しずく
2548	воскресенье	3	3	2294			True	False	trki_only	noun	Sunday	日曜日
2549	том	3	3	2405	2601	4344	False	False	subtitle	noun	volume	巻
2550	дети	3					True	True	trki_only			
2551	ть	3			2602	4341	False	True	subtitle			
2552	глянуть	3			2603	4336	False	True	subtitle			
2553	родители	3	1	839			True	False	trki_only	noun	parents	両親
2554	люди	3					True	True	trki_only			
2555	деньги	3	1	163			True	False	trki_only	noun	money	お金
2556	крайне	3	3	2012	2605	4333	False	False	subtitle	adv	extremely	極めて
2557	минимум	3	3	2094	2606	4333	False	False	subtitle	noun	minimum	最小限
2558	троллейбус	3					True	True	trki_only			
2559	толк	3			2607	4333	False	True	subtitle			
2560	умываться	3					True	True	trki_only			
2561	изменять	3			2608	4327	False	True	subtitle			
2562	путём	3			2610	4325	False	True	subtitle			
2563	грустно	3	1	996	2612	4324	False	False	subtitle	adv	sadly	悲しく
2564	восточный	3	1	732	2613	4320	False	False	subtitle	adj	eastern	東の
2565	некий	3	2	1340	2614	4320	False	False	subtitle	det	a certain	ある〜
2566	мак	3			2615	4319	False	True	subtitle			
2567	нижний	3	2	1842	2616	4318	False	False	subtitle	adj	lower	下の
2568	километр	3	2	1378	2617	4314	False	False	subtitle	noun	kilometer	キロメートル
2569	кампания	3	3	2265	2620	4309	False	False	subtitle	noun	campaign	運動
2570	воин	3	3	2403	2621	4308	False	False	subtitle	noun	warrior	戦士
2571	юбка	3			4369	2097	True	True	subtitle			
2572	человечество	3	2	1807	2622	4303	False	False	subtitle	noun	humanity	人類
2573	страховка	3			2623	4301	False	True	subtitle			
2574	эпизод	3	3	2976	2624	4300	False	False	subtitle	noun	episode	エピソード
2575	соврать	3			2625	4297	False	True	subtitle			
2576	кейся	3			2626	4293	False	True	subtitle			
2577	сведение	3	2	1777	2628	4292	False	False	subtitle	noun	information	情報
2578	правосудие	3			2630	4286	False	True	subtitle			
2579	целоваться	3			2631	4286	False	True	subtitle			
2580	алиби	3			2633	4282	False	True	subtitle			
2581	оценка	3	1	916	2634	4281	False	False	subtitle	noun	grade/evaluation	評価
2582	предположить	3	3	2309	2635	4277	False	False	subtitle	verb	suppose	推測する
2583	космический	3	3	2271	2636	4276	False	False	subtitle	adj	space	宇宙の
2584	запад	3	1	892	2637	4273	False	False	subtitle	noun	west	西
2585	налево	3			2638	4268	False	True	subtitle			
2586	протокол	3	3	2774	2639	4268	False	False	subtitle	noun	protocol, minutes	議事録
2587	неудачник	3			2640	4264	False	True	subtitle			
2588	яд	3			2641	4263	False	True	subtitle			
2589	велосипед	3			2642	4261	False	True	subtitle			
2590	кандидат	3	3	2125	2643	4258	False	False	subtitle	noun	candidate	候補者
2591	дура	3			2644	4257	False	True	subtitle			
2592	состоять	3	2	1238	2645	4256	False	False	subtitle	verb	consist of	成り立つ
2593	включать	3	1	800	2646	4254	False	False	subtitle	verb	turn on	つける
2594	похоронить	3			2647	4254	False	True	subtitle			
2595	осознать	3			2649	4252	False	True	subtitle			
2596	довериться	3			2650	4250	False	True	subtitle			
2597	кукла	3			2651	4245	False	True	subtitle			
2598	техника	3	2	1407	2652	4233	False	False	subtitle	noun	technology, machinery	技術
2599	наделать	3			2654	4231	False	True	subtitle			
2600	западный	3	1	731	2655	4229	False	False	subtitle	adj	western	西の
2601	восток	3	1	893	2657	4227	False	False	subtitle	noun	east	東
2602	сказка	3	2	1915	2658	4227	False	False	subtitle	noun	fairy tale	童話
2603	отличие	3	2	1602	2659	4226	False	False	subtitle	noun	difference	相違
2604	ай	3			2660	4222	False	True	subtitle			
2605	снимок	3			2661	4220	False	True	subtitle			
2606	войско	3	2	1262	2662	4218	False	False	subtitle	noun	troops	軍隊
2607	раб	3	3	2964	2663	4215	False	False	subtitle	noun	slave	奴隷
2608	кнопка	3	1	650	2665	4203	False	False	subtitle	noun	button	ボタン
2609	рисовать	3	1	746	2666	4203	False	False	subtitle	verb	draw	描く
2610	проститутка	3			2668	4202	False	True	subtitle			
2611	жуткий	3			2669	4195	False	True	subtitle			
2612	кто-либо	3			2670	4194	False	True	subtitle			
2613	восстановить	3			2671	4190	False	True	subtitle			
2614	конь	3	3	2178	2672	4189	False	False	subtitle	noun	horse	馬
2615	обида	3			2673	4188	False	True	subtitle			
2616	губернатор	3	3	2458	2674	4181	False	False	subtitle	noun	governor	知事
2617	выражение	3	2	1437	2675	4178	False	False	subtitle	noun	expression	表現
2618	нигде	3	3	2924	2676	4178	False	False	subtitle	adv	nowhere	どこにも~ない
2619	приветствовать	3			2677	4178	False	True	subtitle			
2620	переходить	3	2	1828	2679	4169	False	False	subtitle	verb	cross	渡る
2621	сокровище	3			2680	4168	False	True	subtitle			
2622	засунуть	3			2681	4160	False	True	subtitle			
2623	комитет	3	2	1662	2682	4160	False	False	subtitle	noun	committee	委員会
2624	пригодиться	3			2683	4160	False	True	subtitle			
2625	заснуть	3			2684	4159	False	True	subtitle			
2626	благодарность	3			2685	4158	False	True	subtitle			
2627	вооруженный	3	3	2799	2686	4154	False	False	subtitle	adj	armed	武装した
2628	пилот	3			2687	4154	False	True	subtitle			
2629	блюдо	3			2688	4152	False	True	subtitle			
2630	отстой	3			2689	4150	False	True	subtitle			
2631	указать	3	2	1535	2690	4149	False	False	subtitle	verb	indicate	示す
2632	вечный	3	2	1868	2691	4146	False	False	subtitle	adj	eternal	永遠の
2633	ровно	3	3	2630	2692	4146	False	False	subtitle	adv	exactly, evenly	ちょうど
2634	мелочь	3			2693	4141	False	True	subtitle			
2635	съёмка	3			2694	4141	False	True	subtitle			
2636	юрист	3			2695	4135	False	True	subtitle			
2637	подозрение	3			2696	4127	False	True	subtitle			
2638	социальный	3	1	720	2698	4125	False	False	subtitle	adj	social	社会の
2639	государственный	3	1	714	2699	4122	False	False	subtitle	adj	state	国家の
2640	тишина	3	2	1983	2700	4122	False	False	subtitle	noun	silence	静寂
2641	шар	3	3	2789	2701	4122	False	False	subtitle	noun	sphere, balloon	球
2642	октябрь	3	2	1418	4503	1998	True	False	subtitle	noun	October	10月
2643	печение	3			2702	4117	False	True	subtitle			
2644	аминь	3			2703	4114	False	True	subtitle			
2645	наплевать	3			2704	4112	False	True	subtitle			
2646	период	3	2	1133	2705	4112	False	False	subtitle	noun	period	期間
2647	робот	3			2706	4111	False	True	subtitle			
2648	сант	3			2707	4111	False	True	subtitle			
2649	сводить	3			2708	4109	False	True	subtitle			
2650	неловко	3			2709	4102	False	True	subtitle			
2651	уснуть	3			2710	4102	False	True	subtitle			
2652	кража	3			2711	4099	False	True	subtitle			
2653	образование	3	2	1132	2712	4095	False	False	subtitle	noun	education	教育
2654	велеть	3	3	2844	2713	4092	False	False	subtitle	verb	order, command	命じる
2655	страдание	3	3	2803	2714	4092	False	False	subtitle	noun	suffering	苦しみ
2656	разочаровать	3			2716	4088	False	True	subtitle			
2657	второе	3			2717	4085	False	True	subtitle			
2658	чуть-чуть	3			2718	4084	False	True	subtitle			
2659	чемодан	3			2719	4080	False	True	subtitle			
2660	высоко	3	3	2934	2720	4078	False	False	subtitle	adv	highly, high	高く
2661	крошка	3			2721	4074	False	True	subtitle			
2662	пища	3	3	2099	2722	4071	False	False	subtitle	noun	food	食べ物
2663	сперва	3			2723	4070	False	True	subtitle			
2664	твориться	3			2724	4069	False	True	subtitle			
2665	миллиард	3	2	1811	2726	4068	False	False	subtitle	num	billion	十億
2666	существование	3	2	1415	2727	4068	False	False	subtitle	noun	existence	存在
2667	космос	3	1	899	2728	4067	False	False	subtitle	noun	space	宇宙
2668	ла	3			2729	4065	False	True	subtitle			
2669	упомянуть	3	3	2549	2730	4065	False	False	subtitle	verb	mention	言及する
2670	выступить	3	3	2239	2731	4063	False	False	subtitle	verb	perform	出演する
2671	традиция	3	2	1565	2732	4063	False	False	subtitle	noun	tradition	伝統
2672	задержаться	3			2733	4062	False	True	subtitle			
2673	скрыть	3			2734	4062	False	True	subtitle			
2674	проявить	3	3	2874	2736	4059	False	False	subtitle	verb	display, show	示す
2675	чокнутый	3			2737	4059	False	True	subtitle			
2676	спрятаться	3			2738	4057	False	True	subtitle			
2677	кролик	3			2739	4054	False	True	subtitle			
2678	низкий	3	1	688	2740	4054	False	False	subtitle	adj	low	低い
2679	столкнуться	3			2741	4054	False	True	subtitle			
2680	спеть	3			2742	4051	False	True	subtitle			
2681	гостиница	3	1	867	2744	4046	False	False	subtitle	noun	hotel	ホテル
2682	поколение	3	2	1620	2745	4045	False	False	subtitle	noun	generation	世代
2683	сволочь	3			2747	4036	False	True	subtitle			
2684	открыться	3	3	2296	2748	4035	False	False	subtitle	verb	open	開く
2685	попадать	3	3	2084	2749	4029	False	False	subtitle	verb	get into	入る
2686	разделить	3	3	2850	2750	4027	False	False	subtitle	verb	divide	分ける
2687	сверху	3	1	972	2751	4026	False	False	subtitle	adv	from above	上から
2688	журналист	3	2	1551	2752	4022	False	False	subtitle	noun	journalist	記者
2689	сообщать	3	2	1890	2753	4021	False	False	subtitle	verb	report	報告する
2690	апрель	3	2	1236	4589	1937	True	False	subtitle	noun	April	4月
2691	мо	3			2754	4019	False	True	subtitle			
2692	мадемуазель	3			2755	4017	False	True	subtitle			
2693	что-либо	3			2756	4016	False	True	subtitle			
2694	несомненно	3	3	2792	2758	4014	False	False	subtitle	adv	undoubtedly	間違いなく
2695	рассказ	3	2	1297	2759	4014	False	False	subtitle	noun	story	物語
2696	грант	3			2760	4010	False	True	subtitle			
2697	сан	3			2761	4009	False	True	subtitle			
2698	похищение	3			2762	4004	False	True	subtitle			
2699	заводить	3			2763	3998	False	True	subtitle			
2700	заполучить	3			2764	3998	False	True	subtitle			
2701	ответственный	3	3	2872	2765	3997	False	False	subtitle	adj	responsible	責任のある
2702	катастрофа	3			2766	3995	False	True	subtitle			
2703	оценить	3	2	1929	2767	3994	False	False	subtitle	verb	evaluate	評価する
2704	физический	3	2	1382	2768	3993	False	False	subtitle	adj	physical	物理的な
2705	глубина	3	2	1714	2769	3992	False	False	subtitle	noun	depth	深さ
2706	биться	3			2770	3990	False	True	subtitle			
2707	чемпион	3			2771	3987	False	True	subtitle			
2708	временной	3			2772	3985	False	True	subtitle			
2709	избегать	3			2773	3985	False	True	subtitle			
2710	рш	3			2774	3985	False	True	subtitle			
2711	вмешиваться	3			2775	3983	False	True	subtitle			
2712	дженять	3			2776	3983	False	True	subtitle			
2713	заново	3			2777	3980	False	True	subtitle			
2714	напротив	3	1	969	2778	3980	False	False	subtitle	adv	opposite	向かいに
2715	плавать	3			2779	3974	False	True	subtitle			
2716	заканчиваться	3			2781	3968	False	True	subtitle			
2717	розовый	3	3	2971	2782	3965	False	False	subtitle	adj	pink	ピンクの
2718	предатель	3			2783	3964	False	True	subtitle			
2719	сердечный	3			2784	3960	False	True	subtitle			
2720	ненависть	3	1	946	2785	3958	False	False	subtitle	noun	hatred	憎しみ
2721	намерение	3	3	2522	2786	3952	False	False	subtitle	noun	intention	意図
2722	прогуляться	3			2787	3950	False	True	subtitle			
2723	тридцать	3	2	1740	2788	3949	False	False	subtitle	num	thirty	三十
2724	союз	3	2	1212	2789	3945	False	False	subtitle	noun	union	同盟
2725	процедура	3	2	1954	2791	3944	False	False	subtitle	noun	procedure	手順
2726	обнять	3	1	835	2792	3943	False	False	subtitle	verb	hug	抱きしめる
2727	облажаться	3			2793	3942	False	True	subtitle			
2728	наружу	3			2794	3941	False	True	subtitle			
2729	обеспечить	3	2	1656	2795	3938	False	False	subtitle	verb	provide	提供する
2730	конкурс	3	2	1732	2796	3937	False	False	subtitle	noun	competition	競争
2731	мокрый	3	1	696	4660	1893	True	False	subtitle	adj	wet	濡れた
2732	секретарь	3	1	520	2798	3935	False	False	subtitle	noun	secretary	秘書
2733	подготовка	3	2	1409	2799	3934	False	False	subtitle	noun	preparation	準備
2734	записывать	3	1	804	2800	3930	False	False	subtitle	verb	record	記録する
2735	китай	3	2	1901	2801	3930	False	False	subtitle	noun	China	中国
2736	нанести	3	3	2754	2803	3927	False	False	subtitle	verb	inflict, apply	加える
2737	немецкий	3	2	1335	2804	3927	False	False	subtitle	adj	German	ドイツの
2738	заполнить	3			2805	3925	False	True	subtitle			
2739	вскоре	3	2	1503	2807	3920	False	False	subtitle	adv	soon	まもなく
2740	разбитый	3			2808	3920	False	True	subtitle			
2741	германия	3	2	1317	2809	3919	False	False	subtitle	noun	Germany	ドイツ
2742	грубый	3	3	2841	2810	3919	False	False	subtitle	adj	rude, coarse	粗野な
2743	популярный	3	3	2233	2811	3918	False	False	subtitle	adj	popular	人気の
2744	пятно	3	3	2831	2812	3914	False	False	subtitle	noun	stain, spot	しみ
2745	ложка	3			4687	1874	True	True	subtitle			
2746	приключение	3			2813	3913	False	True	subtitle			
2747	мсьё	3			2815	3910	False	True	subtitle			
2748	агентство	3	3	2102	2817	3906	False	False	subtitle	noun	agency	機関
2749	палата	3	3	2278	2818	3904	False	False	subtitle	noun	chamber	議院
2750	председатель	3	2	1569	2819	3901	False	False	subtitle	noun	chairman	議長
2751	спорт	3	3	2216	2820	3900	False	False	subtitle	noun	sport	スポーツ
2752	пасть	3			2821	3898	False	True	subtitle			
2753	бесплатно	3			2822	3897	False	True	subtitle			
2754	слуга	3			2823	3896	False	True	subtitle			
2755	подпись	3			2824	3894	False	True	subtitle			
2756	акция	3	2	1463	2825	3892	False	False	subtitle	noun	share, campaign	株式
2757	поспорить	3			2826	3892	False	True	subtitle			
2758	радоваться	3	3	2483	2827	3891	False	False	subtitle	verb	rejoice	喜ぶ
2759	дружок	3			2828	3889	False	True	subtitle			
2760	железный	3	2	1775	2829	3889	False	False	subtitle	adj	iron	鉄の
2761	знакомство	3	3	2423	2830	3889	False	False	subtitle	noun	acquaintance	知り合い
2762	неожиданно	3	2	1771	2831	3887	False	False	subtitle	adv	unexpectedly	突然
2763	дневник	3	3	2426	2832	3878	False	False	subtitle	noun	diary	日記
2764	домик	3			2833	3878	False	True	subtitle			
2765	ткань	3	3	2633	2834	3876	False	False	subtitle	noun	fabric	布
2766	чей-то	3			2836	3874	False	True	subtitle			
2767	гордость	3	1	945	2837	3868	False	False	subtitle	noun	pride	誇り
2768	ноябрь	3	2	1533	4729	1852	True	False	subtitle	noun	November	11月
2769	собачий	3			2838	3868	False	True	subtitle			
2770	проваливать	3			2840	3862	False	True	subtitle			
2771	красть	3			2841	3861	False	True	subtitle			
2772	отметить	3	2	1282	2842	3860	False	False	subtitle	verb	note	指摘する
2773	ревновать	3			2843	3860	False	True	subtitle			
2774	благо	3	2	1988	2844	3856	False	False	subtitle	noun	benefit	恩恵
2775	бо	3			2845	3854	False	True	subtitle			
2776	трахаться	3			2846	3853	False	True	subtitle			
2777	основа	3	2	1140	2847	3851	False	False	subtitle	noun	basis	基礎
2778	явиться	3	2	1920	2848	3844	False	False	subtitle	verb	appear	現れる
2779	взорвать	3			2849	3842	False	True	subtitle			
2780	новичок	3			2850	3838	False	True	subtitle			
2781	удивлённый	3			2851	3837	False	True	subtitle			
2782	писатель	3	2	1353	2852	3835	False	False	subtitle	noun	writer	作家
2783	бесполезный	3			2854	3829	False	True	subtitle			
2784	беседа	3	2	1846	2855	3828	False	False	subtitle	noun	conversation	会話
2785	жарко	3			2856	3826	False	True	subtitle			
2786	комиссар	3			2858	3825	False	True	subtitle			
2787	хмм	3			2860	3822	False	True	subtitle			
2788	бокал	3			2861	3821	False	True	subtitle			
2789	прогулка	3			2862	3815	False	True	subtitle			
2790	неправильный	3			2863	3814	False	True	subtitle			
2791	любовник	3			2864	3810	False	True	subtitle			
2792	немец	3	2	1465	2865	3810	False	False	subtitle	noun	German (person)	ドイツ人
2793	империя	3	3	2187	2866	3809	False	False	subtitle	noun	empire	帝国
2794	оборудование	3	2	1888	2867	3806	False	False	subtitle	noun	equipment	設備
2795	пенни	3			2868	3806	False	True	subtitle			
2796	предупреждение	3			2869	3806	False	True	subtitle			
2797	лишить	3	3	2685	2870	3803	False	False	subtitle	verb	deprive	奪う
2798	соревнование	3	3	2987	2871	3803	False	False	subtitle	noun	competition (sport)	競技会
2799	фраза	3	1	927	2872	3802	False	False	subtitle	noun	phrase	句
2800	уверять	3			2873	3801	False	True	subtitle			
2801	завидовать	3			2874	3798	False	True	subtitle			
2802	заключение	3	2	1804	2875	3798	False	False	subtitle	noun	conclusion	結論
2803	мотоцикл	3			2876	3794	False	True	subtitle			
2804	видение	3			2877	3791	False	True	subtitle			
2805	впустить	3			2878	3790	False	True	subtitle			
2806	соус	3			2879	3789	False	True	subtitle			
2807	советовать	3	3	2861	2880	3788	False	False	subtitle	verb	advise	助言する
2808	летний	3	3	2469	2881	3782	False	False	subtitle	adj	summer	夏の
2809	посуда	3			4803	1813	True	True	subtitle			
2810	нерв	3			2882	3782	False	True	subtitle			
2811	цифра	3	2	1921	2883	3782	False	False	subtitle	noun	digit	数字
2812	переводить	3			4806	1811	True	True	subtitle			
2813	выставить	3			2884	3780	False	True	subtitle			
2814	музей	3	1	881	2885	3780	False	False	subtitle	noun	museum	博物館
2815	вертолёт	3			2886	3778	False	True	subtitle			
2816	э-э	3			2887	3778	False	True	subtitle			
2817	терапия	3			2888	3777	False	True	subtitle			
2818	безусловно	3	3	2231	2889	3775	False	False	subtitle	adv	certainly	もちろん
2819	беспокойство	3			2891	3772	False	True	subtitle			
2820	езжать	3			2892	3771	False	True	subtitle			
2821	голосовать	3			2894	3766	False	True	subtitle			
2822	отличаться	3	2	1451	2895	3766	False	False	subtitle	verb	differ	異なる
2823	какой-либо	3			2897	3764	False	True	subtitle			
2824	парковка	3			2898	3759	False	True	subtitle			
2825	неизвестный	3	3	2134	2900	3758	False	False	subtitle	adj	unknown	未知の
2826	недалеко	3			2902	3755	False	True	subtitle			
2827	орудие	3	3	2827	2903	3753	False	False	subtitle	noun	tool, instrument	道具
2828	класть	3	1	438	2904	3752	False	False	subtitle	verb	put	置く
2829	одинаковый	3	3	2322	2906	3747	False	False	subtitle	adj	identical	同じ
2830	удобно	3			2908	3745	False	True	subtitle			
2831	ведущий	3	2	1885	2909	3742	False	False	subtitle	adj	leading	主要な
2832	дл	3			2910	3740	False	True	subtitle			
2833	иск	3			2911	3736	False	True	subtitle			
2834	объявление	3	3	2778	2912	3736	False	False	subtitle	noun	announcement	お知らせ
2835	паспорт	3	1	643	2913	3735	False	False	subtitle	noun	passport	旅券
2836	влияние	3	2	1357	2915	3732	False	False	subtitle	noun	influence	影響
2837	башня	3	3	2660	2916	3731	False	False	subtitle	noun	tower	塔
2838	фу	3			2917	3731	False	True	subtitle			
2839	истина	3	2	1700	2918	3728	False	False	subtitle	noun	truth	真実
2840	фанат	3			2919	3725	False	True	subtitle			
2841	япония	3	3	2320	2920	3725	False	False	subtitle	noun	Japan	日本
2842	продюсер	3			2921	3724	False	True	subtitle			
2843	целовать	3	1	836	2922	3723	False	False	subtitle	verb	kiss	キスする
2844	забить	3			2923	3720	False	True	subtitle			
2845	специалист	3	2	1242	2924	3719	False	False	subtitle	noun	specialist	専門家
2846	направо	3			2925	3718	False	True	subtitle			
2847	дорогуша	3			2926	3715	False	True	subtitle			
2848	слышный	3			2927	3715	False	True	subtitle			
2849	смотреться	3			2928	3713	False	True	subtitle			
2850	доставать	3			2929	3708	False	True	subtitle			
2851	символ	3	3	2126	2930	3707	False	False	subtitle	noun	symbol	象徴
2852	мобильный	3	3	2553	2931	3705	False	False	subtitle	adj	mobile	携帯の
2853	торговый	3	2	1723	2933	3701	False	False	subtitle	adj	commercial	商業の
2854	бал	3			2935	3696	False	True	subtitle			
2855	тепло	3	3	2087	2936	3694	False	False	subtitle	predic	warm	暖かい
2856	россия	3	2	1008	2937	3691	False	False	subtitle	noun	Russia	ロシア
2857	высочество	3			2938	3690	False	True	subtitle			
2858	некуда	3			2939	3690	False	True	subtitle			
2859	практика	3	2	1365	2940	3689	False	False	subtitle	noun	practice	実践
2860	сердиться	3			2942	3688	False	True	subtitle			
2861	поворот	3	1	877	2943	3685	False	False	subtitle	noun	turn	曲がり角
2862	из-под	3			2944	3683	False	True	subtitle			
2863	альбом	3	3	2795	2945	3681	False	False	subtitle	noun	album	アルバム
2864	сравнение	3	2	1541	2947	3674	False	False	subtitle	noun	comparison	比較
2865	завтрашний	3			2948	3673	False	True	subtitle			
2866	превосходно	3			2949	3669	False	True	subtitle			
2867	захотеться	3			2950	3666	False	True	subtitle			
2868	развлекаться	3			2951	3666	False	True	subtitle			
2869	отомстить	3			2953	3664	False	True	subtitle			
2870	верхний	3	2	1952	2954	3663	False	False	subtitle	adj	upper	上の
2871	спортивный	3	3	2436	2955	3662	False	False	subtitle	adj	athletic	スポーツの
2872	сбор	3	3	2518	2956	3661	False	False	subtitle	noun	collection, gathering	集金
2873	набрать	3	3	2679	2957	3659	False	False	subtitle	verb	gain, accumulate	集める
2874	коктейль	3			2958	3658	False	True	subtitle			
2875	хорошенько	3			2959	3658	False	True	subtitle			
2876	экран	3	1	649	2960	3656	False	False	subtitle	noun	screen	画面
2877	персонал	3	3	2710	2961	3651	False	False	subtitle	noun	staff	職員
2878	запас	3	3	2056	2962	3649	False	False	subtitle	noun	reserve	備蓄
2879	справедливость	3	3	2801	2963	3649	False	False	subtitle	noun	justice	正義
2880	музыкальный	3	3	2137	2964	3648	False	False	subtitle	adj	musical	音楽の
2881	стрелка	3			2965	3645	False	True	subtitle			
2882	завершить	3			2967	3637	False	True	subtitle			
2883	марь	3			2968	3635	False	True	subtitle			
2884	подробность	3	3	2346	2969	3635	False	False	subtitle	noun	detail	詳細
2885	заказывать	3			2970	3634	False	True	subtitle			
2886	смелый	3			2971	3632	False	True	subtitle			
2887	нападать	3	1	823	2972	3631	False	False	subtitle	verb	attack	攻撃する
2888	чжина	3			2973	3630	False	True	subtitle			
2889	полгода	3			2974	3626	False	True	subtitle			
2890	опухоль	3			2975	3625	False	True	subtitle			
2891	кадр	3	2	1957	2976	3622	False	False	subtitle	noun	frame	コマ
2892	сидение	3			2977	3622	False	True	subtitle			
2893	осень	3	2	1990	4963	1715	True	False	subtitle	noun	autumn	秋
2894	доска	3	3	2314	2978	3620	False	False	subtitle	noun	board	板
2895	вокзал	3	3	2796	4965	1714	True	False	subtitle	noun	train station	駅
2896	привлекательный	3			2979	3620	False	True	subtitle			
2897	жёлтый	3	1	368	2980	3618	False	False	subtitle	adj	yellow	黄色い
2898	вот-вот	3			2981	3615	False	True	subtitle			
2899	отпускать	3			2983	3611	False	True	subtitle			
2900	смертный	3			2984	3611	False	True	subtitle			
2901	мудак	3			2985	3610	False	True	subtitle			
2902	далее	3	2	1139	2986	3609	False	False	subtitle	adv	further	さらに
2903	обезьяна	3			2987	3609	False	True	subtitle			
2904	повернуть	3	3	2659	2988	3608	False	False	subtitle	verb	turn	曲がる
2905	налог	3	2	1773	2989	3604	False	False	subtitle	noun	tax	税金
2906	аптека	3			4983	1704	True	True	subtitle			
2907	шестой	3			2990	3604	False	True	subtitle			
2908	спятить	3			2991	3603	False	True	subtitle			
2909	вывод	3	2	1330	2992	3601	False	False	subtitle	noun	conclusion	結論
2910	оправдание	3			2993	3600	False	True	subtitle			
2911	делиться	3			2996	3596	False	True	subtitle			
2912	суметь	3	2	1743	2997	3594	False	False	subtitle	verb	manage	できる
2913	плоть	3			2998	3591	False	True	subtitle			
2914	декабрь	3	2	1443	4997	1698	True	False	subtitle	noun	December	12月
2915	одеть	3			2999	3590	False	True	subtitle			
2916	позор	3			3000	3589	False	True	subtitle			
2917	советник	3			3001	3587	False	True	subtitle			
2918	повести	3			3002	3586	False	True	subtitle			
2919	разойтись	3			3003	3586	False	True	subtitle			
2920	ти	3			3004	3586	False	True	subtitle			
2921	британский	3	3	2646	3005	3585	False	False	subtitle	adj	British	イギリスの
2922	сломаться	3			3006	3583	False	True	subtitle			
2923	замешать	3			3007	3581	False	True	subtitle			
2924	хирург	3			3008	3581	False	True	subtitle			
2925	тошнить	3			3009	3580	False	True	subtitle			
2926	обыскать	3			3010	3579	False	True	subtitle			
2927	медленный	3	1	360	3012	3577	False	False	subtitle	adj	slow	遅い
2928	разрешать	3			3013	3577	False	True	subtitle			
2929	терпение	3			3014	3577	False	True	subtitle			
2930	очаровательный	3			3015	3573	False	True	subtitle			
2931	сбросить	3			3016	3573	False	True	subtitle			
2932	игнорировать	3			3017	3572	False	True	subtitle			
2933	сдохнуть	3			3018	3572	False	True	subtitle			
2934	сиська	3			3019	3572	False	True	subtitle			
2935	окружный	3			3020	3571	False	True	subtitle			
2936	связанный	3	2	1877	3021	3571	False	False	subtitle	adj	connected	関連した
2937	шоколад	3			3022	3569	False	True	subtitle			
2938	валить	3			3023	3566	False	True	subtitle			
2939	жесткий	3	3	2032	3024	3566	False	False	subtitle	adj	hard	硬い
2940	расписание	3			3025	3566	False	True	subtitle			
2941	атаковать	3			3026	3563	False	True	subtitle			
2942	убежище	3			3027	3561	False	True	subtitle			
2943	синьор	3			3028	3559	False	True	subtitle			
2944	уверенность	3	3	2283	3029	3555	False	False	subtitle	noun	confidence	自信
2945	тост	3			3030	3552	False	True	subtitle			
2946	освобождение	3			3031	3551	False	True	subtitle			
2947	тварь	3			3032	3547	False	True	subtitle			
2948	прикончить	3			3033	3546	False	True	subtitle			
2949	слабость	3			3034	3544	False	True	subtitle			
2950	надевать	3	1	808	3035	3543	False	False	subtitle	verb	put on	着る
2951	очко	3			3036	3543	False	True	subtitle			
2952	нарисовать	3			3037	3541	False	True	subtitle			
2953	согласие	3	3	2495	3038	3541	False	False	subtitle	noun	consent	同意
2954	подушка	3			3039	3539	False	True	subtitle			
2955	хреновый	3			3040	3534	False	True	subtitle			
2956	выпускной	3			3041	3532	False	True	subtitle			
2957	руководство	3	2	1367	3042	3529	False	False	subtitle	noun	leadership, guide	指導
2958	будущий	3	1	710	3043	3528	False	False	subtitle	adj	future	未来の
2959	расследовать	3			3044	3525	False	True	subtitle			
2960	опознать	3			3045	3524	False	True	subtitle			
2961	поклясться	3			3046	3522	False	True	subtitle			
2962	исключить	3	3	2943	3047	3520	False	False	subtitle	verb	exclude	除外する
2963	подержать	3			3048	3518	False	True	subtitle			
2964	напиться	3			3049	3517	False	True	subtitle			
2965	обучение	3	2	1483	3050	3517	False	False	subtitle	noun	training	教育
2966	скрытый	3			3052	3513	False	True	subtitle			
2967	январь	3	2	1370	5087	1643	True	False	subtitle	noun	January	1月
2968	поместить	3			3054	3511	False	True	subtitle			
2969	шина	3			3055	3511	False	True	subtitle			
2970	деться	3			3056	3510	False	True	subtitle			
2971	учёба	3			3059	3509	False	True	subtitle			
2972	вика	3			3060	3504	False	True	subtitle			
2973	красавчик	3			3061	3503	False	True	subtitle			
2974	государство	3	2	1055	3062	3502	False	False	subtitle	noun	state	国家
2975	набор	3	2	1917	3063	3502	False	False	subtitle	noun	set	一式
2976	сейф	3			3064	3500	False	True	subtitle			
2977	поужинать	3			3065	3499	False	True	subtitle			
2978	вероятность	3	3	2486	3066	3495	False	False	subtitle	noun	probability	確率
2979	роуз	3			3068	3493	False	True	subtitle			
2980	дать-ка	3			3069	3492	False	True	subtitle			
2981	жирный	3			3070	3490	False	True	subtitle			
2982	поход	3	3	2400	3073	3487	False	False	subtitle	noun	hike	遠足
2983	император	3	3	2453	3074	3486	False	False	subtitle	noun	emperor	皇帝
2984	преимущество	3	3	2154	3075	3486	False	False	subtitle	noun	advantage	利点
2985	решётка	3			3076	3482	False	True	subtitle			
2986	внешний	3	2	1253	3077	3481	False	False	subtitle	adj	external	外部の
2987	расход	3	2	1884	3078	3478	False	False	subtitle	noun	expense	支出
2988	веселие	3			3079	3476	False	True	subtitle			
2989	международный	3	2	1224	3080	3475	False	False	subtitle	adj	international	国際的な
2990	мода	3			3081	3475	False	True	subtitle			
2991	переезжать	3			3082	3475	False	True	subtitle			
2992	подвезти	3			3083	3474	False	True	subtitle			
2993	фальшивый	3			3084	3473	False	True	subtitle			
2994	кататься	3			3085	3471	False	True	subtitle			
2995	четверо	3			3086	3469	False	True	subtitle			
2996	отрезать	3			3087	3467	False	True	subtitle			
2997	посетитель	3	3	2447	3088	3467	False	False	subtitle	noun	visitor	訪問者
2998	славный	3			3089	3466	False	True	subtitle			
2999	картинка	3	3	2251	3090	3456	False	False	subtitle	noun	picture	絵
3000	футболка	3			3091	3456	False	True	subtitle			
3001	зомби	4			3092	3453	False	True	subtitle			
3002	противник	4	2	1347	3093	3453	False	False	subtitle	noun	opponent	敵
3003	покупатель	4	2	1989	3094	3451	False	False	subtitle	noun	buyer	買い手
3004	подход	4	2	1480	3095	3449	False	False	subtitle	noun	approach	アプローチ
3005	джесс	4			3096	3446	False	True	subtitle			
3006	портить	4			3097	3446	False	True	subtitle			
3007	повлиять	4			3098	3444	False	True	subtitle			
3008	причем	4	2	1197	3099	3442	False	False	subtitle	conj	moreover	しかも
3009	стремиться	4	2	1482	3101	3440	False	False	subtitle	verb	strive	目指す
3010	трюк	4			3102	3440	False	True	subtitle			
3011	свадебный	4			3103	3435	False	True	subtitle			
3012	врата	4			3105	3431	False	True	subtitle			
3013	цент	4			3107	3429	False	True	subtitle			
3014	познакомить	4			3108	3427	False	True	subtitle			
3015	ядерный	4	3	2337	3109	3426	False	False	subtitle	adj	nuclear	核の
3016	послание	4			3110	3425	False	True	subtitle			
3017	фантазия	4	3	2868	3111	3425	False	False	subtitle	noun	fantasy	空想
3018	рассвет	4			3112	3421	False	True	subtitle			
3019	заинтересовать	4			3113	3419	False	True	subtitle			
3020	рецепт	4			3114	3419	False	True	subtitle			
3021	производство	4	2	1150	3115	3416	False	False	subtitle	noun	production	生産
3022	редкий	4	3	2205	3116	3416	False	False	subtitle	adj	rare	珍しい
3023	ми	4			3117	3413	False	True	subtitle			
3024	середина	4	1	962	3118	3413	False	False	subtitle	noun	middle	中央
3025	взломать	4			3119	3412	False	True	subtitle			
3026	пари	4			3120	3412	False	True	subtitle			
3027	ограбить	4			3121	3409	False	True	subtitle			
3028	основать	4	2	1953	3122	3405	False	False	subtitle	verb	found	設立する
3029	шрам	4			3123	3405	False	True	subtitle			
3030	ложный	4			3124	3402	False	True	subtitle			
3031	полететь	4			3125	3402	False	True	subtitle			
3032	яркий	4	2	1595	3126	3401	False	False	subtitle	adj	bright	明るい
3033	залог	4			3127	3397	False	True	subtitle			
3034	удачный	4			3128	3397	False	True	subtitle			
3035	ясный	4	2	1530	3129	3396	False	False	subtitle	adj	clear	明確な
3036	христос	4	3	2109	3130	3394	False	False	subtitle	noun	Christ	キリスト
3037	использование	4	2	1176	3131	3393	False	False	subtitle	noun	use	使用
3038	отставка	4			3132	3392	False	True	subtitle			
3039	хер	4			3133	3392	False	True	subtitle			
3040	ярость	4			3134	3392	False	True	subtitle			
3041	вступить	4	3	2359	3135	3391	False	False	subtitle	verb	enter	入る
3042	милорд	4			3136	3389	False	True	subtitle			
3043	лев	4	3	2287	3138	3388	False	False	subtitle	noun	lion	ライオン
3044	дорого	4	3	2680	3139	3380	False	False	subtitle	adv	expensively	高く
3045	поверхность	4	2	1863	3140	3378	False	False	subtitle	noun	surface	表面
3046	судно	4	3	2690	3141	3374	False	False	subtitle	noun	vessel, ship	船
3047	пассажир	4	3	2567	3142	3373	False	False	subtitle	noun	passenger	乗客
3048	желудок	4			3143	3372	False	True	subtitle			
3049	несчастие	4			3144	3371	False	True	subtitle			
3050	привычка	4	3	2351	3145	3371	False	False	subtitle	noun	habit	習慣
3051	перчатка	4			3146	3370	False	True	subtitle			
3052	тон	4	3	2060	3147	3369	False	False	subtitle	noun	tone	調子
3053	вершина	4	3	2312	3148	3368	False	False	subtitle	noun	summit	頂上
3054	нехорошо	4			3149	3367	False	True	subtitle			
3055	персонаж	4	3	2302	3150	3366	False	False	subtitle	noun	character	登場人物
3056	занимать	4	2	1481	3151	3364	False	False	subtitle	verb	occupy	占める
3057	граф	4			3152	3363	False	True	subtitle			
3058	краска	4	3	2596	3153	3362	False	False	subtitle	noun	paint	塗料
3059	равный	4	2	1066	3155	3360	False	False	subtitle	adj	equal	等しい
3060	редко	4	1	197	3156	3358	False	False	subtitle	adv	rarely	めったにない
3061	матч	4			3157	3357	False	True	subtitle			
3062	незнакомец	4			3159	3357	False	True	subtitle			
3063	подобрать	4			3160	3357	False	True	subtitle			
3064	внук	4			3161	3356	False	True	subtitle			
3065	минуточка	4			3162	3355	False	True	subtitle			
3066	развитие	4	2	1027	3163	3355	False	False	subtitle	noun	development	発展
3067	трагедия	4	3	2905	3164	3350	False	False	subtitle	noun	tragedy	悲劇
3068	госпиталь	4			3165	3348	False	True	subtitle			
3069	ружьё	4			3166	3348	False	True	subtitle			
3070	наручник	4			3168	3347	False	True	subtitle			
3071	электричество	4	1	656	3169	3347	False	False	subtitle	noun	electricity	電気
3072	кэрол	4			3170	3346	False	True	subtitle			
3073	стрельба	4			3171	3345	False	True	subtitle			
3074	пенсия	4			3172	3343	False	True	subtitle			
3075	красотка	4			3173	3342	False	True	subtitle			
3076	лор	4			3175	3337	False	True	subtitle			
3077	понимание	4	2	1477	3176	3336	False	False	subtitle	noun	understanding	理解
3078	трахнуть	4			3177	3335	False	True	subtitle			
3079	акт	4	2	1658	3178	3334	False	False	subtitle	noun	act	行為
3080	культура	4	2	1120	3179	3334	False	False	subtitle	noun	culture	文化
3081	сорок	4	2	1837	3180	3334	False	False	subtitle	num	forty	四十
3082	безопасно	4			3181	3333	False	True	subtitle			
3083	книжка	4	2	1932	3182	3330	False	False	subtitle	noun	book	本
3084	пещера	4			3184	3325	False	True	subtitle			
3085	съездить	4			3186	3318	False	True	subtitle			
3086	печень	4			3187	3316	False	True	subtitle			
3087	смертельный	4			3188	3314	False	True	subtitle			
3088	молитва	4	3	2508	3189	3312	False	False	subtitle	noun	prayer	祈り
3089	нервный	4	3	2816	3190	3312	False	False	subtitle	adj	nervous	神経質な
3090	жалоба	4			3191	3311	False	True	subtitle			
3091	падение	4	3	2626	3192	3310	False	False	subtitle	noun	fall	落下
3092	череп	4			3193	3310	False	True	subtitle			
3093	зацепка	4			3194	3309	False	True	subtitle			
3094	стресс	4			3195	3308	False	True	subtitle			
3095	убраться	4			3196	3307	False	True	subtitle			
3096	сниться	4			3198	3306	False	True	subtitle			
3097	отложить	4			3199	3301	False	True	subtitle			
3098	помещение	4	2	1650	3200	3301	False	False	subtitle	noun	premises	室内
3099	просмотреть	4			3202	3300	False	True	subtitle			
3100	операционный	4			3203	3298	False	True	subtitle			
3101	нора	4			3204	3296	False	True	subtitle			
3102	причёска	4			3205	3294	False	True	subtitle			
3103	гольф	4			3206	3291	False	True	subtitle			
3104	перемена	4	3	2534	3207	3290	False	False	subtitle	noun	change	変化
3105	предстоять	4	3	2159	3208	3288	False	False	subtitle	verb	lie ahead	控えている
3106	повториться	4			3209	3287	False	True	subtitle			
3107	седьмой	4			3210	3287	False	True	subtitle			
3108	побег	4			3212	3283	False	True	subtitle			
3109	редактор	4	3	2059	3213	3283	False	False	subtitle	noun	editor	編集者
3110	внести	4	3	2339	3214	3281	False	False	subtitle	verb	contribute	持ち込む
3111	трахать	4			3216	3278	False	True	subtitle			
3112	налить	4			3217	3275	False	True	subtitle			
3113	разведка	4	3	2864	3218	3275	False	False	subtitle	noun	intelligence, reconnaissance	偵察
3114	разумный	4	3	2383	3219	3275	False	False	subtitle	adj	reasonable	合理的な
3115	подряд	4			3221	3273	False	True	subtitle			
3116	штучка	4			3222	3271	False	True	subtitle			
3117	неа	4			3223	3268	False	True	subtitle			
3118	нарушать	4			3224	3267	False	True	subtitle			
3119	выносить	4			3226	3263	False	True	subtitle			
3120	публика	4	3	2507	3227	3260	False	False	subtitle	noun	public, audience	観客
3121	майя	4			3228	3258	False	True	subtitle			
3122	сохранять	4	3	2676	3229	3257	False	False	subtitle	verb	preserve	保つ
3123	марш	4			3230	3250	False	True	subtitle			
3124	тачка	4			3233	3247	False	True	subtitle			
3125	эйприл	4			3234	3246	False	True	subtitle			
3126	беспорядок	4			3235	3245	False	True	subtitle			
3127	сэндвич	4			3236	3242	False	True	subtitle			
3128	фактически	4	3	2152	3237	3242	False	False	subtitle	adv	actually	実際に
3129	суть	4	2	1468	3238	3241	False	False	subtitle	noun	essence	本質
3130	стесняться	4			3239	3240	False	True	subtitle			
3131	загадка	4			3240	3239	False	True	subtitle			
3132	обладать	4	2	1422	3241	3239	False	False	subtitle	verb	possess	持っている
3133	хо	4			3243	3238	False	True	subtitle			
3134	безумно	4			3244	3237	False	True	subtitle			
3135	слева	4	1	971	3246	3236	False	False	subtitle	adv	on left	左に
3136	сутки	4	2	1860	3247	3236	False	False	subtitle	noun	day	一昼夜
3137	изучить	4			3248	3235	False	True	subtitle			
3138	мощный	4	2	1822	3249	3230	False	False	subtitle	adj	powerful	強力な
3139	доказывать	4	1	773	3250	3227	False	False	subtitle	verb	prove	証明する
3140	режим	4	2	1373	3252	3226	False	False	subtitle	noun	regime	体制
3141	бета	4			3253	3225	False	True	subtitle			
3142	цепь	4	3	2967	3254	3224	False	False	subtitle	noun	chain	鎖
3143	вещество	4	3	2244	3255	3223	False	False	subtitle	noun	substance	物質
3144	пульс	4			3256	3222	False	True	subtitle			
3145	конфета	4			3257	3221	False	True	subtitle			
3146	салат	4	1	663	3258	3221	False	False	subtitle	noun	salad	サラダ
3147	телевидение	4	3	2414	3260	3215	False	False	subtitle	noun	television	テレビ
3148	прелесть	4			3261	3214	False	True	subtitle			
3149	приговор	4			3262	3213	False	True	subtitle			
3150	спор	4	3	2070	3263	3212	False	False	subtitle	noun	dispute	論争
3151	точнее	4			3264	3208	False	True	subtitle			
3152	болван	4			3265	3206	False	True	subtitle			
3153	надпись	4	3	2385	3266	3203	False	False	subtitle	noun	inscription	碑文
3154	гиббс	4			3267	3202	False	True	subtitle			
3155	задуматься	4	3	2604	3268	3202	False	False	subtitle	verb	ponder	考え込む
3156	подразделение	4	3	2662	3269	3202	False	False	subtitle	noun	subdivision, unit	部門
3157	строй	4	3	2313	3270	3201	False	False	subtitle	noun	formation	隊列
3158	кризис	4	3	2068	3271	3200	False	False	subtitle	noun	crisis	危機
3159	министерство	4	2	1769	3272	3199	False	False	subtitle	noun	ministry	省
3160	юридический	4	1	723	3273	3199	False	False	subtitle	adj	legal	法律の
3161	щит	4			3274	3198	False	True	subtitle			
3162	доставка	4			3275	3190	False	True	subtitle			
3163	ссора	4			3277	3187	False	True	subtitle			
3164	слушание	4			3278	3181	False	True	subtitle			
3165	давать-ка	4			3279	3180	False	True	subtitle			
3166	бюро	4			3280	3178	False	True	subtitle			
3167	свести	4			3281	3176	False	True	subtitle			
3168	уговорить	4			3282	3176	False	True	subtitle			
3169	заклинание	4			3283	3175	False	True	subtitle			
3170	полотенце	4			3284	3175	False	True	subtitle			
3171	плата	4	3	2007	3285	3173	False	False	subtitle	noun	payment	料金
3172	вонять	4			3286	3172	False	True	subtitle			
3173	скандал	4			3287	3169	False	True	subtitle			
3174	холм	4	3	2911	3289	3167	False	False	subtitle	noun	hill	丘
3175	лук	4			5482	1464	True	True	subtitle			
3176	убирать	4			3292	3165	False	True	subtitle			
3177	воздушный	4	3	2368	3293	3164	False	False	subtitle	adj	air	空気の
3178	профессионал	4			3294	3164	False	True	subtitle			
3179	преподаватель	4	3	2305	5491	1460	True	False	subtitle	noun	teacher	講師
3180	произнести	4	2	1628	3296	3163	False	False	subtitle	verb	utter	発音する
3181	карандаш	4			5494	1457	True	True	subtitle			
3182	милость	4			3299	3154	False	True	subtitle			
3183	симптом	4			3301	3153	False	True	subtitle			
3184	справедливо	4			3303	3147	False	True	subtitle			
3185	ибо	4	2	1251	3304	3144	False	False	subtitle	conj	for, because	なぜなら
3186	местечко	4			3305	3144	False	True	subtitle			
3187	чжу	4			3306	3142	False	True	subtitle			
3188	щрн	4			3307	3142	False	True	subtitle			
3189	соответствовать	4	2	1596	3308	3140	False	False	subtitle	verb	correspond	一致する
3190	отнять	4			3309	3139	False	True	subtitle			
3191	инструкция	4	3	2838	3310	3136	False	False	subtitle	noun	instruction manual	説明書
3192	протяжение	4	3	2479	3311	3136	False	False	subtitle	noun	course	全体
3193	поправиться	4			3312	3135	False	True	subtitle			
3194	джуля	4			3313	3134	False	True	subtitle			
3195	изнасиловать	4			3314	3134	False	True	subtitle			
3196	градус	4			3315	3133	False	True	subtitle			
3197	проделать	4			3316	3132	False	True	subtitle			
3198	комиссия	4	2	1558	3317	3130	False	False	subtitle	noun	commission	委員会
3199	полтора	4	3	2146	3318	3130	False	False	subtitle	num	one and a half	一つ半
3200	бандит	4			3319	3129	False	True	subtitle			
3201	храм	4	2	1705	3320	3129	False	False	subtitle	noun	temple	寺院
3202	нужда	4	3	2639	3321	3127	False	False	subtitle	noun	need, poverty	必要
3203	мгновение	4	3	2448	3323	3124	False	False	subtitle	noun	moment	瞬間
3204	зритель	4	3	2004	3324	3123	False	False	subtitle	noun	viewer	観客
3205	репортёр	4			3325	3121	False	True	subtitle			
3206	обман	4			3326	3119	False	True	subtitle			
3207	верёвка	4			3327	3114	False	True	subtitle			
3208	счастливо	4			3328	3114	False	True	subtitle			
3209	няня	4			3329	3112	False	True	subtitle			
3210	поздороваться	4			3330	3112	False	True	subtitle			
3211	февраль	4	2	1470	5550	1434	True	False	subtitle	noun	February	2月
3212	стереть	4			3332	3111	False	True	subtitle			
3213	груз	4	3	2835	3333	3102	False	False	subtitle	noun	cargo	貨物
3214	лишиться	4			3334	3102	False	True	subtitle			
3215	приступить	4			3337	3096	False	True	subtitle			
3216	кровотечение	4			3338	3095	False	True	subtitle			
3217	требование	4	2	1326	3339	3095	False	False	subtitle	noun	demand	要求
3218	лести	4			3340	3092	False	True	subtitle			
3219	аренда	4			3341	3090	False	True	subtitle			
3220	пожертвовать	4			3342	3087	False	True	subtitle			
3221	италия	4	3	2588	3343	3085	False	False	subtitle	noun	Italy	イタリア
3222	спокойствие	4			3344	3085	False	True	subtitle			
3223	приют	4			3345	3082	False	True	subtitle			
3224	беречься	4			3346	3081	False	True	subtitle			
3225	плёнка	4			3347	3081	False	True	subtitle			
3226	срочный	4			3349	3080	False	True	subtitle			
3227	избить	4			3351	3079	False	True	subtitle			
3228	сраный	4			3352	3079	False	True	subtitle			
3229	депрессия	4			3353	3077	False	True	subtitle			
3230	мерзкий	4			3354	3076	False	True	subtitle			
3231	поблизости	4			3355	3076	False	True	subtitle			
3232	доза	4			3357	3074	False	True	subtitle			
3233	поражение	4	1	908	3358	3073	False	False	subtitle	noun	defeat	敗北
3234	изображение	4	2	1797	3359	3072	False	False	subtitle	noun	image	画像
3235	раздражать	4			3360	3070	False	True	subtitle			
3236	дружить	4			3362	3069	False	True	subtitle			
3237	песок	4	1	590	3363	3069	False	False	subtitle	noun	sand	砂
3238	свеча	4			3364	3069	False	True	subtitle			
3239	картошка	4			3365	3066	False	True	subtitle			
3240	королевство	4			3366	3065	False	True	subtitle			
3241	итан	4			3367	3064	False	True	subtitle			
3242	мышь	4			3368	3064	False	True	subtitle			
3243	слушаться	4			3369	3063	False	True	subtitle			
3244	паника	4			3370	3062	False	True	subtitle			
3245	чан	4			3371	3061	False	True	subtitle			
3246	вырвать	4			3372	3060	False	True	subtitle			
3247	ээ	4			3373	3060	False	True	subtitle			
3248	заранее	4	2	1816	3374	3059	False	False	subtitle	adv	in advance	前もって
3249	актриса	4			3375	3058	False	True	subtitle			
3250	печально	4			3376	3054	False	True	subtitle			
3251	александр	4	2	1141	3377	3053	False	False	subtitle	noun	Alexander (name)	アレクサンドル(人名)
3252	лига	4			3378	3053	False	True	subtitle			
3253	рисунок	4	1	921	3379	3040	False	False	subtitle	noun	drawing	絵
3254	баба	4	3	2408	3380	3038	False	False	subtitle	noun	woman	女
3255	пыль	4	3	2619	3381	3038	False	False	subtitle	noun	dust	埃
3256	бак	4			3383	3036	False	True	subtitle			
3257	участник	4	2	1218	3384	3036	False	False	subtitle	noun	participant	参加者
3258	фут	4			3385	3036	False	True	subtitle			
3259	лжец	4			3386	3035	False	True	subtitle			
3260	удержать	4			3387	3035	False	True	subtitle			
3261	отравить	4			3388	3032	False	True	subtitle			
3262	улететь	4			3389	3031	False	True	subtitle			
3263	француз	4	3	2735	3390	3030	False	False	subtitle	noun	Frenchman	フランス人
3264	любопытно	4			3391	3029	False	True	subtitle			
3265	очистить	4			3392	3029	False	True	subtitle			
3266	оплата	4	3	2478	3393	3028	False	False	subtitle	noun	payment	支払い
3267	бабуля	4			3394	3026	False	True	subtitle			
3268	коллекция	4			3395	3024	False	True	subtitle			
3269	обстановка	4	2	1913	3396	3024	False	False	subtitle	noun	situation	状況
3270	непросто	4			3397	3023	False	True	subtitle			
3271	воображение	4	3	2840	3398	3022	False	False	subtitle	noun	imagination	想像力
3272	галстук	4			3399	3022	False	True	subtitle			
3273	гигантский	4			3400	3022	False	True	subtitle			
3274	бензин	4	1	874	3401	3017	False	False	subtitle	noun	gasoline	ガソリン
3275	клоун	4			3402	3014	False	True	subtitle			
3276	разорвать	4			3403	3014	False	True	subtitle			
3277	прыгнуть	4			3404	3011	False	True	subtitle			
3278	справа	4	1	970	3405	3011	False	False	subtitle	adv	on right	右に
3279	точность	4	3	2705	3407	3009	False	False	subtitle	noun	accuracy	正確さ
3280	всерьёз	4			3408	3008	False	True	subtitle			
3281	кровавый	4			3409	3005	False	True	subtitle			
3282	серийный	4			3410	3003	False	True	subtitle			
3283	выпуск	4	2	1791	3411	3001	False	False	subtitle	noun	release	発行
3284	навык	4	3	2666	3412	3000	False	False	subtitle	noun	skill	スキル
3285	хранилище	4			3413	3000	False	True	subtitle			
3286	тонкий	4	2	1592	3415	2998	False	False	subtitle	adj	thin	薄い
3287	повышение	4	2	1847	3417	2995	False	False	subtitle	noun	increase	増加
3288	вечность	4			3418	2992	False	True	subtitle			
3289	выписать	4			3419	2992	False	True	subtitle			
3290	толстый	4	3	2048	3420	2990	False	False	subtitle	adj	thick	厚い
3291	пройтись	4			3421	2988	False	True	subtitle			
3292	гарантировать	4			3422	2985	False	True	subtitle			
3293	соседка	4			3424	2983	False	True	subtitle			
3294	конечный	4	3	2028	3425	2981	False	False	subtitle	adj	final	最終の
3295	произвести	4	2	1933	3426	2981	False	False	subtitle	verb	produce	生み出す
3296	развлечение	4			3427	2981	False	True	subtitle			
3297	замена	4			3428	2980	False	True	subtitle			
3298	привлекать	4	3	2814	3429	2980	False	False	subtitle	verb	attract	引き付ける
3299	побережье	4			3431	2977	False	True	subtitle			
3300	пошутить	4			3432	2977	False	True	subtitle			
3301	последовать	4	3	2409	3433	2975	False	False	subtitle	verb	follow	続く
3302	бонний	4			3435	2972	False	True	subtitle			
3303	библия	4			3437	2971	False	True	subtitle			
3304	подтверждать	4	3	2995	3438	2970	False	False	subtitle	verb	confirm	確認する
3305	вправду	4			3440	2964	False	True	subtitle			
3306	белые	4			3441	2962	False	True	subtitle			
3307	отчаяние	4			3442	2962	False	True	subtitle			
3308	ааа	4			3443	2959	False	True	subtitle			
3309	сью	4			3444	2959	False	True	subtitle			
3310	относительно	4	2	1624	3445	2958	False	False	subtitle	prep	regarding	に関して
3311	прилететь	4			3446	2958	False	True	subtitle			
3312	успешный	4	3	2389	3447	2954	False	False	subtitle	adj	successful	成功した
3313	достоинство	4	2	1949	3448	2951	False	False	subtitle	noun	dignity	尊厳
3314	каков	4	3	2072	3449	3507	False	False	raw_surface_fallback	pron	what kind	どのような
3315	электронный	4	2	1653	3449	2951	False	False	subtitle	adj	electronic	電子の
3316	премьер-министр	4			3450	2948	False	True	subtitle			
3317	переодеться	4			3451	2945	False	True	subtitle			
3318	академия	4	3	2245	3452	2942	False	False	subtitle	noun	academy	学院
3319	описание	4	2	1724	3453	2942	False	False	subtitle	noun	description	記述
3320	спутник	4	3	2966	3454	2942	False	False	subtitle	noun	satellite, companion	衛星
3321	ремонт	4	3	2463	3455	2941	False	False	subtitle	noun	repair	修理
3322	обойти	4			3457	2939	False	True	subtitle			
3323	лу	4			3458	2938	False	True	subtitle			
3324	рассмотреть	4	2	1958	3459	2937	False	False	subtitle	verb	consider	検討する
3325	посещать	4			3460	2935	False	True	subtitle			
3326	скрываться	4			3461	2935	False	True	subtitle			
3327	громко	4	1	992	3462	2929	False	False	subtitle	adv	loudly	大声で
3328	рассматривать	4	2	1532	3463	2927	False	False	subtitle	verb	consider	検討する
3329	дым	4	3	2475	3464	2926	False	False	subtitle	noun	smoke	煙
3330	доложить	4			3465	2924	False	True	subtitle			
3331	лесбиянка	4			3466	2924	False	True	subtitle			
3332	акцент	4			3467	2923	False	True	subtitle			
3333	наиболее	4	2	1188	3468	2923	False	False	subtitle	adv	most	最も
3334	бум	4			3469	2922	False	True	subtitle			
3335	гроб	4			3470	2919	False	True	subtitle			
3336	нахуй	4			3472	2919	False	True	subtitle			
3337	значок	4			3473	2917	False	True	subtitle			
3338	одержимый	4			3474	2916	False	True	subtitle			
3339	отказ	4	3	2227	3475	2914	False	False	subtitle	noun	refusal	拒否
3340	сирена	4			3476	2914	False	True	subtitle			
3341	заведение	4	3	2663	3477	2913	False	False	subtitle	noun	establishment	施設
3342	использоваться	4	2	1556	3478	2913	False	False	subtitle	verb	be used	使用される
3343	казнь	4			3479	2913	False	True	subtitle			
3344	лан	4			3480	2913	False	True	subtitle			
3345	подстрелить	4			3481	2912	False	True	subtitle			
3346	блестящий	4			3482	2911	False	True	subtitle			
3347	японский	4	3	2315	3483	2910	False	False	subtitle	adj	Japanese	日本の
3348	башка	4			3484	2906	False	True	subtitle			
3349	настроить	4			3485	2904	False	True	subtitle			
3350	ноготь	4			3486	2904	False	True	subtitle			
3351	пустыня	4			3487	2904	False	True	subtitle			
3352	жалко	4	3	2922	3488	2903	False	False	subtitle	predic	it's a pity	残念だ
3353	исчезать	4	1	793	3489	2903	False	False	subtitle	verb	disappear	消える
3354	недостаток	4	2	1813	3490	2902	False	False	subtitle	noun	shortcoming	欠点
3355	неправый	4			3491	2902	False	True	subtitle			
3356	нету	4			3492	2902	False	True	subtitle			
3357	случайный	4	3	2412	3494	2898	False	False	subtitle	adj	random	偶然の
3358	причинять	4			3495	2897	False	True	subtitle			
3359	аппетит	4			3496	2895	False	True	subtitle			
3360	поболтать	4			3497	2895	False	True	subtitle			
3361	джоуя	4			3499	2892	False	True	subtitle			
3362	руководитель	4	2	1294	3500	2892	False	False	subtitle	noun	leader	指導者
3363	близнец	4			3501	2890	False	True	subtitle			
3364	висеть	4	3	2052	3502	2889	False	False	subtitle	verb	hang	掛かる
3365	шахта	4			3503	2889	False	True	subtitle			
3366	исчезновение	4			3504	2888	False	True	subtitle			
3367	пятьдесят	4	3	2242	3505	2888	False	False	subtitle	num	fifty	五十
3368	багажник	4			3506	2887	False	True	subtitle			
3369	запасный	4			3507	2887	False	True	subtitle			
3370	татуировка	4			3508	2887	False	True	subtitle			
3371	удаваться	4	3	2199	3509	2887	False	False	subtitle	verb	succeed	うまくいく
3372	посол	4			3512	2881	False	True	subtitle			
3373	отъезд	4			3513	2880	False	True	subtitle			
3374	разозлиться	4			3514	2880	False	True	subtitle			
3375	изнасилование	4			3515	2878	False	True	subtitle			
3376	праздновать	4			3516	2876	False	True	subtitle			
3377	грань	4			3518	2875	False	True	subtitle			
3378	глотка	4			3519	2873	False	True	subtitle			
3379	рок	4			3521	2872	False	True	subtitle			
3380	любитель	4	3	2998	3522	2871	False	False	subtitle	noun	amateur, enthusiast	愛好家
3381	нечестно	4			3523	2871	False	True	subtitle			
3382	предок	4			3524	2871	False	True	subtitle			
3383	торговля	4	2	1785	3525	2871	False	False	subtitle	noun	trade	貿易
3384	кислород	4			3526	2870	False	True	subtitle			
3385	спустить	4			3527	2869	False	True	subtitle			
3386	молчание	4	3	2716	3528	2867	False	False	subtitle	noun	silence	沈黙
3387	коул	4			3529	2866	False	True	subtitle			
3388	сотрудничать	4			3530	2866	False	True	subtitle			
3389	широкий	4	1	685	3531	2866	False	False	subtitle	adj	wide	広い
3390	утренний	4			3532	2865	False	True	subtitle			
3391	благословить	4			3533	2864	False	True	subtitle			
3392	тронуть	4			3535	2860	False	True	subtitle			
3393	вежливый	4			3536	2859	False	True	subtitle			
3394	рис	4	1	672	3537	2856	False	False	subtitle	noun	rice	米
3395	охранять	4			3538	2854	False	True	subtitle			
3396	бетти	4			3539	2853	False	True	subtitle			
3397	пароль	4			3540	2853	False	True	subtitle			
3398	шарик	4			3541	2853	False	True	subtitle			
3399	дурной	4			3542	2849	False	True	subtitle			
3400	ненормальный	4			3543	2848	False	True	subtitle			
3401	распоряжение	4	3	2484	3544	2848	False	False	subtitle	noun	order	命令
3402	беременность	4	3	2731	3545	2847	False	False	subtitle	noun	pregnancy	妊娠
3403	пьеса	4			3546	2847	False	True	subtitle			
3404	эмоциональный	4	3	2991	3549	2846	False	False	subtitle	adj	emotional	感情的な
3405	ценность	4	2	1517	3550	2845	False	False	subtitle	noun	value	価値
3406	уважаемый	4	2	1856	3551	2844	False	False	subtitle	adj	respected	尊敬される
3407	атмосфера	4	3	2404	3552	2843	False	False	subtitle	noun	atmosphere	雰囲気
3408	прочить	4			3553	2841	False	True	subtitle			
3409	сопротивление	4	3	2513	3554	2841	False	False	subtitle	noun	resistance	抵抗
3410	притвориться	4			3555	2840	False	True	subtitle			
3411	задеть	4			3557	2838	False	True	subtitle			
3412	автомат	4	3	2533	3558	2835	False	False	subtitle	noun	automatic weapon	自動小銃
3413	выигрывать	4			3560	2834	False	True	subtitle			
3414	инфекция	4			3561	2834	False	True	subtitle			
3415	организм	4	2	1629	3562	2834	False	False	subtitle	noun	organism	生物
3416	кокаин	4			3563	2833	False	True	subtitle			
3417	совпадать	4			3564	2833	False	True	subtitle			
3418	рискнуть	4			3567	2831	False	True	subtitle			
3419	несправедливый	4			3568	2830	False	True	subtitle			
3420	коннора	4			3569	2829	False	True	subtitle			
3421	клёво	4			3570	2828	False	True	subtitle			
3422	взамен	4			3571	2827	False	True	subtitle			
3423	двигать	4			3572	2827	False	True	subtitle			
3424	неподалёку	4			3573	2827	False	True	subtitle			
3425	откроить	4			3574	2827	False	True	subtitle			
3426	выразить	4	3	2171	3575	2826	False	False	subtitle	verb	express	表現する
3427	по-вашему	4			3576	2825	False	True	subtitle			
3428	стрела	4			3577	2825	False	True	subtitle			
3429	аппарат	4	2	1748	3578	2824	False	False	subtitle	noun	apparatus	装置
3430	гнать	4			3579	2822	False	True	subtitle			
3431	холл	4			3580	2816	False	True	subtitle			
3432	рыцарь	4			3581	2813	False	True	subtitle			
3433	выбить	4			3582	2812	False	True	subtitle			
3434	появление	4	2	1688	3583	2812	False	False	subtitle	noun	appearance	出現
3435	младенец	4	1	848	3584	2811	False	False	subtitle	noun	baby	赤ちゃん
3436	пришелец	4			3585	2810	False	True	subtitle			
3437	пешком	4			3586	2809	False	True	subtitle			
3438	пирс	4			3587	2808	False	True	subtitle			
3439	серый	4	2	1765	3588	2807	False	False	subtitle	adj	gray	灰色の
3440	каникулы	4			3589	2806	False	True	subtitle			
3441	разок	4			3590	2806	False	True	subtitle			
3442	вылезать	4			3591	2805	False	True	subtitle			
3443	ссориться	4			3593	2803	False	True	subtitle			
3444	луч	4	3	2345	3594	2801	False	False	subtitle	noun	ray	光線
3445	монета	4			3595	2801	False	True	subtitle			
3446	масса	4	2	1321	3596	2800	False	False	subtitle	noun	mass	大量
3447	хи	4			3597	2799	False	True	subtitle			
3448	благодарение	4			3598	2798	False	True	subtitle			
3449	казино	4			3599	2798	False	True	subtitle			
3450	гитара	4			3601	2793	False	True	subtitle			
3451	увезти	4			3602	2793	False	True	subtitle			
3452	кара	4			3603	2791	False	True	subtitle			
3453	неудача	4			3604	2791	False	True	subtitle			
3454	впечатлять	4			3605	2790	False	True	subtitle			
3455	приз	4			3606	2790	False	True	subtitle			
3456	раса	4			3607	2788	False	True	subtitle			
3457	поразить	4	3	2728	3609	2783	False	False	subtitle	verb	amaze, strike	驚かせる
3458	извращенец	4			3610	2781	False	True	subtitle			
3459	хён	4			3611	2780	False	True	subtitle			
3460	храбрый	4			3612	2777	False	True	subtitle			
3461	жалость	4			3613	2775	False	True	subtitle			
3462	психиатр	4			3614	2775	False	True	subtitle			
3463	годиться	4			3615	2773	False	True	subtitle			
3464	кайф	4			3616	2773	False	True	subtitle			
3465	хозяйка	4	3	2667	3617	2773	False	False	subtitle	noun	hostess, landlady	女主人
3466	водка	4	2	1845	3618	2772	False	False	subtitle	noun	vodka	ウォッカ
3467	детишки	4			3619	2772	False	True	subtitle			
3468	длиться	4			3620	2772	False	True	subtitle			
3469	молния	4			3621	2768	False	True	subtitle			
3470	нежный	4	3	2640	3622	2767	False	False	subtitle	adj	tender	優しい
3471	вскрытие	4			3623	2765	False	True	subtitle			
3472	палочка	4			3624	2764	False	True	subtitle			
3473	юмор	4			3625	2764	False	True	subtitle			
3474	укусить	4			3626	2763	False	True	subtitle			
3475	залезть	4			3627	2762	False	True	subtitle			
3476	кретин	4			3628	2762	False	True	subtitle			
3477	фокус	4			3629	2762	False	True	subtitle			
3478	племянник	4	1	846	3630	2759	False	False	subtitle	noun	nephew	甥
3479	во-вторых	4			3632	2757	False	True	subtitle			
3480	погодить-ка	4			3633	2757	False	True	subtitle			
3481	посетить	4	3	2846	3634	2755	False	False	subtitle	verb	visit	訪問する
3482	тренироваться	4			3635	2755	False	True	subtitle			
3483	открытка	4			3637	2752	False	True	subtitle			
3484	потанцевать	4			3638	2752	False	True	subtitle			
3485	тур	4			3639	2751	False	True	subtitle			
3486	бедняжка	4			3640	2750	False	True	subtitle			
3487	братан	4			3641	2749	False	True	subtitle			
3488	оператор	4	3	2722	3642	2748	False	False	subtitle	noun	operator	オペレーター
3489	бесполезно	4			3643	2747	False	True	subtitle			
3490	бумажник	4			3644	2747	False	True	subtitle			
3491	взволновать	4			3646	2746	False	True	subtitle			
3492	трудность	4	3	2172	3647	2746	False	False	subtitle	noun	difficulty	困難
3493	провалиться	4			3648	2745	False	True	subtitle			
3494	марка	4	3	2496	3649	2744	False	False	subtitle	noun	brand	銘柄
3495	дарить	4			3650	2741	False	True	subtitle			
3496	расстроиться	4			3651	2741	False	True	subtitle			
3497	кредитка	4			3652	2738	False	True	subtitle			
3498	побывать	4	3	2926	3653	2737	False	False	subtitle	verb	visit, have been to	行ったことがある
3499	элемент	4	2	1390	3654	2733	False	False	subtitle	noun	element	要素
3500	естественный	4	2	1568	3656	2731	False	False	subtitle	adj	natural	自然な
3501	успокоить	4			3658	2729	False	True	subtitle			
3502	кон	4			3659	2728	False	True	subtitle			
3503	почка	4			3661	2727	False	True	subtitle			
3504	каша	4			6103	1231	True	True	subtitle			
3505	делаться	4	3	2071	3662	2725	False	False	subtitle	verb	become	なる
3506	искренне	4			3663	2725	False	True	subtitle			
3507	боец	4	3	2629	3664	2722	False	False	subtitle	noun	fighter, soldier	戦士
3508	конкретно	4			3665	2719	False	True	subtitle			
3509	сумочка	4			3666	2719	False	True	subtitle			
3510	произносить	4	3	2988	3667	2718	False	False	subtitle	verb	pronounce	発音する
3511	флаг	4			3668	2718	False	True	subtitle			
3512	репетиция	4			3669	2715	False	True	subtitle			
3513	заседание	4	2	1812	3670	2714	False	False	subtitle	noun	session	会議
3514	головной	4			3671	2712	False	True	subtitle			
3515	лекция	4	3	2481	3672	2710	False	False	subtitle	noun	lecture	講義
3516	мучить	4			3673	2709	False	True	subtitle			
3517	франк	4			3675	2708	False	True	subtitle			
3518	шоссе	4			3676	2706	False	True	subtitle			
3519	сгореть	4			3677	2704	False	True	subtitle			
3520	общение	4	2	1599	3679	2700	False	False	subtitle	noun	communication	交流
3521	ступать	4			3680	2700	False	True	subtitle			
3522	деятельность	4	2	1071	3681	2697	False	False	subtitle	noun	activity	活動
3523	кончать	4			3683	2697	False	True	subtitle			
3524	экипаж	4	3	2582	3684	2696	False	False	subtitle	noun	crew	乗組員
3525	хаос	4			3688	2690	False	True	subtitle			
3526	тара	4			3689	2688	False	True	subtitle			
3527	поклонник	4			3690	2685	False	True	subtitle			
3528	солнышко	4			3691	2685	False	True	subtitle			
3529	бродить	4			3692	2684	False	True	subtitle			
3530	смелость	4			3694	2684	False	True	subtitle			
3531	увеличить	4	3	2592	3695	2684	False	False	subtitle	verb	increase	増やす
3532	впечатлить	4			3696	2683	False	True	subtitle			
3533	посметь	4			3697	2683	False	True	subtitle			
3534	одиноко	4			3699	2681	False	True	subtitle			
3535	религия	4	3	2042	3700	2681	False	False	subtitle	noun	religion	宗教
3536	яхта	4			3701	2680	False	True	subtitle			
3537	деловой	4	3	2298	3703	2678	False	False	subtitle	adj	business	業務の
3538	законный	4			3704	2678	False	True	subtitle			
3539	прикасаться	4			3705	2678	False	True	subtitle			
3540	маршал	4			3707	2676	False	True	subtitle			
3541	предположение	4			3708	2676	False	True	subtitle			
3542	вылечить	4			3709	2673	False	True	subtitle			
3543	одеяло	4			3711	2672	False	True	subtitle			
3544	патрон	4			3712	2672	False	True	subtitle			
3545	ранение	4			3713	2672	False	True	subtitle			
3546	шапка	4			6189	1204	True	True	subtitle			
3547	дерьмовый	4			3715	2668	False	True	subtitle			
3548	соглашаться	4	1	771	3716	2668	False	False	subtitle	verb	agree	同意する
3549	любовный	4			3717	2666	False	True	subtitle			
3550	обдумать	4			3719	2664	False	True	subtitle			
3551	подрать	4			3720	2664	False	True	subtitle			
3552	супруг	4			3721	2664	False	True	subtitle			
3553	заболевание	4	3	2266	3722	2660	False	False	subtitle	noun	disease	病気
3554	подкрепление	4			3723	2660	False	True	subtitle			
3555	прояснить	4			3724	2659	False	True	subtitle			
3556	ущерб	4	3	2875	3725	2653	False	False	subtitle	noun	damage	損害
3557	вилка	4			6209	1195	True	True	subtitle			
3558	светлый	4	2	1910	3727	2651	False	False	subtitle	adj	light	明るい
3559	жестоко	4			3728	2650	False	True	subtitle			
3560	основной	4	2	1049	3729	2646	False	False	subtitle	adj	main	主な
3561	плита	4			6218	1190	True	True	subtitle			
3562	сопротивляться	4			3731	2645	False	True	subtitle			
3563	мебель	4			3734	2642	False	True	subtitle			
3564	почитать	4	3	2972	3735	2642	False	False	subtitle	verb	revere, honor	敬う
3565	стрит	4			3736	2642	False	True	subtitle			
3566	дрянь	4			3737	2639	False	True	subtitle			
3567	избавить	4			3738	2638	False	True	subtitle			
3568	воспринимать	4	3	2317	3739	2635	False	False	subtitle	verb	perceive	知覚する
3569	стража	4			3740	2635	False	True	subtitle			
3570	состояться	4	2	1609	3741	2634	False	False	subtitle	verb	take place	行われる
3571	поглядеть	4			3742	2631	False	True	subtitle			
3572	противный	4			3743	2631	False	True	subtitle			
3573	революция	4	2	1500	3744	2631	False	False	subtitle	noun	revolution	革命
3574	свидетельство	4	3	2603	3745	2631	False	False	subtitle	noun	certificate, testimony	証明書
3575	жутко	4			3746	2630	False	True	subtitle			
3576	зависимость	4	2	1639	3747	2630	False	False	subtitle	noun	dependence	依存
3577	муха	4			3748	2629	False	True	subtitle			
3578	неизвестно	4	3	3000	3750	2626	False	False	subtitle	predic	it's unknown	不明だ
3579	пэм	4			3751	2626	False	True	subtitle			
3580	воевать	4	3	2820	3754	2622	False	False	subtitle	verb	wage war	戦う
3581	довести	4			3755	2622	False	True	subtitle			
3582	заговор	4			3756	2622	False	True	subtitle			
3583	нет-нет-нуть	4			3757	2622	False	True	subtitle			
3584	различный	4	2	1106	3759	2620	False	False	subtitle	adj	various	さまざまな
3585	догнать	4			3760	2618	False	True	subtitle			
3586	назначение	4	3	2139	3762	2616	False	False	subtitle	noun	purpose	目的
3587	реагировать	4			3763	2615	False	True	subtitle			
3588	питание	4	3	2039	3764	2614	False	False	subtitle	noun	nutrition	栄養
3589	пускать	4			3765	2614	False	True	subtitle			
3590	буря	4			3766	2613	False	True	subtitle			
3591	мероприятие	4	2	1871	3767	2611	False	False	subtitle	noun	event	行事
3592	стих	4	1	922	3768	2611	False	False	subtitle	noun	poem	詩
3593	сэмми	4			3770	2607	False	True	subtitle			
3594	родина	4	2	1681	3771	2606	False	False	subtitle	noun	homeland	祖国
3595	порой	4			3772	2603	False	True	subtitle			
3596	неудобно	4			3773	2602	False	True	subtitle			
3597	самостоятельно	4	3	2693	3774	2601	False	False	subtitle	adv	independently	自主的に
3598	сдавать	4			3775	2601	False	True	subtitle			
3599	инцидент	4			3776	2600	False	True	subtitle			
3600	нетерпение	4			3777	2600	False	True	subtitle			
3601	блондинка	4			3778	2599	False	True	subtitle			
3602	так-то	4			3779	2599	False	True	subtitle			
3603	предъявить	4			3780	2598	False	True	subtitle			
3604	надрать	4			3782	2597	False	True	subtitle			
3605	устроиться	4			3783	2597	False	True	subtitle			
3606	помидор	4			6306	1161	True	True	subtitle			
3607	заценить	4			3784	2594	False	True	subtitle			
3608	напряжение	4	3	2304	3787	2588	False	False	subtitle	noun	voltage	電圧
3609	недолго	4			3788	2588	False	True	subtitle			
3610	случайность	4			3789	2588	False	True	subtitle			
3611	вериться	4			3790	2587	False	True	subtitle			
3612	жажда	4			3791	2587	False	True	subtitle			
3613	акула	4			3792	2586	False	True	subtitle			
3614	залезать	4			3793	2584	False	True	subtitle			
3615	иван	4	2	1339	3795	2583	False	False	subtitle	noun	Ivan (name)	イワン(人名)
3616	подонок	4			3796	2583	False	True	subtitle			
3617	штаб	4	2	1959	3797	2583	False	False	subtitle	noun	headquarters	本部
3618	толкать	4			3798	2582	False	True	subtitle			
3619	бриллиант	4			3799	2581	False	True	subtitle			
3620	удивиться	4	3	2419	3800	2581	False	False	subtitle	verb	be surprised	驚く
3621	палка	4			3801	2578	False	True	subtitle			
3622	тетрадь	4			6339	1153	True	True	subtitle			
3623	доход	4	2	1524	3804	2575	False	False	subtitle	noun	income	収入
3624	плыть	4			3805	2570	False	True	subtitle			
3625	отпраздновать	4			3806	2568	False	True	subtitle			
3626	пират	4			3807	2568	False	True	subtitle			
3627	стерва	4			3808	2567	False	True	subtitle			
3628	фон	4	2	1799	3810	2566	False	False	subtitle	noun	background	背景
3629	посвятить	4	2	1679	3811	2563	False	False	subtitle	verb	dedicate	捧げる
3630	птичка	4			3812	2563	False	True	subtitle			
3631	наркота	4			3813	2562	False	True	subtitle			
3632	отвлекать	4			3814	2562	False	True	subtitle			
3633	утка	4			3816	2561	False	True	subtitle			
3634	маршрут	4	3	2617	3817	2560	False	False	subtitle	noun	route	ルート
3635	долина	4			3818	2557	False	True	subtitle			
3636	строгий	4	3	2333	3819	2557	False	False	subtitle	adj	strict	厳しい
3637	итальянский	4			3820	2556	False	True	subtitle			
3638	борода	4			3821	2555	False	True	subtitle			
3639	клёвый	4			3822	2555	False	True	subtitle			
3640	помимо	4	3	2138	3825	2551	False	False	subtitle	prep	besides	ほかに
3641	старина	4			3826	2550	False	True	subtitle			
3642	корпорация	4			3827	2548	False	True	subtitle			
3643	улыбнуться	4	2	1642	3828	2548	False	False	subtitle	verb	smile	微笑む
3644	священный	4	3	2907	3829	2546	False	False	subtitle	adj	sacred	神聖な
3645	оборона	4	3	2061	3830	2545	False	False	subtitle	noun	defense	防衛
3646	фотка	4			3831	2545	False	True	subtitle			
3647	восхищаться	4			3832	2543	False	True	subtitle			
3648	потерянный	4			3834	2540	False	True	subtitle			
3649	ругаться	4			3835	2540	False	True	subtitle			
3650	аллергия	4			3836	2539	False	True	subtitle			
3651	благородный	4			3837	2539	False	True	subtitle			
3652	кредит	4	3	2280	3838	2538	False	False	subtitle	noun	credit	信用
3653	взлом	4			3839	2537	False	True	subtitle			
3654	линдсить	4			3840	2537	False	True	subtitle			
3655	разрыв	4			3841	2537	False	True	subtitle			
3656	освободиться	4			3842	2536	False	True	subtitle			
3657	вице-президент	4			3843	2535	False	True	subtitle			
3658	полагаться	4			3844	2534	False	True	subtitle			
3659	пускай	4			3845	2534	False	True	subtitle			
3660	грубо	4			3846	2532	False	True	subtitle			
3661	городок	4	3	2994	3847	2530	False	False	subtitle	noun	small town	小さな町
3662	крест	4	3	2524	3848	2530	False	False	subtitle	noun	cross	十字架
3663	математика	4			3849	2530	False	True	subtitle			
3664	полоса	4	3	2395	3850	2530	False	False	subtitle	noun	strip	帯
3665	слон	4			3851	2528	False	True	subtitle			
3666	препарат	4	3	2737	3852	2527	False	False	subtitle	noun	medication	薬剤
3667	ствол	4			3853	2527	False	True	subtitle			
3668	кладбище	4			3854	2525	False	True	subtitle			
3669	трон	4			3855	2525	False	True	subtitle			
3670	воровать	4			3856	2523	False	True	subtitle			
3671	жилье	4	3	2580	3857	2522	False	False	subtitle	noun	housing	住居
3672	наряд	4			3858	2522	False	True	subtitle			
3673	рамка	4	2	1423	3859	2521	False	False	subtitle	noun	frame	枠
3674	объятие	4	1	863	3860	2520	False	False	subtitle	noun	hug	抱擁
3675	дамочка	4			3862	2516	False	True	subtitle			
3676	любезный	4			3863	2516	False	True	subtitle			
3677	видать	4			3866	2512	False	True	subtitle			
3678	испанский	4			3867	2512	False	True	subtitle			
3679	среднее	4			3868	2512	False	True	subtitle			
3680	происшествие	4			3870	2511	False	True	subtitle			
3681	посадка	4			3871	2510	False	True	subtitle			
3682	завтракать	4			6453	1117	True	True	subtitle			
3683	неприятно	4			3873	2509	False	True	subtitle			
3684	пенис	4			3874	2509	False	True	subtitle			
3685	собеседование	4			3875	2509	False	True	subtitle			
3686	навещать	4			3876	2507	False	True	subtitle			
3687	содержать	4	2	1659	3877	2507	False	False	subtitle	verb	contain	含む
3688	мэй	4			3879	2506	False	True	subtitle			
3689	незаконный	4			3880	2505	False	True	subtitle			
3690	течь	4			3881	2505	False	True	subtitle			
3691	снятой	4			3883	2504	False	True	subtitle			
3692	эээ	4			3884	2504	False	True	subtitle			
3693	сотовый	4			3885	2503	False	True	subtitle			
3694	негодяй	4			3887	2500	False	True	subtitle			
3695	ремень	4			3888	2500	False	True	subtitle			
3696	фигура	4	2	1663	3889	2500	False	False	subtitle	noun	figure	姿
3697	даг	4			3890	2499	False	True	subtitle			
3698	мю	4			3891	2499	False	True	subtitle			
3699	стратегия	4	2	1948	3892	2499	False	False	subtitle	noun	strategy	戦略
3700	пообедать	4			3893	2497	False	True	subtitle			
3701	тхэ	4			3894	2497	False	True	subtitle			
3702	пиджак	4			3895	2496	False	True	subtitle			
3703	развестись	4	1	838	3896	2496	False	False	subtitle	verb	divorce	離婚する
3704	жидкость	4			3897	2495	False	True	subtitle			
3705	застать	4			3898	2495	False	True	subtitle			
3706	стадия	4	3	2459	3899	2495	False	False	subtitle	noun	stage	段階
3707	запрос	4	3	2638	3900	2494	False	False	subtitle	noun	request, query	要求
3708	приход	4			3901	2493	False	True	subtitle			
3709	бег	4			3902	2491	False	True	subtitle			
3710	любовница	4			3903	2491	False	True	subtitle			
3711	недвижимость	4			3904	2491	False	True	subtitle			
3712	футбольный	4			3905	2491	False	True	subtitle			
3713	бездомный	4			3906	2490	False	True	subtitle			
3714	мотель	4			3907	2490	False	True	subtitle			
3715	решиться	4	3	2683	3909	2488	False	False	subtitle	verb	decide, dare	決心する
3716	пропадать	4			3910	2487	False	True	subtitle			
3717	влиять	4	3	2427	3911	2485	False	False	subtitle	verb	influence	影響する
3718	крепко	4	3	2682	3912	2485	False	False	subtitle	adv	firmly	しっかりと
3719	руководить	4			3913	2485	False	True	subtitle			
3720	музыкант	4			3915	2482	False	True	subtitle			
3721	текст	4	1	931	3916	2482	False	False	subtitle	noun	text	本文
3722	финн	4			3917	2482	False	True	subtitle			
3723	связываться	4			3918	2478	False	True	subtitle			
3724	би	4			3919	2477	False	True	subtitle			
3725	подозрительный	4			3920	2477	False	True	subtitle			
3726	пытка	4			3921	2477	False	True	subtitle			
3727	царь	4	2	1608	3923	2476	False	False	subtitle	noun	tsár	皇帝
3728	приёмный	4			3924	2475	False	True	subtitle			
3729	торчать	4			3925	2474	False	True	subtitle			
3730	совместный	4	3	2086	3926	2473	False	False	subtitle	adj	joint	共同の
3731	федерал	4			3927	2472	False	True	subtitle			
3732	поздравление	4			3929	2470	False	True	subtitle			
3733	приложить	4			3930	2469	False	True	subtitle			
3734	комментарий	4	2	1304	3931	2467	False	False	subtitle	noun	comment	コメント
3735	порт	4	1	869	3932	2466	False	False	subtitle	noun	port	港
3736	по-английски	4			3934	2463	False	True	subtitle			
3737	блок	4	2	1973	3935	2460	False	False	subtitle	noun	block	塊
3738	восхитительный	4			3937	2457	False	True	subtitle			
3739	гаснуть	4			3939	2456	False	True	subtitle			
3740	открываться	4	3	2806	3941	2455	False	False	subtitle	verb	open (itself)	開く
3741	лиззь	4			3942	2453	False	True	subtitle			
3742	опека	4			3943	2453	False	True	subtitle			
3743	посоветовать	4			3944	2452	False	True	subtitle			
3744	сеанс	4			3945	2450	False	True	subtitle			
3745	ноль	4			3946	2448	False	True	subtitle			
3746	добыча	4			3947	2446	False	True	subtitle			
3747	заодно	4			3948	2446	False	True	subtitle			
3748	линкольн	4			3949	2445	False	True	subtitle			
3749	конфликт	4	2	1778	3950	2442	False	False	subtitle	noun	conflict	対立
3750	хейль	4			3951	2441	False	True	subtitle			
3751	я-я	4			3952	2441	False	True	subtitle			
3752	невыносимый	4			3953	2440	False	True	subtitle			
3753	эх	4			3954	2439	False	True	subtitle			
3754	ковёр	4			3956	2438	False	True	subtitle			
3755	галактика	4			3958	2435	False	True	subtitle			
3756	защитник	4			3959	2435	False	True	subtitle			
3757	признательный	4			3960	2435	False	True	subtitle			
3758	очень-то	4			3961	2434	False	True	subtitle			
3759	чепуха	4			3962	2434	False	True	subtitle			
3760	трейся	4			3963	2433	False	True	subtitle			
3761	выпускать	4	3	2707	3964	2432	False	False	subtitle	verb	release, produce	発行する
3762	банковский	4			3965	2431	False	True	subtitle			
3763	заместитель	4	3	2066	3966	2430	False	False	subtitle	noun	deputy	代理
3764	дозвониться	4			3967	2428	False	True	subtitle			
3765	верх	4	1	964	3968	2427	False	False	subtitle	noun	top	上部
3766	закрываться	4			3969	2426	False	True	subtitle			
3767	эрл	4			3970	2424	False	True	subtitle			
3768	тщательно	4	3	2612	3971	2423	False	False	subtitle	adv	thoroughly	入念に
3769	полезно	4			3972	2422	False	True	subtitle			
3770	пустяк	4			3973	2422	False	True	subtitle			
3771	умно	4			3974	2422	False	True	subtitle			
3772	км	4			3975	2421	False	True	subtitle			
3773	сектор	4	3	2342	3976	2421	False	False	subtitle	noun	sector	部門
3774	состав	4	2	1269	3977	2420	False	False	subtitle	noun	composition	構成
3775	указание	4	3	2399	3978	2420	False	False	subtitle	noun	instruction	指示
3776	ощущать	4	3	2376	3979	2419	False	False	subtitle	verb	feel	感じる
3777	конкретный	4	2	1325	3980	2418	False	False	subtitle	adj	concrete	具体的な
3778	протестовать	4			3981	2416	False	True	subtitle			
3779	медицина	4			3982	2415	False	True	subtitle			
3780	тв	4			3983	2415	False	True	subtitle			
3781	надежный	4	3	2797	3984	2414	False	False	subtitle	adj	reliable	信頼できる
3782	неприятный	4	3	2432	3985	2414	False	False	subtitle	adj	unpleasant	不快な
3783	горничная	4			3986	2409	False	True	subtitle			
3784	внимательный	4			3987	2407	False	True	subtitle			
3785	глория	4			3988	2407	False	True	subtitle			
3786	изнутри	4			3989	2407	False	True	subtitle			
3787	угостить	4			3990	2406	False	True	subtitle			
3788	задумываться	4			3992	2404	False	True	subtitle			
3789	нью	4			3993	2404	False	True	subtitle			
3790	удерживать	4			3994	2404	False	True	subtitle			
3791	туннель	4			3995	2403	False	True	subtitle			
3792	догадываться	4			3996	2402	False	True	subtitle			
3793	обернуться	4	3	2715	3997	2402	False	False	subtitle	verb	turn around	振り向く
3794	поток	4	2	1610	3999	2397	False	False	subtitle	noun	flow	流れ
3795	клятва	4			4000	2396	False	True	subtitle			
3796	мерзавец	4			4001	2396	False	True	subtitle			
3797	шампанское	4			4003	2396	False	True	subtitle			
3798	растение	4	3	2622	4005	2395	False	False	subtitle	noun	plant	植物
3799	лагер	4			4008	2392	False	True	subtitle			
3800	подготовиться	4			4009	2390	False	True	subtitle			
3801	тюремный	4			4010	2390	False	True	subtitle			
3802	браслет	4			4011	2389	False	True	subtitle			
3803	кулак	4	3	2749	4012	2388	False	False	subtitle	noun	fist	拳
3804	рекомендовать	4	3	2505	4014	2385	False	False	subtitle	verb	recommend	勧める
3805	исполнить	4			4015	2384	False	True	subtitle			
3806	приличный	4			4016	2384	False	True	subtitle			
3807	измена	4			4017	2382	False	True	subtitle			
3808	цыплёнок	4			4018	2382	False	True	subtitle			
3809	облегчение	4			4021	2381	False	True	subtitle			
3810	пояс	4			4022	2381	False	True	subtitle			
3811	героин	4			4023	2380	False	True	subtitle			
3812	кузина	4			4025	2379	False	True	subtitle			
3813	подразумевать	4			4027	2379	False	True	subtitle			
3814	печать	4	2	1844	4028	2378	False	False	subtitle	noun	printing	印刷
3815	вдова	4			4029	2377	False	True	subtitle			
3816	выставка	4	2	1790	4030	2377	False	False	subtitle	noun	exhibition	展覧会
3817	расчет	4	2	1782	4031	2377	False	False	subtitle	noun	calculation	計算
3818	совещание	4			4032	2376	False	True	subtitle			
3819	стоящий	4			4033	2376	False	True	subtitle			
3820	крем	4			4035	2374	False	True	subtitle			
3821	дева	4			4036	2373	False	True	subtitle			
3822	лицензия	4			4037	2373	False	True	subtitle			
3823	провал	4			4038	2373	False	True	subtitle			
3824	сбегать	4			4039	2373	False	True	subtitle			
3825	пробка	4			4040	2372	False	True	subtitle			
3826	комплимент	4			4041	2371	False	True	subtitle			
3827	завязать	4			4042	2370	False	True	subtitle			
3828	открыто	4			4043	2370	False	True	subtitle			
3829	робби	4			4044	2370	False	True	subtitle			
3830	годовщина	4			4045	2369	False	True	subtitle			
3831	превращаться	4	3	2706	4046	2369	False	False	subtitle	verb	turn into	変わる
3832	талантливый	4			4047	2369	False	True	subtitle			
3833	побить	4			4048	2368	False	True	subtitle			
3834	шампанский	4			4049	2366	False	True	subtitle			
3835	гостиная	4			4050	2365	False	True	subtitle			
3836	девка	4			4051	2365	False	True	subtitle			
3837	возвращать	4			4052	2363	False	True	subtitle			
3838	не-	4			4053	2363	False	True	subtitle			
3839	бюджет	4	2	1693	4054	2362	False	False	subtitle	noun	budget	予算
3840	меню	4			4055	2361	False	True	subtitle			
3841	отвлечь	4			4056	2360	False	True	subtitle			
3842	перекусить	4			4057	2360	False	True	subtitle			
3843	полночь	4			4058	2360	False	True	subtitle			
3844	москва	4	2	1016	4059	2359	False	False	subtitle	noun	Moscow	モスクワ
3845	бок	4	3	2166	4061	2356	False	False	subtitle	noun	side	側
3846	начальство	4	3	2955	4062	2356	False	False	subtitle	noun	management, authorities	上司
3847	спектакль	4	3	2594	4064	2355	False	False	subtitle	noun	performance, play	演劇
3848	выпасть	4			4066	2349	False	True	subtitle			
3849	десерт	4			4067	2348	False	True	subtitle			
3850	поменяться	4			4068	2348	False	True	subtitle			
3851	потребовать	4	3	2500	4069	2348	False	False	subtitle	verb	demand	要求する
3852	фея	4			4070	2346	False	True	subtitle			
3853	вешать	4			4071	2344	False	True	subtitle			
3854	рассесть	4			4072	2344	False	True	subtitle			
3855	бедро	4			4073	2343	False	True	subtitle			
3856	венди	4			4074	2342	False	True	subtitle			
3857	нация	4	3	2420	4075	2342	False	False	subtitle	noun	nation	国民
3858	гитлер	4	3	2566	4076	2341	False	False	subtitle	noun	Hitler	ヒトラー
3859	корона	4			4078	2340	False	True	subtitle			
3860	бегом	4			4080	2339	False	True	subtitle			
3861	порог	4	3	2338	4081	2338	False	False	subtitle	noun	threshold	敷居
3862	травка	4			4082	2337	False	True	subtitle			
3863	население	4	2	1173	4083	2335	False	False	subtitle	noun	population	人口
3864	смс	4			4084	2335	False	True	subtitle			
3865	эл	4			4085	2335	False	True	subtitle			
3866	кинуть	4			4086	2334	False	True	subtitle			
3867	добиваться	4			4087	2333	False	True	subtitle			
3868	роды	4			4088	2333	False	True	subtitle			
3869	вложить	4			4090	2331	False	True	subtitle			
3870	достижение	4	2	1631	4091	2330	False	False	subtitle	noun	achievement	成果
3871	манера	4			4093	2327	False	True	subtitle			
3872	гадость	4			4094	2325	False	True	subtitle			
3873	дальнейший	4	2	1575	4095	2325	False	False	subtitle	adj	further	今後の
3874	покрыть	4	3	2647	4096	2325	False	False	subtitle	verb	cover	覆う
3875	ын	4			4097	2324	False	True	subtitle			
3876	временно	4			4099	2323	False	True	subtitle			
3877	соседний	4	3	2064	4100	2322	False	False	subtitle	adj	neighboring	隣の
3878	привязать	4			4101	2321	False	True	subtitle			
3879	утонуть	4			4102	2321	False	True	subtitle			
3880	посчитать	4			4103	2320	False	True	subtitle			
3881	обязательство	4	3	2771	4104	2319	False	False	subtitle	noun	obligation	義務
3882	фестиваль	4	3	2910	4105	2319	False	False	subtitle	noun	festival	フェスティバル
3883	наполовину	4			4106	2318	False	True	subtitle			
3884	пробыть	4			4107	2318	False	True	subtitle			
3885	выдавать	4	3	2546	4108	2317	False	False	subtitle	verb	issue, hand out	発行する
3886	кей	4			4109	2317	False	True	subtitle			
3887	ричать	4			4110	2316	False	True	subtitle			
3888	миледи	4			4111	2315	False	True	subtitle			
3889	схема	4	2	1733	4112	2315	False	False	subtitle	noun	scheme	構想
3890	составлять	4	2	1222	4114	2313	False	False	subtitle	verb	constitute	構成する
3891	окружающий	4	3	2348	4116	2312	False	False	subtitle	adj	surrounding	周囲の
3892	кошелёк	4			4118	2310	False	True	subtitle			
3893	дорожка	4			4119	2308	False	True	subtitle			
3894	пламя	4			4120	2308	False	True	subtitle			
3895	психолог	4	3	2920	4121	2307	False	False	subtitle	noun	psychologist	心理学者
3896	волшебник	4			4122	2306	False	True	subtitle			
3897	наркоман	4			4123	2306	False	True	subtitle			
3898	остыть	4			4124	2306	False	True	subtitle			
3899	одеться	4			4125	2304	False	True	subtitle			
3900	сотрудничество	4	3	2175	4126	2304	False	False	subtitle	noun	cooperation	協力
3901	говно	4			4127	2302	False	True	subtitle			
3902	испытать	4	3	2919	4128	2301	False	False	subtitle	verb	experience	経験する
3903	мамин	4			4129	2301	False	True	subtitle			
3904	индеец	4			4130	2296	False	True	subtitle			
3905	корпус	4	2	1808	4131	2295	False	False	subtitle	noun	building	建物
3906	тигр	4			4132	2295	False	True	subtitle			
3907	кучка	4			4134	2292	False	True	subtitle			
3908	сложить	4			4135	2292	False	True	subtitle			
3909	братец	4			4136	2291	False	True	subtitle			
3910	верность	4			4137	2291	False	True	subtitle			
3911	прекращать	4			4138	2291	False	True	subtitle			
3912	сниматься	4			4139	2290	False	True	subtitle			
3913	кома	4			4140	2289	False	True	subtitle			
3914	прибытие	4			4141	2289	False	True	subtitle			
3915	стоимость	4	2	1376	4142	2289	False	False	subtitle	noun	cost	費用
3916	чересчур	4			4143	2288	False	True	subtitle			
3917	мошенник	4			4144	2286	False	True	subtitle			
3918	скала	4	3	2936	4145	2285	False	False	subtitle	noun	cliff, rock	岩
3919	живить	4			4146	2283	False	True	subtitle			
3920	хей	4			4147	2283	False	True	subtitle			
3921	вылететь	4			4148	2282	False	True	subtitle			
3922	исполнение	4	3	2057	4150	2280	False	False	subtitle	noun	performance	実行
3923	досье	4			4151	2279	False	True	subtitle			
3924	преданность	4			4152	2276	False	True	subtitle			
3925	союзник	4			4153	2276	False	True	subtitle			
3926	пила	4			4154	2275	False	True	subtitle			
3927	бесить	4			4155	2274	False	True	subtitle			
3928	ёбаный	4			4156	2274	False	True	subtitle			
3929	медаль	4			4158	2273	False	True	subtitle			
3930	темно	4			4159	2273	False	True	subtitle			
3931	имущество	4	3	2324	4160	2270	False	False	subtitle	noun	property	財産
3932	проход	4			4161	2267	False	True	subtitle			
3933	джунгли	4			4163	2266	False	True	subtitle			
3934	окончание	4	3	2121	4164	2266	False	False	subtitle	noun	ending	終わり
3935	классический	4	3	2180	4165	2265	False	False	subtitle	adj	classical	古典的な
3936	мертвец	4			4166	2265	False	True	subtitle			
3937	подтверждение	4			4167	2265	False	True	subtitle			
3938	фронт	4	2	1504	4168	2264	False	False	subtitle	noun	front	前線
3939	резать	4			4169	2263	False	True	subtitle			
3940	подбросить	4			4170	2262	False	True	subtitle			
3941	прикрывать	4			4171	2262	False	True	subtitle			
3942	конверт	4			4172	2260	False	True	subtitle			
3943	приземлиться	4			4174	2259	False	True	subtitle			
3944	конференция	4	2	1820	4175	2258	False	False	subtitle	noun	conference	会議
3945	бывало	4			4176	2257	False	True	subtitle			
3946	топливо	4			4177	2256	False	True	subtitle			
3947	переставать	4			4178	2255	False	True	subtitle			
3948	пациентка	4			4179	2254	False	True	subtitle			
3949	максимум	4			4180	2252	False	True	subtitle			
3950	джейкоб	4			4181	2251	False	True	subtitle			
3951	запутаться	4			4182	2251	False	True	subtitle			
3952	дырка	4			4183	2250	False	True	subtitle			
3953	конгресс	4			4184	2250	False	True	subtitle			
3954	наличный	4			4185	2250	False	True	subtitle			
3955	проигрывать	4			4186	2250	False	True	subtitle			
3956	четко	4	3	2577	4187	2250	False	False	subtitle	adv	clearly	明確に
3957	крошечный	4	1	682	4188	2248	False	False	subtitle	adj	tiny	とても小さい
3958	прочее	4	2	1836	4189	2248	False	False	subtitle	noun	the rest	その他
3959	вторжение	4			4190	2245	False	True	subtitle			
3960	денёк	4			4192	2243	False	True	subtitle			
3961	шикарный	4			4193	2242	False	True	subtitle			
3962	хаус	4			4194	2241	False	True	subtitle			
3963	продвигаться	4			4195	2239	False	True	subtitle			
3964	ты-то	4			4196	2239	False	True	subtitle			
3965	восхитительно	4			4197	2235	False	True	subtitle			
3966	отдельный	4	2	1199	4198	2235	False	False	subtitle	adj	separate	別々の
3967	шоколадный	4			4199	2235	False	True	subtitle			
3968	технически	4			4200	2234	False	True	subtitle			
3969	синдром	4			4201	2233	False	True	subtitle			
3970	бишоп	4			4202	2231	False	True	subtitle			
3971	йо	4			4203	2231	False	True	subtitle			
3972	фантастика	4			4204	2231	False	True	subtitle			
3973	компьютерный	4	2	1980	4205	2230	False	False	subtitle	adj	computer	コンピューターの
3974	двенадцать	4	3	2839	4207	2223	False	False	subtitle	num	twelve	12
3975	повидаться	4			4208	2223	False	True	subtitle			
3976	эйверь	4			4209	2223	False	True	subtitle			
3977	четверть	4			4210	2222	False	True	subtitle			
3978	ка	4			4213	2218	False	True	subtitle			
3979	исходить	4	2	1903	4215	2217	False	False	subtitle	verb	originate	由来する
3980	ресурс	4	2	1862	4216	2215	False	False	subtitle	noun	resource	資源
3981	йена	4			4217	2212	False	True	subtitle			
3982	побеждать	4			4219	2212	False	True	subtitle			
3983	цирк	4			4221	2209	False	True	subtitle			
3984	консультант	4			4223	2207	False	True	subtitle			
3985	сплошной	4			4224	2206	False	True	subtitle			
3986	зубной	4			4225	2204	False	True	subtitle			
3987	намеренный	4			4226	2201	False	True	subtitle			
3988	экскурсия	4			4227	2201	False	True	subtitle			
3989	мыло	4			4229	2200	False	True	subtitle			
3990	сталкиваться	4			4230	2200	False	True	subtitle			
3991	плод	4	3	2689	4231	2198	False	False	subtitle	noun	fruit	果実
3992	заключаться	4	2	1758	4232	2197	False	False	subtitle	verb	consist	から成る
3993	продержаться	4			4233	2196	False	True	subtitle			
3994	осуждать	4			4234	2195	False	True	subtitle			
3995	портрет	4	3	2334	4235	2195	False	False	subtitle	noun	portrait	肖像画
3996	ноутбук	4			4236	2194	False	True	subtitle			
3997	отныне	4			4237	2194	False	True	subtitle			
3998	отобрать	4			4238	2194	False	True	subtitle			
3999	подделка	4			4239	2193	False	True	subtitle			
4000	чтожий	4			4241	2193	False	True	subtitle			
4001	багаж	4	1	642	4242	2192	False	False	subtitle	noun	luggage	荷物
4002	глухой	4			4244	2191	False	True	subtitle			
4003	мередить	4			4245	2191	False	True	subtitle			
4004	пуарый	4			4247	2190	False	True	subtitle			
4005	прогресс	4			4248	2189	False	True	subtitle			
4006	уголовный	4	3	2370	4249	2188	False	False	subtitle	adj	criminal	刑事の
4007	влезть	4			4250	2187	False	True	subtitle			
4008	отстранить	4			4252	2187	False	True	subtitle			
4009	помолчать	4			4253	2186	False	True	subtitle			
4010	корень	4	3	2252	4254	2184	False	False	subtitle	noun	root	根
4011	си	4			4255	2183	False	True	subtitle			
4012	фига	4			4256	2183	False	True	subtitle			
4013	палатка	4	3	2880	4257	2182	False	False	subtitle	noun	tent	テント
4014	братство	4			4259	2179	False	True	subtitle			
4015	сексуально	4			4260	2179	False	True	subtitle			
4016	часами	4			4262	2177	False	True	subtitle			
4017	ночевать	4			4263	2176	False	True	subtitle			
4018	романтический	4			4264	2176	False	True	subtitle			
4019	порно	4			4267	2175	False	True	subtitle			
4020	илай	4			4268	2174	False	True	subtitle			
4021	шторм	4			4269	2174	False	True	subtitle			
4022	притормозить	4			4270	2172	False	True	subtitle			
4023	неудачный	4			4271	2171	False	True	subtitle			
4024	пан	4			4273	2170	False	True	subtitle			
4025	допрашивать	4			4274	2169	False	True	subtitle			
4026	пончик	4			4276	2169	False	True	subtitle			
4027	штраф	4			4277	2169	False	True	subtitle			
4028	колония	4			4278	2168	False	True	subtitle			
4029	координата	4			4279	2168	False	True	subtitle			
4030	нынешний	4	2	1554	4280	2168	False	False	subtitle	adj	current	現在の
4031	съехать	4			4281	2168	False	True	subtitle			
4032	расстройство	4			4282	2166	False	True	subtitle			
4033	ама	4			4283	2165	False	True	subtitle			
4034	идиотка	4			4284	2165	False	True	subtitle			
4035	сити	4			4285	2165	False	True	subtitle			
4036	рен	4			4286	2164	False	True	subtitle			
4037	гм	4			4287	2163	False	True	subtitle			
4038	инстинкт	4			4288	2163	False	True	subtitle			
4039	пак	4			4289	2163	False	True	subtitle			
4040	сигнализация	4			4290	2163	False	True	subtitle			
4041	заслать	4			4291	2162	False	True	subtitle			
4042	ладить	4			4292	2162	False	True	subtitle			
4043	приезд	4			4293	2162	False	True	subtitle			
4044	сли	4			4294	2162	False	True	subtitle			
4045	массаж	4			4295	2161	False	True	subtitle			
4046	почва	4	3	2833	4296	2161	False	False	subtitle	noun	soil	土壌
4047	шлем	4			4297	2159	False	True	subtitle			
4048	коммандер	4			4298	2158	False	True	subtitle			
4049	собственно	4	2	1623	4299	2158	False	False	subtitle	adv	actually	実際
4050	поручить	4			4300	2156	False	True	subtitle			
4051	милашка	4			4301	2154	False	True	subtitle			
4052	почтовый	4			4302	2154	False	True	subtitle			
4053	скрыться	4			4303	2154	False	True	subtitle			
4054	вспышка	4			4304	2152	False	True	subtitle			
4055	раунд	4			4305	2152	False	True	subtitle			
4056	торговец	4			4306	2152	False	True	subtitle			
4057	провод	4			4308	2149	False	True	subtitle			
4058	учительница	4			4309	2149	False	True	subtitle			
4059	продаваться	4			4310	2148	False	True	subtitle			
4060	незаконно	4			4311	2146	False	True	subtitle			
4061	перо	4			4312	2146	False	True	subtitle			
4062	сложиться	4	2	1922	4313	2146	False	False	subtitle	verb	develop	形成される
4063	трата	4			4314	2145	False	True	subtitle			
4064	выучить	4			4315	2144	False	True	subtitle			
4065	завещание	4			4316	2144	False	True	subtitle			
4066	поспешить	4			4317	2144	False	True	subtitle			
4067	таки	4			4318	2144	False	True	subtitle			
4068	спка	4			4319	2142	False	True	subtitle			
4069	прах	4			4320	2141	False	True	subtitle			
4070	командование	4	3	2929	4321	2138	False	False	subtitle	noun	command (military)	指揮
4071	тупица	4			4322	2138	False	True	subtitle			
4072	носка	4			4323	2137	False	True	subtitle			
4073	пялиться	4			4324	2137	False	True	subtitle			
4074	обыск	4			4325	2135	False	True	subtitle			
4075	грабитель	4			4326	2133	False	True	subtitle			
4076	снимка	4			4327	2129	False	True	subtitle			
4077	подождать-ка	4			4328	2128	False	True	subtitle			
4078	уложить	4			4329	2128	False	True	subtitle			
4079	мотор	4			4330	2125	False	True	subtitle			
4080	необязательно	4			4331	2125	False	True	subtitle			
4081	редакция	4	2	1617	4332	2125	False	False	subtitle	noun	editorial office	編集部
4082	связывать	4			4333	2125	False	True	subtitle			
4083	валять	4			4334	2124	False	True	subtitle			
4084	чрезвычайно	4	3	2548	4335	2124	False	False	subtitle	adv	extremely	非常に
4085	обрести	4			4336	2123	False	True	subtitle			
4086	исполниться	4			4337	2122	False	True	subtitle			
4087	транспорт	4	3	2360	4338	2122	False	False	subtitle	noun	transport	交通
4088	знаменитость	4			4339	2121	False	True	subtitle			
4089	англичанин	4	3	2760	4340	2119	False	False	subtitle	noun	Englishman	イギリス人
4090	печальный	4			4341	2119	False	True	subtitle			
4091	преподобный	4			4342	2119	False	True	subtitle			
4092	картофель	4	1	671	7237	918	True	False	subtitle	noun	potato	ジャガイモ
4093	уничтожение	4			4343	2119	False	True	subtitle			
4094	жест	4	3	2753	4344	2118	False	False	subtitle	noun	gesture	身振り
4095	изображать	4			4346	2114	False	True	subtitle			
4096	официант	4			4347	2113	False	True	subtitle			
4097	голосование	4			4348	2112	False	True	subtitle			
4098	нелепо	4			4349	2110	False	True	subtitle			
4099	евро	4			4350	2107	False	True	subtitle			
4100	светлость	4			4351	2107	False	True	subtitle			
4101	заблудиться	4			4352	2106	False	True	subtitle			
4102	племянница	4	1	847	4353	2106	False	False	subtitle	noun	niece	姪
4103	посылка	4			4354	2106	False	True	subtitle			
4104	премия	4	3	2572	4355	2105	False	False	subtitle	noun	bonus, prize	賞金
4105	прервать	4			4356	2105	False	True	subtitle			
4106	присоединяться	4			4357	2104	False	True	subtitle			
4107	рыбка	4			4358	2104	False	True	subtitle			
4108	злодей	4			4359	2103	False	True	subtitle			
4109	розить	4			4360	2102	False	True	subtitle			
4110	сражение	4			4361	2102	False	True	subtitle			
4111	благотворительный	4			4363	2100	False	True	subtitle			
4112	долбаный	4			4364	2100	False	True	subtitle			
4113	недоразумение	4			4365	2100	False	True	subtitle			
4114	сперма	4			4366	2100	False	True	subtitle			
4115	зоопарк	4			4367	2099	False	True	subtitle			
4116	столовая	4			4368	2097	False	True	subtitle			
4117	привидение	4			4370	2094	False	True	subtitle			
4118	иметься	4	2	1279	4371	2093	False	False	subtitle	verb	be available	存在する
4119	туман	4	3	2698	4372	2093	False	False	subtitle	noun	fog	霧
4120	рута	4			4374	2092	False	True	subtitle			
4121	наличные	4			4375	2089	False	True	subtitle			
4122	дю	4			4376	2088	False	True	subtitle			
4123	патруль	4			4377	2088	False	True	subtitle			
4124	повидать	4			4378	2088	False	True	subtitle			
4125	дюжина	4			4379	2086	False	True	subtitle			
4126	публичный	4			4380	2085	False	True	subtitle			
4127	пытать	4			4381	2085	False	True	subtitle			
4128	свитер	4			4382	2085	False	True	subtitle			
4129	перелом	4			4384	2083	False	True	subtitle			
4130	втянуть	4			4385	2082	False	True	subtitle			
4131	гарантия	4	3	2810	4386	2082	False	False	subtitle	noun	guarantee	保証
4132	морг	4			4387	2082	False	True	subtitle			
4133	пробить	4			4388	2082	False	True	subtitle			
4134	уволиться	4			4389	2082	False	True	subtitle			
4135	чон	4			4390	2082	False	True	subtitle			
4136	неверный	4			4391	2081	False	True	subtitle			
4137	сдача	4			4392	2080	False	True	subtitle			
4138	уникальный	4	3	2352	4393	2079	False	False	subtitle	adj	unique	独特な
4139	гордый	4			4394	2078	False	True	subtitle			
4140	лоб	4	3	2211	4395	2076	False	False	subtitle	noun	forehead	額
4141	мэтти	4			4396	2075	False	True	subtitle			
4142	бумажный	4			4397	2073	False	True	subtitle			
4143	почему-то	4			4398	2073	False	True	subtitle			
4144	администрация	4	2	1720	4399	2072	False	False	subtitle	noun	administration	行政
4145	пятнадцать	4	3	2467	4400	2072	False	False	subtitle	num	fifteen	十五
4146	донни	4			4401	2071	False	True	subtitle			
4147	стучать	4			4402	2071	False	True	subtitle			
4148	порция	4			4403	2070	False	True	subtitle			
4149	придерживаться	4			4405	2069	False	True	subtitle			
4150	герцог	4			4407	2068	False	True	subtitle			
4151	хор	4			4409	2068	False	True	subtitle			
4152	скромный	4	3	2829	4410	2067	False	False	subtitle	adj	modest	控えめな
4153	контейнер	4			4412	2064	False	True	subtitle			
4154	независимо	4	3	2897	4413	2062	False	False	subtitle	adv	independently	独立して
4155	внешность	4			4414	2060	False	True	subtitle			
4156	следствие	4	3	2025	4415	2058	False	False	subtitle	noun	investigation	捜査
4157	мышца	4			4416	2057	False	True	subtitle			
4158	папаша	4			4417	2057	False	True	subtitle			
4159	притащить	4			4418	2057	False	True	subtitle			
4160	потеряться	4			4420	2056	False	True	subtitle			
4161	править	4			4421	2056	False	True	subtitle			
4162	прыжок	4			4422	2056	False	True	subtitle			
4163	сдержать	4			4424	2055	False	True	subtitle			
4164	морда	4			4425	2054	False	True	subtitle			
4165	наследник	4			4426	2053	False	True	subtitle			
4166	непременно	4	3	2939	4427	2053	False	False	subtitle	adv	definitely	必ず
4167	синяк	4			4428	2053	False	True	subtitle			
4168	засада	4			4429	2052	False	True	subtitle			
4169	получение	4	2	1649	4430	2052	False	False	subtitle	noun	receipt	受領
4170	кассета	4			4431	2050	False	True	subtitle			
4171	экономика	4	2	1288	4432	2048	False	False	subtitle	noun	economy	経済
4172	ассистент	4			4433	2047	False	True	subtitle			
4173	обеспокоить	4			4434	2047	False	True	subtitle			
4174	доброта	4			4435	2045	False	True	subtitle			
4175	посольство	4			4436	2045	False	True	subtitle			
4176	юноша	4	3	2531	4437	2045	False	False	subtitle	noun	young man	青年
4177	график	4			4438	2044	False	True	subtitle			
4178	джа	4			4439	2044	False	True	subtitle			
4179	бабочка	4			4440	2043	False	True	subtitle			
4180	митчелла	4			4441	2043	False	True	subtitle			
4181	вырастить	4			4442	2042	False	True	subtitle			
4182	стойка	4			4443	2041	False	True	subtitle			
4183	биологический	4			4445	2038	False	True	subtitle			
4184	кругом	4			4446	2038	False	True	subtitle			
4185	утечка	4			4447	2037	False	True	subtitle			
4186	этап	4	2	1508	4448	2036	False	False	subtitle	noun	stage	段階
4187	ковбой	4			4449	2035	False	True	subtitle			
4188	рыжий	4			4452	2032	False	True	subtitle			
4189	балл	4			4453	2031	False	True	subtitle			
4190	строительство	4	2	1590	4454	2031	False	False	subtitle	noun	construction	建設
4191	официантка	4			4456	2029	False	True	subtitle			
4192	умница	4			4457	2028	False	True	subtitle			
4193	упрямый	4			4458	2028	False	True	subtitle			
4194	изобрести	4			4459	2026	False	True	subtitle			
4195	предотвратить	4			4460	2026	False	True	subtitle			
4196	запрет	4			4461	2025	False	True	subtitle			
4197	помолвка	4			4462	2024	False	True	subtitle			
4198	договариваться	4			4463	2023	False	True	subtitle			
4199	драма	4			4464	2023	False	True	subtitle			
4200	заявлять	4			4465	2022	False	True	subtitle			
4201	опера	4			4466	2022	False	True	subtitle			
4202	вечерний	4	3	2913	4467	2021	False	False	subtitle	adj	evening (adj)	夜の
4203	ин	4			4468	2021	False	True	subtitle			
4204	пропускать	4			4469	2021	False	True	subtitle			
4205	яма	4			4471	2021	False	True	subtitle			
4206	исход	4			4472	2019	False	True	subtitle			
4207	лекс	4			4473	2019	False	True	subtitle			
4208	украшение	4			4474	2019	False	True	subtitle			
4209	тусоваться	4			4475	2018	False	True	subtitle			
4210	выбираться	4			4476	2017	False	True	subtitle			
4211	отсутствовать	4	3	2449	4477	2017	False	False	subtitle	verb	be absent	不在である
4212	преодолеть	4			4478	2016	False	True	subtitle			
4213	вдоль	4	3	2027	4479	2015	False	False	subtitle	prep	along	沿って
4214	племя	4			4480	2015	False	True	subtitle			
4215	представиться	4			4482	2013	False	True	subtitle			
4216	выживание	4			4483	2012	False	True	subtitle			
4217	хранение	4			4484	2011	False	True	subtitle			
4218	чип	4			4485	2011	False	True	subtitle			
4219	давным-давно	4			4486	2010	False	True	subtitle			
4220	повелитель	4			4487	2009	False	True	subtitle			
4221	прибор	4	3	2699	4488	2009	False	False	subtitle	noun	device, instrument	機器
4222	финал	4			4489	2009	False	True	subtitle			
4223	невозможный	4	1	350	4491	2005	False	False	subtitle	adj	impossible	不可能な
4224	вставить	4			4492	2004	False	True	subtitle			
4225	разрушать	4			4493	2004	False	True	subtitle			
4226	наложить	4			4494	2002	False	True	subtitle			
4227	наследство	4			4495	2002	False	True	subtitle			
4228	повысить	4			4496	2001	False	True	subtitle			
4229	содержание	4	2	1368	4497	2001	False	False	subtitle	noun	content	内容
4230	прекратиться	4			4498	2000	False	True	subtitle			
4231	целиком	4			4499	2000	False	True	subtitle			
4232	обращение	4	2	1761	4502	1998	False	False	subtitle	noun	appeal	訴え
4233	оправдать	4			4504	1997	False	True	subtitle			
4234	израиль	4	3	2438	4505	1993	False	False	subtitle	noun	Israel	イスラエル
4235	окончательно	4	3	2340	4506	1992	False	False	subtitle	adv	finally	最終的に
4236	вздыхать	4			4507	1991	False	True	subtitle			
4237	свободно	4			4508	1990	False	True	subtitle			
4238	причастный	4			4509	1989	False	True	subtitle			
4239	местонахождение	4			4510	1988	False	True	subtitle			
4240	сестрёнка	4			4511	1987	False	True	subtitle			
4241	чипсы	4			4512	1985	False	True	subtitle			
4242	горе	4	3	2657	4513	1983	False	False	subtitle	noun	grief	悲しみ
4243	наступать	4	3	2472	4514	1983	False	False	subtitle	verb	advance	進む
4244	прерывать	4			4515	1983	False	True	subtitle			
4245	ритм	4			4517	1982	False	True	subtitle			
4246	земной	4	3	2258	4518	1981	False	False	subtitle	adj	earthly	地上の
4247	тупик	4			4519	1979	False	True	subtitle			
4248	намекать	4			4521	1978	False	True	subtitle			
4249	забраться	4			4522	1977	False	True	subtitle			
4250	вломиться	4			4523	1975	False	True	subtitle			
4251	прослушивание	4			4524	1975	False	True	subtitle			
4252	осмотр	4			4525	1974	False	True	subtitle			
4253	столица	4	1	889	4526	1973	False	False	subtitle	noun	capital	首都
4254	винтовка	4			4527	1972	False	True	subtitle			
4255	действительность	4	2	1936	4531	1969	False	False	subtitle	noun	reality	現実
4256	медовый	4			4532	1969	False	True	subtitle			
4257	орать	4			4533	1968	False	True	subtitle			
4258	удостоверение	4			4534	1968	False	True	subtitle			
4259	бедняга	4			4535	1967	False	True	subtitle			
4260	молодость	4			4536	1967	False	True	subtitle			
4261	скидка	4			4537	1967	False	True	subtitle			
4262	чжи	4			4538	1967	False	True	subtitle			
4263	вслух	4			4539	1966	False	True	subtitle			
4264	заслуга	4			4540	1965	False	True	subtitle			
4265	впрочем	4	2	1219	4541	1964	False	False	subtitle	conj	however	もっとも
4266	доставлять	4			4542	1964	False	True	subtitle			
4267	жизненный	4	2	1970	4543	1964	False	False	subtitle	adj	vital	生活の
4268	отступить	4			4544	1964	False	True	subtitle			
4269	копать	4			4545	1963	False	True	subtitle			
4270	пересечь	4			4546	1962	False	True	subtitle			
4271	проголосовать	4			4547	1962	False	True	subtitle			
4272	корзина	4			4548	1961	False	True	subtitle			
4273	папка	4			4549	1961	False	True	subtitle			
4274	доклад	4	3	2122	4550	1960	False	False	subtitle	noun	report	報告
4275	неожиданный	4	3	2526	4551	1960	False	False	subtitle	adj	unexpected	予想外の
4276	покойник	4			4553	1959	False	True	subtitle			
4277	рекорд	4			4554	1959	False	True	subtitle			
4278	уронить	4			4555	1959	False	True	subtitle			
4279	закат	4			4556	1958	False	True	subtitle			
4280	механизм	4	2	1622	4557	1958	False	False	subtitle	noun	mechanism	仕組み
4281	ооо	4			4558	1958	False	True	subtitle			
4282	нейт	4			4559	1957	False	True	subtitle			
4283	почерк	4			4560	1957	False	True	subtitle			
4284	чхв	4			4561	1957	False	True	subtitle			
4285	предательство	4			4563	1956	False	True	subtitle			
4286	сообщество	4	3	2565	4564	1956	False	False	subtitle	noun	community	コミュニティ
4287	сочувствовать	4			4565	1956	False	True	subtitle			
4288	минус	4			4566	1955	False	True	subtitle			
4289	голливуд	4			4568	1954	False	True	subtitle			
4290	религиозный	4	2	1945	4569	1954	False	False	subtitle	adj	religious	宗教的な
4291	наличие	4	2	1578	4571	1953	False	False	subtitle	noun	presence	存在
4292	производить	4	2	1826	4572	1953	False	False	subtitle	verb	produce	生産する
4293	рэймонд	4			4573	1953	False	True	subtitle			
4294	неудивительный	4			4574	1951	False	True	subtitle			
4295	стыдиться	4			4575	1951	False	True	subtitle			
4296	богатство	4	3	2670	4576	1950	False	False	subtitle	noun	wealth	富
4297	салон	4	3	2881	4577	1950	False	False	subtitle	noun	salon	サロン
4298	физика	4	3	2750	4578	1950	False	False	subtitle	noun	physics	物理学
4299	поправка	4			4579	1948	False	True	subtitle			
4300	эль	4			4580	1947	False	True	subtitle			
4301	драгоценность	4			4581	1945	False	True	subtitle			
4302	тонна	4			4582	1944	False	True	subtitle			
4303	а-а	4			4584	1943	False	True	subtitle			
4304	макг	4			4585	1943	False	True	subtitle			
4305	небесный	4			4587	1941	False	True	subtitle			
4306	свернуть	4			4588	1941	False	True	subtitle			
4307	лавка	4			4590	1937	False	True	subtitle			
4308	заразить	4			4591	1935	False	True	subtitle			
4309	иллюзия	4			4592	1935	False	True	subtitle			
4310	сарай	4			4593	1935	False	True	subtitle			
4311	торговать	4			4594	1934	False	True	subtitle			
4312	пожить	4			4595	1932	False	True	subtitle			
4313	саша	4	3	2045	4596	1931	False	False	subtitle	noun	Sasha	サーシャ
4314	микрофон	4			4597	1930	False	True	subtitle			
4315	правление	4			4598	1930	False	True	subtitle			
4316	разыскивать	4			4599	1930	False	True	subtitle			
4317	соскучиться	4			4600	1930	False	True	subtitle			
4318	дебби	4			4601	1928	False	True	subtitle			
4319	олень	4			4602	1925	False	True	subtitle			
4320	орёл	4			4603	1925	False	True	subtitle			
4321	успешно	4	3	2422	4604	1925	False	False	subtitle	adv	successfully	うまく
4322	печаль	4			4606	1924	False	True	subtitle			
4323	щенок	4			4607	1924	False	True	subtitle			
4324	дурь	4			4608	1923	False	True	subtitle			
4325	пробраться	4			4609	1923	False	True	subtitle			
4326	мирный	4	3	2520	4611	1922	False	False	subtitle	adj	peaceful	平和な
4327	осознавать	4			4612	1922	False	True	subtitle			
4328	частица	4			4613	1921	False	True	subtitle			
4329	д-р	4			4614	1920	False	True	subtitle			
4330	осудить	4			4615	1919	False	True	subtitle			
4331	альфа	4			4616	1918	False	True	subtitle			
4332	салфетка	4			4617	1918	False	True	subtitle			
4333	унести	4			4618	1917	False	True	subtitle			
4334	сорвать	4			4619	1916	False	True	subtitle			
4335	оркестр	4			4620	1915	False	True	subtitle			
4336	поприветствовать	4			4621	1915	False	True	subtitle			
4337	хорошенький	4			4622	1915	False	True	subtitle			
4338	грейсон	4			4624	1914	False	True	subtitle			
4339	закрыться	4			4625	1914	False	True	subtitle			
4340	командовать	4			4626	1914	False	True	subtitle			
4341	намёк	4			4627	1914	False	True	subtitle			
4342	вырваться	4			4629	1913	False	True	subtitle			
4343	таков	4	2	1928	4630	2555	False	False	raw_surface_fallback	pron	such	そのような
4344	чашечка	4			4630	1913	False	True	subtitle			
4345	показатель	4	2	1895	4631	1912	False	False	subtitle	noun	indicator	指標
4346	фермер	4			4632	1912	False	True	subtitle			
4347	жестокость	4			4633	1911	False	True	subtitle			
4348	разрушение	4			4634	1910	False	True	subtitle			
4349	пиздец	4			4635	1908	False	True	subtitle			
4350	сет	4			4636	1908	False	True	subtitle			
4351	совершенный	4			4639	1906	False	True	subtitle			
4352	прогнать	4			4640	1905	False	True	subtitle			
4353	проголодаться	4			4641	1905	False	True	subtitle			
4354	выгода	4			4642	1903	False	True	subtitle			
4355	сфера	4	2	1333	4643	1902	False	False	subtitle	noun	sphere	分野
4356	кекс	4			4645	1900	False	True	subtitle			
4357	матушка	4			4646	1900	False	True	subtitle			
4358	анонимный	4			4647	1899	False	True	subtitle			
4359	увы	4	3	2581	4648	1899	False	False	subtitle	intj	alas	ああ残念
4360	выясниться	4	3	2651	4649	1898	False	False	subtitle	verb	turn out	判明する
4361	овца	4			4650	1898	False	True	subtitle			
4362	протянуть	4	3	2155	4651	1898	False	False	subtitle	verb	stretch	伸ばす
4363	стандартный	4	3	2787	4652	1898	False	False	subtitle	adj	standard	標準的な
4364	предчувствие	4			4653	1897	False	True	subtitle			
4365	прокатиться	4			4654	1897	False	True	subtitle			
4366	кредитный	4			4655	1896	False	True	subtitle			
4367	приобрести	4	2	1852	4656	1896	False	False	subtitle	verb	acquire	取得する
4368	криминалист	4			4658	1894	False	True	subtitle			
4369	стук	4			4659	1894	False	True	subtitle			
4370	немало	4	3	2391	4661	1893	False	False	subtitle	adv	quite a lot	かなり
4371	холод	4	3	2862	4662	1893	False	False	subtitle	noun	cold	寒さ
4372	тео	4			4663	1892	False	True	subtitle			
4373	костер	4	3	2898	4664	1891	False	False	subtitle	noun	campfire	たき火
4374	братишка	4			4665	1889	False	True	subtitle			
4375	недавний	4			4666	1889	False	True	subtitle			
4376	сущность	4	3	2022	4667	1888	False	False	subtitle	noun	essence	本質
4377	уборка	4			4668	1888	False	True	subtitle			
4378	выдумать	4			4669	1887	False	True	subtitle			
4379	перевернуть	4			4670	1887	False	True	subtitle			
4380	бойфренд	4			4671	1886	False	True	subtitle			
4381	аккуратно	4			4673	1885	False	True	subtitle			
4382	пас	4			4674	1883	False	True	subtitle			
4383	запуск	4			4676	1882	False	True	subtitle			
4384	мошенничество	4			4677	1881	False	True	subtitle			
4385	строго	4	3	2421	4679	1879	False	False	subtitle	adv	strictly	厳しく
4386	сидень	4			4680	1878	False	True	subtitle			
4387	отвернуться	4			4681	1877	False	True	subtitle			
4388	говнюк	4			4682	1875	False	True	subtitle			
4389	положиться	4			4683	1875	False	True	subtitle			
4390	разработать	4	2	1986	4684	1875	False	False	subtitle	verb	develop	開発する
4391	доверить	4			4685	1874	False	True	subtitle			
4392	загадочный	4			4686	1874	False	True	subtitle			
4393	шкура	4			4688	1874	False	True	subtitle			
4394	восстановление	4			4689	1873	False	True	subtitle			
4395	помеха	4			4690	1873	False	True	subtitle			
4396	ребёночек	4			4691	1873	False	True	subtitle			
4397	здравствовать	4	2	1676	4692	1872	False	False	subtitle	verb	be healthy	健康である
4398	удивлять	4			4693	1872	False	True	subtitle			
4399	перепутать	4			4694	1871	False	True	subtitle			
4400	бармен	4			4695	1870	False	True	subtitle			
4401	толкнуть	4			4696	1870	False	True	subtitle			
4402	завалить	4			4697	1869	False	True	subtitle			
4403	тормоз	4			4698	1869	False	True	subtitle			
4404	взрывчатка	4			4699	1868	False	True	subtitle			
4405	мишень	4			4701	1868	False	True	subtitle			
4406	зарегистрировать	4	3	2928	4702	1867	False	False	subtitle	verb	register	登録する
4407	звание	4	3	2933	4703	1866	False	False	subtitle	noun	rank, title	称号
4408	здравый	4			4705	1865	False	True	subtitle			
4409	мороз	4	3	2782	7842	783	True	False	subtitle	noun	frost	霜
4410	кружка	4			4706	1865	False	True	subtitle			
4411	паб	4			4707	1865	False	True	subtitle			
4412	разумно	4			4708	1865	False	True	subtitle			
4413	вырубить	4			4709	1864	False	True	subtitle			
4414	цивилизация	4	3	2201	4711	1864	False	False	subtitle	noun	civilization	文明
4415	диагноз	4			4712	1863	False	True	subtitle			
4416	оборотень	4			4713	1862	False	True	subtitle			
4417	пианино	4			4714	1862	False	True	subtitle			
4418	мужество	4			4715	1861	False	True	subtitle			
4419	наставник	4			4716	1861	False	True	subtitle			
4420	преподавать	4			4717	1861	False	True	subtitle			
4421	похититель	4			4718	1860	False	True	subtitle			
4422	забеременеть	4			4719	1859	False	True	subtitle			
4423	присниться	4			4720	1859	False	True	subtitle			
4424	недовольный	4			4721	1857	False	True	subtitle			
4425	следователь	4			4722	1856	False	True	subtitle			
4426	бессмысленно	4			4723	1855	False	True	subtitle			
4427	моряк	4			4725	1854	False	True	subtitle			
4428	бабка	4			4727	1853	False	True	subtitle			
4429	декстер	4			4728	1852	False	True	subtitle			
4430	приказывать	4			4730	1851	False	True	subtitle			
4431	закуска	4			4731	1850	False	True	subtitle			
4432	чистить	4	1	741	4732	1850	False	False	subtitle	verb	clean	掃除する
4433	заткнуть	4			4733	1848	False	True	subtitle			
4434	калибр	4			4734	1848	False	True	subtitle			
4435	мудрость	4			4735	1848	False	True	subtitle			
4436	вырезать	4			4736	1847	False	True	subtitle			
4437	захват	4			4737	1847	False	True	subtitle			
4438	растить	4			4738	1847	False	True	subtitle			
4439	сирый	4			4739	1846	False	True	subtitle			
4440	холодное	4			4740	1846	False	True	subtitle			
4441	девица	4			4741	1845	False	True	subtitle			
4442	пустота	4			4742	1845	False	True	subtitle			
4443	болтовня	4			4744	1843	False	True	subtitle			
4444	нефть	4	1	659	4746	1843	False	False	subtitle	noun	oil	石油
4445	исполнять	4	3	2959	4747	1842	False	False	subtitle	verb	perform, execute	実行する
4446	гибель	4	3	2767	4748	1841	False	False	subtitle	noun	death, destruction	破滅
4447	добыть	4			4749	1841	False	True	subtitle			
4448	оборот	4	3	2625	4750	1841	False	False	subtitle	noun	turnover, revolution	回転
4449	вмешаться	4			4752	1838	False	True	subtitle			
4450	бекон	4			4753	1837	False	True	subtitle			
4451	местность	4			4754	1836	False	True	subtitle			
4452	ведро	4			4755	1835	False	True	subtitle			
4453	дюйм	4			4756	1835	False	True	subtitle			
4454	фотограф	4			4757	1835	False	True	subtitle			
4455	рюкзак	4			4759	1834	False	True	subtitle			
4456	аж	4			4760	1833	False	True	subtitle			
4457	молодежь	4	3	2118	4761	1833	False	False	subtitle	noun	youth	若者
4458	дафнить	4			4762	1832	False	True	subtitle			
4459	купиться	4			4763	1832	False	True	subtitle			
4460	ритуал	4			4764	1832	False	True	subtitle			
4461	спортзал	4			4765	1832	False	True	subtitle			
4462	авеню	4			4767	1830	False	True	subtitle			
4463	поэт	4	2	1493	4768	1829	False	False	subtitle	noun	poet	詩人
4464	сюжет	4	3	2110	4769	1829	False	False	subtitle	noun	plot	筋書き
4465	монастырь	4	3	2616	4770	1828	False	False	subtitle	noun	monastery	修道院
4466	форд	4			4771	1828	False	True	subtitle			
4467	шпионить	4			4772	1828	False	True	subtitle			
4468	килограмм	4	3	2373	4773	1827	False	False	subtitle	noun	kilogram	キログラム
4469	ха-ха	4			4776	1827	False	True	subtitle			
4470	мука	4			4777	1824	False	True	subtitle			
4471	полномочие	4			4778	1824	False	True	subtitle			
4472	гвено	4			4779	1823	False	True	subtitle			
4473	превосходный	4			4780	1823	False	True	subtitle			
4474	предпринять	4			4781	1823	False	True	subtitle			
4475	пчела	4			4782	1823	False	True	subtitle			
4476	драгоценный	4			4783	1822	False	True	subtitle			
4477	задушить	4			4784	1822	False	True	subtitle			
4478	мастерская	4			4785	1822	False	True	subtitle			
4479	сваливать	4			4786	1822	False	True	subtitle			
4480	честность	4			4787	1822	False	True	subtitle			
4481	стыд	4	1	944	4789	1821	False	False	subtitle	noun	shame	恥
4482	мелисса	4			4790	1820	False	True	subtitle			
4483	приветик	4			4791	1820	False	True	subtitle			
4484	республика	4	1	884	4792	1820	False	False	subtitle	noun	republic	共和国
4485	гейл	4			4793	1819	False	True	subtitle			
4486	мусорный	4			4794	1819	False	True	subtitle			
4487	перспектива	4	2	1819	4795	1819	False	False	subtitle	noun	prospect	見通し
4488	светить	4			4796	1819	False	True	subtitle			
4489	суждено	4			4797	1819	False	True	subtitle			
4490	фишка	4			4798	1818	False	True	subtitle			
4491	парнишка	4			4799	1817	False	True	subtitle			
4492	выехать	4			4800	1816	False	True	subtitle			
4493	голосовой	4			4801	1816	False	True	subtitle			
4494	лад	4			4802	1813	False	True	subtitle			
4495	дейзи	4			4804	1812	False	True	subtitle			
4496	галерея	4			4805	1811	False	True	subtitle			
4497	химия	4			4807	1811	False	True	subtitle			
4498	аккуратный	4			4808	1808	False	True	subtitle			
4499	турист	4			4809	1808	False	True	subtitle			
4500	поссориться	4			4810	1806	False	True	subtitle			
4501	учесть	4	3	2978	4811	1806	False	False	subtitle	verb	take into account	考慮する
4502	вилла	4			4812	1805	False	True	subtitle			
4503	шишка	4			4814	1805	False	True	subtitle			
4504	технический	4	1	725	4815	1804	False	False	subtitle	adj	technical	技術の
4505	артерия	4			4816	1802	False	True	subtitle			
4506	одобрить	4			4817	1802	False	True	subtitle			
4507	уэйд	4			4818	1801	False	True	subtitle			
4508	засечь	4			4819	1798	False	True	subtitle			
4509	скот	4			4820	1798	False	True	subtitle			
4510	химический	4			4821	1798	False	True	subtitle			
4511	передний	4			4822	1797	False	True	subtitle			
4512	наткнуться	4			4823	1796	False	True	subtitle			
4513	нахрен	4			4824	1796	False	True	subtitle			
4514	малышок	4			4825	1795	False	True	subtitle			
4515	отреагировать	4			4826	1795	False	True	subtitle			
4516	счесть	4			4827	1794	False	True	subtitle			
4517	мардж	4			4828	1793	False	True	subtitle			
4518	стейся	4			4829	1793	False	True	subtitle			
4519	жареный	4			4830	1791	False	True	subtitle			
4520	крышка	4			4831	1791	False	True	subtitle			
4521	село	4	3	2269	4832	1791	False	False	subtitle	noun	village	村
4522	клан	4			4833	1789	False	True	subtitle			
4523	курок	4			4834	1789	False	True	subtitle			
4524	скотч	4			4835	1789	False	True	subtitle			
4525	маньяк	4			4836	1788	False	True	subtitle			
4526	удивляться	4	3	2863	4837	1788	False	False	subtitle	verb	be surprised	驚く
4527	возникать	4	2	1280	4838	1787	False	False	subtitle	verb	arise	生じる
4528	исследовать	4			4839	1787	False	True	subtitle			
4529	проглотить	4			4840	1787	False	True	subtitle			
4530	укрытие	4			4841	1786	False	True	subtitle			
4531	ра	4			4842	1785	False	True	subtitle			
4532	втроём	4			4844	1784	False	True	subtitle			
4533	пофига	4			4845	1784	False	True	subtitle			
4534	цезарь	4			4846	1784	False	True	subtitle			
4535	запрещать	4			4847	1783	False	True	subtitle			
4536	предназначить	4	3	2644	4849	1783	False	False	subtitle	verb	intend, designate	意図する
4537	упаковка	4			4850	1783	False	True	subtitle			
4538	абсолютный	4	3	2501	4851	1781	False	False	subtitle	adj	absolute	絶対的な
4539	напрасно	4			4852	1781	False	True	subtitle			
4540	мощность	4			4854	1779	False	True	subtitle			
4541	бейсбол	4			4855	1778	False	True	subtitle			
4542	шов	4			4857	1778	False	True	subtitle			
4543	бейль	4			4858	1777	False	True	subtitle			
4544	окружить	4			4859	1777	False	True	subtitle			
4545	спланировать	4			4860	1777	False	True	subtitle			
4546	мобильник	4			4862	1776	False	True	subtitle			
4547	приступать	4			4863	1776	False	True	subtitle			
4548	разбиться	4			4864	1776	False	True	subtitle			
4549	помолиться	4			4866	1774	False	True	subtitle			
4550	протест	4			4867	1774	False	True	subtitle			
4551	направиться	4	3	2917	4869	1772	False	False	subtitle	verb	head towards	向かう
4552	артист	4			4871	1771	False	True	subtitle			
4553	мудрый	4			4872	1770	False	True	subtitle			
4554	старушка	4			4873	1770	False	True	subtitle			
4555	выследить	4			4874	1769	False	True	subtitle			
4556	китти	4			4875	1769	False	True	subtitle			
4557	презерватив	4			4876	1769	False	True	subtitle			
4558	выпь	4			4877	1767	False	True	subtitle			
4559	лента	4	3	2951	4878	1767	False	False	subtitle	noun	ribbon, tape	リボン
4560	благотворительность	4			4879	1766	False	True	subtitle			
4561	диета	4			4880	1766	False	True	subtitle			
4562	игла	4			4881	1766	False	True	subtitle			
4563	раненый	4			4883	1766	False	True	subtitle			
4564	логан	4			4884	1765	False	True	subtitle			
4565	мафия	4			4885	1765	False	True	subtitle			
4566	дорожный	4			4886	1764	False	True	subtitle			
4567	чувствительный	4			4887	1763	False	True	subtitle			
4568	восьмой	4			4888	1762	False	True	subtitle			
4569	грабить	4			4889	1761	False	True	subtitle			
4570	логично	4			4890	1760	False	True	subtitle			
4571	индейка	4			4891	1759	False	True	subtitle			
4572	казнить	4			4892	1759	False	True	subtitle			
4573	кончить	4	1	431	4893	1759	False	False	subtitle	verb	finish	終える
4574	око	4			4894	1759	False	True	subtitle			
4575	ле	4			4895	1758	False	True	subtitle			
4576	жаждать	4			4896	1757	False	True	subtitle			
4577	упражнение	4	3	2543	4897	1757	False	False	subtitle	noun	exercise	練習
4578	контора	4			4899	1756	False	True	subtitle			
4579	происхождение	4	3	2498	4900	1756	False	False	subtitle	noun	origin	起源
4580	шантажировать	4			4901	1756	False	True	subtitle			
4581	паук	4			4902	1755	False	True	subtitle			
4582	прозвище	4			4903	1754	False	True	subtitle			
4583	шкафчик	4			4904	1754	False	True	subtitle			
4584	распространяться	4			4906	1751	False	True	subtitle			
4585	счастливчик	4			4907	1751	False	True	subtitle			
4586	тсс	4			4908	1751	False	True	subtitle			
4587	обсуждение	4	2	1872	4910	1750	False	False	subtitle	noun	discussion	議論
4588	рация	4			4911	1750	False	True	subtitle			
4589	платформа	4			4912	1749	False	True	subtitle			
4590	подключить	4			4913	1747	False	True	subtitle			
4591	впустую	4			4914	1745	False	True	subtitle			
4592	мёд	4			4915	1745	False	True	subtitle			
4593	соперник	4			4916	1745	False	True	subtitle			
4594	рей	4			4917	1744	False	True	subtitle			
4595	просмотр	4			4918	1743	False	True	subtitle			
4596	ген	4			4919	1742	False	True	subtitle			
4597	посмотреть-ка	4			4920	1742	False	True	subtitle			
4598	необычно	4			4921	1741	False	True	subtitle			
4599	подчиняться	4			4922	1741	False	True	subtitle			
4600	стоянка	4			4923	1741	False	True	subtitle			
4601	перерезать	4			4924	1740	False	True	subtitle			
4602	лорёл	4			4925	1739	False	True	subtitle			
4603	аа	4			4926	1738	False	True	subtitle			
4604	выезжать	4			4927	1738	False	True	subtitle			
4605	замечание	4	3	2784	4928	1737	False	False	subtitle	noun	remark	指摘
4606	ухаживать	4			4929	1737	False	True	subtitle			
4607	подсказка	4			4930	1736	False	True	subtitle			
4608	пятеро	4			4931	1734	False	True	subtitle			
4609	останки	4			4932	1733	False	True	subtitle			
4610	видный	4	3	2144	4933	1729	False	False	subtitle	adj	prominent	著名な
4611	пусто	4			4934	1729	False	True	subtitle			
4612	сорваться	4			4935	1729	False	True	subtitle			
4613	уделить	4			4936	1729	False	True	subtitle			
4614	навести	4			4938	1727	False	True	subtitle			
4615	наивный	4			4939	1727	False	True	subtitle			
4616	патрульный	4			4940	1727	False	True	subtitle			
4617	пропуск	4			4941	1727	False	True	subtitle			
4618	покойный	4			4942	1726	False	True	subtitle			
4619	комикс	4			4943	1725	False	True	subtitle			
4620	ломать	4	1	744	4944	1725	False	False	subtitle	verb	break	壊す
4621	отверстие	4			4945	1725	False	True	subtitle			
4622	отступать	4			4946	1725	False	True	subtitle			
4623	предполагаться	4			4947	1725	False	True	subtitle			
4624	одинаково	4			4948	1724	False	True	subtitle			
4625	архив	4	3	2415	4949	1722	False	False	subtitle	noun	archive	公文書館
4626	старт	4			4950	1722	False	True	subtitle			
4627	аукцион	4			4952	1721	False	True	subtitle			
4628	воздействие	4	2	1908	4953	1721	False	False	subtitle	noun	impact	影響
4629	йюй	4			4954	1721	False	True	subtitle			
4630	крепость	4			4956	1719	False	True	subtitle			
4631	моральный	4	3	2547	4958	1718	False	False	subtitle	adj	moral	道徳的な
4632	злость	4			4959	1716	False	True	subtitle			
4633	такер	4			4960	1716	False	True	subtitle			
4634	допросить	4			4962	1715	False	True	subtitle			
4635	длина	4	3	2519	4966	1713	False	False	subtitle	noun	length	長さ
4636	ножка	4			4967	1713	False	True	subtitle			
4637	уставиться	4			4968	1713	False	True	subtitle			
4638	физически	4			4969	1713	False	True	subtitle			
4639	активность	4	3	2772	4970	1712	False	False	subtitle	noun	activity	活動性
4640	психологический	4	3	2149	4971	1712	False	False	subtitle	adj	psychological	心理的な
4641	али	4			4972	1711	False	True	subtitle			
4642	пение	4			4973	1711	False	True	subtitle			
4643	постепенно	4	2	1615	4974	1711	False	False	subtitle	adv	gradually	徐々に
4644	удостовериться	4			4975	1711	False	True	subtitle			
4645	ожерелие	4			4977	1709	False	True	subtitle			
4646	ус	4			4978	1709	False	True	subtitle			
4647	зажечь	4			4979	1708	False	True	subtitle			
4648	подобно	4	3	2615	4980	1706	False	False	subtitle	prep	like, similarly to	~のように
4649	экстренный	4			4981	1706	False	True	subtitle			
4650	верховный	4	3	2673	4982	1705	False	False	subtitle	adj	supreme	最高の
4651	переезд	4			4984	1704	False	True	subtitle			
4652	вышвырнуть	4			4985	1702	False	True	subtitle			
4653	информатор	4			4986	1702	False	True	subtitle			
4654	уловка	4			4988	1702	False	True	subtitle			
4655	исключительно	4	2	1955	4989	1701	False	False	subtitle	adv	exclusively	もっぱら
4656	откровенный	4			4993	1700	False	True	subtitle			
4657	нанимать	4			4994	1699	False	True	subtitle			
4658	рекомендация	4	3	2776	4995	1699	False	False	subtitle	noun	recommendation	推薦
4659	чжэ	4			4996	1699	False	True	subtitle			
4660	кора	4			4998	1696	False	True	subtitle			
4661	бизнесмен	4			4999	1693	False	True	subtitle			
4662	моча	4			5000	1693	False	True	subtitle			
4663	металл	4			5002	1692	False	True	subtitle			
4664	откровенно	4			5003	1692	False	True	subtitle			
4665	помыть	4			5004	1691	False	True	subtitle			
4666	петр	4	2	1747	5005	1691	False	False	subtitle	noun	Pyotr	ピョートル
4667	топор	4			5006	1690	False	True	subtitle			
4668	черепаха	4			5007	1690	False	True	subtitle			
4669	вздумать	4			5008	1688	False	True	subtitle			
4670	нить	4			5009	1688	False	True	subtitle			
4671	паренёк	4			5010	1688	False	True	subtitle			
4672	проявлять	4	3	2847	5011	1687	False	False	subtitle	verb	display, show	示す
4673	стоун	4			5012	1687	False	True	subtitle			
4674	констебль	4			5013	1686	False	True	subtitle			
4675	терпеться	4			5014	1686	False	True	subtitle			
4676	полуночь	4			5017	1684	False	True	subtitle			
4677	гнездо	4			5018	1683	False	True	subtitle			
4678	заинтересованный	4			5019	1683	False	True	subtitle			
4679	палуба	4			5020	1683	False	True	subtitle			
4680	спороть	4			5021	1683	False	True	subtitle			
4681	бесконечный	4	3	2445	5022	1682	False	False	subtitle	adj	infinite	無限の
4682	эмбер	4			5023	1682	False	True	subtitle			
4683	прозвучать	4			5024	1681	False	True	subtitle			
4684	хижина	4			5025	1681	False	True	subtitle			
4685	закусочный	4			5026	1680	False	True	subtitle			
4686	славно	4			5027	1679	False	True	subtitle			
4687	запястье	4			5028	1678	False	True	subtitle			
4688	палмера	4			5029	1678	False	True	subtitle			
4689	романтично	4			5030	1678	False	True	subtitle			
4690	оскорбить	4			5031	1677	False	True	subtitle			
4691	препятствие	4			5032	1677	False	True	subtitle			
4692	пригнуться	4			5033	1677	False	True	subtitle			
4693	оторвать	4			5034	1676	False	True	subtitle			
4694	оказывать	4	3	2260	5035	1675	False	False	subtitle	verb	provide	与える
4695	бургер	4			5036	1674	False	True	subtitle			
4696	укол	4			5037	1674	False	True	subtitle			
4697	будить	4			5038	1673	False	True	subtitle			
4698	бардак	4			5039	1672	False	True	subtitle			
4699	стейк	4			5040	1672	False	True	subtitle			
4700	финч	4			5041	1672	False	True	subtitle			
4701	обложка	4			5042	1671	False	True	subtitle			
4702	обслуживание	4	3	2757	5043	1671	False	False	subtitle	noun	service	サービス
4703	статуя	4			5044	1671	False	True	subtitle			
4704	удачно	4			5045	1670	False	True	subtitle			
4705	уличный	4			5046	1668	False	True	subtitle			
4706	эпоха	4	2	1789	5047	1668	False	False	subtitle	noun	era	時代
4707	адмирал	4			5048	1667	False	True	subtitle			
4708	твёрдый	4	1	700	5050	1666	False	False	subtitle	adj	hard	硬い
4709	китаец	4			5051	1665	False	True	subtitle			
4710	логика	4	3	2019	5052	1665	False	False	subtitle	noun	logic	論理
4711	молоток	4			5053	1664	False	True	subtitle			
4712	отыскать	4			5054	1664	False	True	subtitle			
4713	сообщник	4			5055	1664	False	True	subtitle			
4714	касса	4			5056	1663	False	True	subtitle			
4715	благословение	4			5057	1662	False	True	subtitle			
4716	монах	4			5058	1662	False	True	subtitle			
4717	привыкать	4			5059	1662	False	True	subtitle			
4718	сми	4	3	2079	5060	1661	False	False	subtitle	noun	mass media	マスメディア
4719	лапша	4			5061	1659	False	True	subtitle			
4720	потребность	4	2	1702	5062	1659	False	False	subtitle	noun	need	必要
4721	потрясный	4			5063	1658	False	True	subtitle			
4722	чемпионат	4			5064	1658	False	True	subtitle			
4723	горячо	4			5065	1657	False	True	subtitle			
4724	предположим	4			5066	1657	False	True	subtitle			
4725	шелбить	4			5067	1657	False	True	subtitle			
4726	посещение	4			5068	1656	False	True	subtitle			
4727	рудить	4			5069	1656	False	True	subtitle			
4728	сапог	4			5071	1655	False	True	subtitle			
4729	глупец	4			5072	1654	False	True	subtitle			
4730	злобный	4			5073	1654	False	True	subtitle			
4731	ирония	4			5074	1654	False	True	subtitle			
4732	гриб	4			5075	1653	False	True	subtitle			
4733	донор	4			5076	1652	False	True	subtitle			
4734	текущий	4	3	2425	5077	1652	False	False	subtitle	adj	current	現在の
4735	выпускник	4			5078	1650	False	True	subtitle			
4736	напрямую	4			5079	1650	False	True	subtitle			
4737	пачка	4			5080	1650	False	True	subtitle			
4738	тайно	4			5081	1650	False	True	subtitle			
4739	катиться	4			5082	1646	False	True	subtitle			
4740	подумывать	4			5084	1645	False	True	subtitle			
4741	поразительно	4			5085	1644	False	True	subtitle			
4742	показ	4			5088	1642	False	True	subtitle			
4743	кушать	4			5090	1641	False	True	subtitle			
4744	увольнение	4			5092	1640	False	True	subtitle			
4745	криминальный	4			5093	1638	False	True	subtitle			
4746	разочарование	4			5095	1636	False	True	subtitle			
4747	структура	4	2	1263	5096	1636	False	False	subtitle	noun	structure	構造
4748	таинственный	4			5097	1636	False	True	subtitle			
4749	наполнить	4			5098	1635	False	True	subtitle			
4750	стая	4			5099	1635	False	True	subtitle			
4751	некогда	4			5100	1634	False	True	subtitle			
4752	сосиска	4			5101	1634	False	True	subtitle			
4753	чума	4			5102	1634	False	True	subtitle			
4754	массовый	4	2	1571	5103	1633	False	False	subtitle	adj	mass	大衆の
4755	частота	4	3	2912	5104	1633	False	False	subtitle	noun	frequency	頻度
4756	бочка	4			5105	1632	False	True	subtitle			
4757	значительный	4	2	1488	5106	1632	False	False	subtitle	adj	significant	重要な
4758	обижаться	4			5107	1632	False	True	subtitle			
4759	объявлять	4			5108	1632	False	True	subtitle			
4760	пообщаться	4			5109	1632	False	True	subtitle			
4761	прелестный	4			5110	1632	False	True	subtitle			
4762	общественность	4			5111	1631	False	True	subtitle			
4763	серебро	4			5112	1631	False	True	subtitle			
4764	вытаскивать	4			5113	1630	False	True	subtitle			
4765	марго	4			5114	1629	False	True	subtitle			
4766	покер	4			5116	1628	False	True	subtitle			
4767	примета	4			5117	1628	False	True	subtitle			
4768	рекламный	4	3	2366	5118	1628	False	False	subtitle	adj	advertising	広告の
4769	соответствие	4	2	1494	5119	1628	False	False	subtitle	noun	correspondence	一致
4770	продолжение	4	3	2246	5120	1627	False	False	subtitle	noun	continuation	続き
4771	кишка	4			5121	1626	False	True	subtitle			
4772	лме	4			5122	1626	False	True	subtitle			
4773	переулок	4			5123	1626	False	True	subtitle			
4774	провернуть	4			5124	1626	False	True	subtitle			
4775	подсказать	4			5125	1625	False	True	subtitle			
4776	сливка	4			5126	1625	False	True	subtitle			
4777	электрический	4			5127	1625	False	True	subtitle			
4778	отчаянно	4			5128	1623	False	True	subtitle			
4779	банан	4			5129	1622	False	True	subtitle			
4780	произведение	4	2	1445	5130	1622	False	False	subtitle	noun	work (of art)	作品
4781	резко	4	2	1690	5131	1622	False	False	subtitle	adv	sharply	急に
4782	семя	4			5132	1621	False	True	subtitle			
4783	нуль	4			5133	1620	False	True	subtitle			
4784	ау	4			5134	1619	False	True	subtitle			
4785	джудить	4			5135	1619	False	True	subtitle			
4786	мелодия	4			5136	1619	False	True	subtitle			
4787	стрястись	4			5137	1619	False	True	subtitle			
4788	болото	4			5140	1617	False	True	subtitle			
4789	вонючий	4			5141	1617	False	True	subtitle			
4790	сайрусый	4			5142	1617	False	True	subtitle			
4791	галлюцинация	4			5143	1616	False	True	subtitle			
4792	отходить	4			5144	1616	False	True	subtitle			
4793	помолвить	4			5145	1616	False	True	subtitle			
4794	искусственный	4	3	2941	5146	1615	False	False	subtitle	adj	artificial	人工的な
4795	розыск	4			5148	1615	False	True	subtitle			
4796	плен	4			5149	1614	False	True	subtitle			
4797	заблокировать	4			5150	1613	False	True	subtitle			
4798	стаканчик	4			5151	1613	False	True	subtitle			
4799	оскорбление	4			5152	1612	False	True	subtitle			
4800	ток	4			5153	1612	False	True	subtitle			
4801	улетать	4			5154	1612	False	True	subtitle			
4802	рожа	4			5155	1611	False	True	subtitle			
4803	схватка	4			5156	1611	False	True	subtitle			
4804	гол	4			5158	1610	False	True	subtitle			
4805	коснуться	4	1	834	5159	1610	False	False	subtitle	verb	touch	触れる
4806	крутить	4			5160	1610	False	True	subtitle			
4807	алкоголик	4			5161	1609	False	True	subtitle			
4808	лапа	4			5162	1609	False	True	subtitle			
4809	впечатляющий	4			5164	1608	False	True	subtitle			
4810	дальний	4	3	2033	5165	1608	False	False	subtitle	adj	distant	遠い
4811	заботить	4			5166	1608	False	True	subtitle			
4812	пожертвование	4			5167	1608	False	True	subtitle			
4813	царапина	4			5168	1608	False	True	subtitle			
4814	ленний	4			5171	1607	False	True	subtitle			
4815	адский	4			5173	1606	False	True	subtitle			
4816	любопытство	4			5174	1606	False	True	subtitle			
4817	чаевой	4			5175	1606	False	True	subtitle			
4818	огда	4			5176	1605	False	True	subtitle			
4819	готовность	4	3	2954	5177	1604	False	False	subtitle	noun	readiness	準備ができていること
4820	бродяга	4			5178	1603	False	True	subtitle			
4821	грипп	4			5179	1603	False	True	subtitle			
4822	знакомиться	4			5180	1603	False	True	subtitle			
4823	рыбалка	4			5181	1603	False	True	subtitle			
4824	вдох	4			5182	1601	False	True	subtitle			
4825	периметр	4			5183	1601	False	True	subtitle			
4826	врезаться	4			5184	1600	False	True	subtitle			
4827	гад	4			5185	1600	False	True	subtitle			
4828	потолок	4	1	601	5186	1600	False	False	subtitle	noun	ceiling	天井
4829	пик	4			5187	1599	False	True	subtitle			
4830	разногласие	4			5188	1599	False	True	subtitle			
4831	сложность	4	3	2557	5190	1599	False	False	subtitle	noun	complexity	複雑さ
4832	засыпать	4			5191	1598	False	True	subtitle			
4833	аборт	4			5192	1597	False	True	subtitle			
4834	отслеживать	4			5193	1597	False	True	subtitle			
4835	питаться	4			5194	1597	False	True	subtitle			
4836	родня	4			5195	1597	False	True	subtitle			
4837	кислота	4			5196	1596	False	True	subtitle			
4838	орех	4			5197	1595	False	True	subtitle			
4839	страховой	4			5198	1595	False	True	subtitle			
4840	нарочно	4			5199	1592	False	True	subtitle			
4841	разделять	4			5200	1592	False	True	subtitle			
4842	кэм	4			5201	1591	False	True	subtitle			
4843	ключевой	4	3	2892	5202	1590	False	False	subtitle	adj	key (important)	重要な
4844	ножницы	4			5203	1589	False	True	subtitle			
4845	снайпер	4			5204	1588	False	True	subtitle			
4846	чейза	4			5205	1588	False	True	subtitle			
4847	генеральный	4	3	2106	5206	1587	False	False	subtitle	adj	general	総合の
4848	парад	4			5207	1587	False	True	subtitle			
4849	намерить	4			5208	1586	False	True	subtitle			
4850	грозить	4			5209	1584	False	True	subtitle			
4851	слышь	4			5210	1584	False	True	subtitle			
4852	предварительный	4			5211	1583	False	True	subtitle			
4853	танк	4	2	1996	5212	1583	False	False	subtitle	noun	tank	戦車
4854	аудитория	4	3	2609	5213	1581	False	False	subtitle	noun	audience, classroom	聴衆
4855	крючок	4			5214	1581	False	True	subtitle			
4856	мыть	4	1	740	5215	1581	False	False	subtitle	verb	wash	洗う
4857	чтение	4	2	1937	5216	1581	False	False	subtitle	noun	reading	読書
4858	выкуп	4			5217	1580	False	True	subtitle			
4859	митч	4			5219	1580	False	True	subtitle			
4860	потенциальный	4	3	2969	5220	1580	False	False	subtitle	adj	potential	潜在的な
4861	зануда	4			5221	1579	False	True	subtitle			
4862	по-своему	4			5222	1579	False	True	subtitle			
4863	раковина	4			5223	1579	False	True	subtitle			
4864	рюй	4			5224	1579	False	True	subtitle			
4865	противостоять	4			5225	1578	False	True	subtitle			
4866	кирк	4			5226	1577	False	True	subtitle			
4867	литература	4	2	1254	5227	1577	False	False	subtitle	noun	literature	文学
4868	щедрый	4			5229	1577	False	True	subtitle			
4869	выразиться	4			5230	1576	False	True	subtitle			
4870	пейдж	4			5231	1576	False	True	subtitle			
4871	серебряный	4			5232	1576	False	True	subtitle			
4872	доброволец	4			5233	1575	False	True	subtitle			
4873	оплачивать	4			5234	1575	False	True	subtitle			
4874	выкладывать	4			5235	1574	False	True	subtitle			
4875	бык	4			5236	1573	False	True	subtitle			
4876	порезать	4			5237	1573	False	True	subtitle			
4877	пузырь	4			5238	1573	False	True	subtitle			
4878	хобби	4			5240	1570	False	True	subtitle			
4879	укус	4			5241	1569	False	True	subtitle			
4880	хэй	4			5242	1569	False	True	subtitle			
4881	хэллоуин	4			5243	1568	False	True	subtitle			
4882	девятый	4			5244	1567	False	True	subtitle			
4883	смотреть-ка	4			5245	1567	False	True	subtitle			
4884	круглый	4	3	2075	5246	1566	False	False	subtitle	adj	round	丸い
4885	себ	4			5247	1566	False	True	subtitle			
4886	эра	4			5248	1566	False	True	subtitle			
4887	выдающийся	4			5249	1565	False	True	subtitle			
4888	ребятки	4			5250	1565	False	True	subtitle			
4889	зрелище	4			5251	1564	False	True	subtitle			
4890	дем	4			5252	1563	False	True	subtitle			
4891	машинка	4			5253	1563	False	True	subtitle			
4892	презентация	4			5254	1563	False	True	subtitle			
4893	шокировать	4			5255	1563	False	True	subtitle			
4894	иль	4			5256	1562	False	True	subtitle			
4895	пластинка	4			5257	1562	False	True	subtitle			
4896	приманка	4			5258	1562	False	True	subtitle			
4897	любящий	4			5259	1561	False	True	subtitle			
4898	соболезнование	4			5260	1561	False	True	subtitle			
4899	зарядить	4			5261	1560	False	True	subtitle			
4900	мощь	4			5262	1560	False	True	subtitle			
4901	родной	4	1	733	5262	2220	False	False	raw_surface_fallback	adj	native/dear	母国の
4902	плащ	4			5263	1560	False	True	subtitle			
4903	пастор	4			5264	1559	False	True	subtitle			
4904	слабак	4			5265	1558	False	True	subtitle			
4905	тормозить	4			5266	1558	False	True	subtitle			
4906	шуметь	4			5267	1558	False	True	subtitle			
4907	доехать	4			5268	1557	False	True	subtitle			
4908	кэсся	4			5269	1557	False	True	subtitle			
4909	хит	4			5270	1557	False	True	subtitle			
4910	доусон	4			5271	1556	False	True	subtitle			
4911	запланировать	4			5272	1556	False	True	subtitle			
4912	лемъ	4			5273	1556	False	True	subtitle			
4913	преступность	4			5274	1556	False	True	subtitle			
4914	флиртовать	4			5275	1556	False	True	subtitle			
4915	эвакуация	4			5277	1556	False	True	subtitle			
4916	интрижка	4			5279	1554	False	True	subtitle			
4917	судный	4			5280	1554	False	True	subtitle			
4918	двести	4			5281	1553	False	True	subtitle			
4919	дуть	4			5282	1553	False	True	subtitle			
4920	духовный	4	2	1546	5283	1553	False	False	subtitle	adj	spiritual	精神的な
4921	потянуть	4			5284	1552	False	True	subtitle			
4922	турнир	4			5285	1552	False	True	subtitle			
4923	заскочить	4			5287	1551	False	True	subtitle			
4924	психопат	4			5288	1551	False	True	subtitle			
4925	радиация	4			5289	1551	False	True	subtitle			
4926	сотворить	4			5290	1551	False	True	subtitle			
4927	аргумент	4	3	2632	5291	1550	False	False	subtitle	noun	argument	論拠
4928	вылезти	4			5292	1550	False	True	subtitle			
4929	блейк	4			5293	1549	False	True	subtitle			
4930	минди	4			5294	1549	False	True	subtitle			
4931	радиус	4			5295	1549	False	True	subtitle			
4932	смесь	4			5296	1549	False	True	subtitle			
4933	дрожать	4	3	2688	5297	1548	False	False	subtitle	verb	tremble	震える
4934	грош	4			5298	1547	False	True	subtitle			
4935	орбита	4			5299	1547	False	True	subtitle			
4936	расстраивать	4			5300	1546	False	True	subtitle			
4937	удовлетворить	4			5301	1546	False	True	subtitle			
4938	редактироваться	4			5302	1545	False	True	subtitle			
4939	богиня	4			5303	1544	False	True	subtitle			
4940	еврейский	4	3	2382	5304	1544	False	False	subtitle	adj	Jewish	ユダヤの
4941	пресс-конференция	4			5305	1544	False	True	subtitle			
4942	фр	4			5306	1544	False	True	subtitle			
4943	окружение	4			5309	1542	False	True	subtitle			
4944	сирота	4			5310	1541	False	True	subtitle			
4945	сфотографировать	4			5311	1541	False	True	subtitle			
4946	автограф	4			5312	1540	False	True	subtitle			
4947	волшебство	4			5313	1540	False	True	subtitle			
4948	повестка	4			5314	1540	False	True	subtitle			
4949	молить	4			5315	1539	False	True	subtitle			
4950	шикарно	4			5316	1539	False	True	subtitle			
4951	извлечь	4			5317	1538	False	True	subtitle			
4952	разделиться	4			5318	1538	False	True	subtitle			
4953	джинсы	4			5319	1537	False	True	subtitle			
4954	паршивый	4			5320	1537	False	True	subtitle			
4955	чистота	4			5321	1537	False	True	subtitle			
4956	жир	4			5322	1536	False	True	subtitle			
4957	ллойда	4			5324	1536	False	True	subtitle			
4958	иностранный	4	1	712	5325	1535	False	False	subtitle	adj	foreign	外国の
4959	профиль	4			5326	1535	False	True	subtitle			
4960	ребро	4			5327	1535	False	True	subtitle			
4961	ярмарка	4			5328	1535	False	True	subtitle			
4962	взаимно	4			5329	1534	False	True	subtitle			
4963	забор	4			5330	1534	False	True	subtitle			
4964	прочий	4	2	1389	5331	1534	False	False	subtitle	det	other	その他の
4965	разозлить	4			5332	1533	False	True	subtitle			
4966	служащий	4			5333	1533	False	True	subtitle			
4967	взятка	4			5334	1532	False	True	subtitle			
4968	дружка	4			5335	1532	False	True	subtitle			
4969	поджечь	4			5336	1532	False	True	subtitle			
4970	резюме	4			5337	1532	False	True	subtitle			
4971	бенний	4			5339	1531	False	True	subtitle			
4972	взвод	4			5340	1530	False	True	subtitle			
4973	сигара	4			5341	1530	False	True	subtitle			
4974	допоздна	4			5342	1529	False	True	subtitle			
4975	милль	4			5343	1529	False	True	subtitle			
4976	нота	4			5344	1529	False	True	subtitle			
4977	финансы	4			5345	1528	False	True	subtitle			
4978	бессмысленный	4			5346	1527	False	True	subtitle			
4979	пасибо	4			5347	1527	False	True	subtitle			
4980	уокер	4			5349	1527	False	True	subtitle			
4981	герр	4			5350	1526	False	True	subtitle			
4982	закрой	4			5351	1526	False	True	subtitle			
4983	марихуана	4			5352	1526	False	True	subtitle			
4984	подъём	4			5353	1526	False	True	subtitle			
4985	римский	4			5354	1526	False	True	subtitle			
4986	св	4			5355	1526	False	True	subtitle			
4987	исторический	4	2	1411	5356	1525	False	False	subtitle	adj	historical	歴史的な
4988	пи	4			5357	1525	False	True	subtitle			
4989	прощание	4			5358	1525	False	True	subtitle			
4990	униформа	4			5359	1525	False	True	subtitle			
4991	докладывать	4			5360	1524	False	True	subtitle			
4992	лотерея	4			5361	1524	False	True	subtitle			
4993	ноа	4			5362	1524	False	True	subtitle			
4994	нисколько	4			5363	1522	False	True	subtitle			
4995	арча	4			5364	1521	False	True	subtitle			
4996	спешка	4			5365	1521	False	True	subtitle			
4997	любезно	4			5366	1520	False	True	subtitle			
4998	почистить	4			5367	1520	False	True	subtitle			
4999	мораль	4			5368	1519	False	True	subtitle			
5000	храбрость	4			5369	1518	False	True	subtitle			
5001	безразличный	4			5370	1517	False	True	subtitle			
5002	избранный	4			5371	1517	False	True	subtitle			
5003	крутиться	4			5372	1517	False	True	subtitle			
5004	владение	4			5373	1516	False	True	subtitle			
5005	преследование	4			5374	1516	False	True	subtitle			
5006	генератор	4			5376	1515	False	True	subtitle			
5007	проезжать	4			5377	1515	False	True	subtitle			
5008	заложить	4			5378	1514	False	True	subtitle			
5009	мыслить	4			5379	1514	False	True	subtitle			
5010	сконцентрироваться	4			5380	1514	False	True	subtitle			
5011	враньё	4			5381	1513	False	True	subtitle			
5012	риза	4			5382	1513	False	True	subtitle			
5013	возить	4			5383	1512	False	True	subtitle			
5014	потенциал	4	3	2866	5385	1511	False	False	subtitle	noun	potential	潜在能力
5015	рожать	4			5386	1511	False	True	subtitle			
5016	чердак	4			5387	1511	False	True	subtitle			
5017	видимость	4			5388	1510	False	True	subtitle			
5018	опрос	4			5389	1510	False	True	subtitle			
5019	погулять	4			5390	1508	False	True	subtitle			
5020	независимый	4	3	2168	5391	1507	False	False	subtitle	adj	independent	独立した
5021	отчасти	4			5392	1507	False	True	subtitle			
5022	арестовывать	4			5393	1506	False	True	subtitle			
5023	дизайн	4			5394	1506	False	True	subtitle			
5024	жар	4			5396	1502	False	True	subtitle			
5025	слой	4	3	2136	5397	1501	False	False	subtitle	noun	layer	層
5026	по-видимому	4			5399	1500	False	True	subtitle			
5027	возражение	4			5400	1499	False	True	subtitle			
5028	отключиться	4			5401	1499	False	True	subtitle			
5029	приоритет	4			5403	1499	False	True	subtitle			
5030	перестрелка	4			5404	1498	False	True	subtitle			
5031	приставать	4			5406	1497	False	True	subtitle			
5032	запускать	4			5407	1496	False	True	subtitle			
5033	прямиком	4			5410	1496	False	True	subtitle			
5034	секретарша	4			5411	1496	False	True	subtitle			
5035	подружиться	4			5412	1494	False	True	subtitle			
5036	пот	4			5413	1494	False	True	subtitle			
5037	дача	4	3	2809	5414	1493	False	False	subtitle	noun	dacha, country house	別荘
5038	создатель	4			5415	1493	False	True	subtitle			
5039	насрать	4			5416	1492	False	True	subtitle			
5040	трейлер	4			5417	1490	False	True	subtitle			
5041	трудиться	4			5421	1489	False	True	subtitle			
5042	жвачка	4			5423	1488	False	True	subtitle			
5043	положительный	4	3	2142	5424	1488	False	False	subtitle	adj	positive	肯定的な
5044	мрачный	4			5425	1487	False	True	subtitle			
5045	бойда	4			5426	1486	False	True	subtitle			
5046	дойло	4			5427	1486	False	True	subtitle			
5047	консультация	4			5428	1486	False	True	subtitle			
5048	тоннель	4			5429	1486	False	True	subtitle			
5049	врезать	4			5430	1485	False	True	subtitle			
5050	мерфь	4			5432	1485	False	True	subtitle			
5051	челюсть	4			5433	1485	False	True	subtitle			
5052	еле	4			5434	1484	False	True	subtitle			
5053	клонить	4			5435	1484	False	True	subtitle			
5054	насекомое	4			5436	1484	False	True	subtitle			
5055	независимость	4			5437	1484	False	True	subtitle			
5056	якобы	4	3	2869	5438	1484	False	False	subtitle	part	allegedly	~とされる
5057	деб	4			5439	1483	False	True	subtitle			
5058	затеять	4			5440	1483	False	True	subtitle			
5059	прижать	4			5441	1483	False	True	subtitle			
5060	упускать	4			5442	1483	False	True	subtitle			
5061	форт	4			5443	1483	False	True	subtitle			
5062	напрячь	4			5444	1482	False	True	subtitle			
5063	скончаться	4			5445	1482	False	True	subtitle			
5064	гарвард	4			5446	1481	False	True	subtitle			
5065	догадка	4			5447	1480	False	True	subtitle			
5066	посторонний	4			5448	1480	False	True	subtitle			
5067	рукав	4			5449	1480	False	True	subtitle			
5068	рядовой	4			5450	1480	False	True	subtitle			
5069	оторваться	4			5451	1479	False	True	subtitle			
5070	ледяной	4			5452	1478	False	True	subtitle			
5071	приблизительно	4			5453	1478	False	True	subtitle			
5072	поворачивать	4			5455	1477	False	True	subtitle			
5073	инопланетянин	4			5456	1476	False	True	subtitle			
5074	разглядеть	4			5457	1476	False	True	subtitle			
5075	гениально	4			5458	1475	False	True	subtitle			
5076	эгоистичный	4			5459	1475	False	True	subtitle			
5077	всплыть	4			5460	1474	False	True	subtitle			
5078	креветка	4			5461	1474	False	True	subtitle			
5079	нолан	4			5462	1474	False	True	subtitle			
5080	погоня	4			5463	1473	False	True	subtitle			
5081	проникновение	4			5464	1473	False	True	subtitle			
5082	хлам	4			5466	1473	False	True	subtitle			
5083	определение	4	2	1518	5467	1472	False	False	subtitle	noun	definition	定義
5084	подписывать	4			5468	1472	False	True	subtitle			
5085	рог	4			5469	1471	False	True	subtitle			
5086	выводить	4			5471	1470	False	True	subtitle			
5087	политик	4	3	2791	5472	1469	False	False	subtitle	noun	politician	政治家
5088	снести	4			5473	1469	False	True	subtitle			
5089	наличка	4			5474	1467	False	True	subtitle			
5090	чуткий	4			5475	1467	False	True	subtitle			
5091	девственница	4			5476	1466	False	True	subtitle			
5092	воу	4			5477	1465	False	True	subtitle			
5093	кристалл	4			5478	1465	False	True	subtitle			
5094	основываться	4			5479	1465	False	True	subtitle			
5095	сантиметр	4	3	2247	5480	1465	False	False	subtitle	noun	centimeter	センチメートル
5096	доступный	4	3	2158	5481	1464	False	False	subtitle	adj	available	利用可能な
5097	аллах	4			5483	1463	False	True	subtitle			
5098	вегас	4			5484	1463	False	True	subtitle			
5099	одиннадцать	4			5485	1462	False	True	subtitle			
5100	отослать	4			5486	1462	False	True	subtitle			
5101	визитка	4			5487	1461	False	True	subtitle			
5102	кодекс	4	3	2729	5488	1461	False	False	subtitle	noun	code (law)	法典
5103	сплетня	4			5489	1461	False	True	subtitle			
5104	хуйня	4			5492	1460	False	True	subtitle			
5105	влюбляться	4			5493	1459	False	True	subtitle			
5106	опубликовать	4	2	1745	5495	1457	False	False	subtitle	verb	publish	出版する
5107	отсек	4			5496	1457	False	True	subtitle			
5108	царство	4			5497	1457	False	True	subtitle			
5109	забросить	4			5499	1456	False	True	subtitle			
5110	смущать	4			5500	1456	False	True	subtitle			
5111	удариться	4			5501	1456	False	True	subtitle			
5112	подраться	4			5506	1453	False	True	subtitle			
5113	пожилой	4			5507	1453	False	True	subtitle			
5114	слыхать	4			5508	1453	False	True	subtitle			
5115	непонятно	4			5510	1452	False	True	subtitle			
5116	сумасшествие	4			5511	1452	False	True	subtitle			
5117	насладиться	4			5515	1450	False	True	subtitle			
5118	вайогод	4			5517	1448	False	True	subtitle			
5119	папин	4			5518	1448	False	True	subtitle			
5120	дизайнер	4			5519	1447	False	True	subtitle			
5121	сладость	4			5520	1447	False	True	subtitle			
5122	броудить	4			5521	1445	False	True	subtitle			
5123	оскорблять	4			5522	1445	False	True	subtitle			
5124	попить	4			5523	1445	False	True	subtitle			
5125	тяжкий	4			5524	1445	False	True	subtitle			
5126	пикник	4			5526	1443	False	True	subtitle			
5127	раздобыть	4			5527	1443	False	True	subtitle			
5128	субъект	4	2	1984	5530	1442	False	False	subtitle	noun	subject	主体
5129	йоу	4			5532	1441	False	True	subtitle			
5130	кэл	4			5533	1441	False	True	subtitle			
5131	поставщик	4			5534	1441	False	True	subtitle			
5132	милосердие	4			5536	1440	False	True	subtitle			
5133	бригада	4	3	2761	5537	1439	False	False	subtitle	noun	brigade, team	隊
5134	добровольно	4			5538	1439	False	True	subtitle			
5135	классика	4			5539	1439	False	True	subtitle			
5136	подобраться	4			5541	1439	False	True	subtitle			
5137	разряд	4			5542	1439	False	True	subtitle			
5138	тардис	4			5543	1439	False	True	subtitle			
5139	натура	4			5544	1438	False	True	subtitle			
5140	комплекс	4	2	1682	5545	1436	False	False	subtitle	noun	complex	複合体
5141	пока-пока	4			5546	1436	False	True	subtitle			
5142	мостик	4			5548	1435	False	True	subtitle			
5143	стащить	4			5549	1434	False	True	subtitle			
5144	каюта	4			5551	1433	False	True	subtitle			
5145	обнимать	4			5552	1433	False	True	subtitle			
5146	паразит	4			5553	1433	False	True	subtitle			
5147	подача	4			5554	1433	False	True	subtitle			
5148	рухнуть	4			5555	1433	False	True	subtitle			
5149	жать	4			5556	1432	False	True	subtitle			
5150	конний	4			5557	1432	False	True	subtitle			
5151	куст	4	3	2855	5558	1432	False	False	subtitle	noun	bush	茂み
5152	насиловать	4			5559	1432	False	True	subtitle			
5153	го	4			5560	1431	False	True	subtitle			
5154	местоположение	4			5562	1431	False	True	subtitle			
5155	незачем	4			5563	1431	False	True	subtitle			
5156	унизить	4			5564	1431	False	True	subtitle			
5157	бш	4			5565	1430	False	True	subtitle			
5158	задержка	4			5566	1430	False	True	subtitle			
5159	значительно	4	2	1865	5567	1430	False	False	subtitle	adv	significantly	著しく
5160	червь	4			5569	1430	False	True	subtitle			
5161	служебный	4			5570	1429	False	True	subtitle			
5162	бега	4			5571	1427	False	True	subtitle			
5163	вождение	4			5572	1427	False	True	subtitle			
5164	гарь	4			5574	1426	False	True	subtitle			
5165	модный	4			5575	1426	False	True	subtitle			
5166	расположение	4			5577	1426	False	True	subtitle			
5167	профсоюз	4			5578	1425	False	True	subtitle			
5168	дебил	4			5579	1424	False	True	subtitle			
5169	залив	4			5580	1424	False	True	subtitle			
5170	невидимый	4			5581	1424	False	True	subtitle			
5171	стипендия	4			5582	1424	False	True	subtitle			
5172	изучение	4	2	1829	5583	1423	False	False	subtitle	noun	study	研究
5173	коллинза	4			5584	1423	False	True	subtitle			
5174	котёнок	4			5585	1423	False	True	subtitle			
5175	купол	4			5586	1423	False	True	subtitle			
5176	оо	4			5587	1423	False	True	subtitle			
5177	трэвиснуть	4			5588	1423	False	True	subtitle			
5178	внучка	4			5589	1422	False	True	subtitle			
5179	барнс	4			5590	1421	False	True	subtitle			
5180	бри	4			5591	1421	False	True	subtitle			
5181	клиентка	4			5592	1421	False	True	subtitle			
5182	опоздание	4			5593	1421	False	True	subtitle			
5183	орошо	4			5594	1421	False	True	subtitle			
5184	подъехать	4			5596	1421	False	True	subtitle			
5185	роба	4			5598	1420	False	True	subtitle			
5186	супермаркет	4			5599	1420	False	True	subtitle			
5187	твердить	4			5600	1420	False	True	subtitle			
5188	урожай	4			5601	1420	False	True	subtitle			
5189	миг	4	3	2826	5602	1419	False	False	subtitle	noun	moment, instant	瞬間
5190	катушка	4			5603	1418	False	True	subtitle			
5191	лягушка	4			5604	1418	False	True	subtitle			
5192	подавить	4			5605	1418	False	True	subtitle			
5193	кончаться	4			5606	1417	False	True	subtitle			
5194	служанка	4			5607	1417	False	True	subtitle			
5195	старуха	4			5608	1417	False	True	subtitle			
5196	уголок	4			5609	1417	False	True	subtitle			
5197	функция	4	2	1338	5610	1417	False	False	subtitle	noun	function	機能
5198	ёй	4			5611	1417	False	True	subtitle			
5199	нм	4			5612	1416	False	True	subtitle			
5200	унитаз	4			5613	1416	False	True	subtitle			
5201	хитрый	4			5614	1416	False	True	subtitle			
5202	бренд	4			5615	1415	False	True	subtitle			
5203	булочка	4			5616	1415	False	True	subtitle			
5204	семестр	4			5617	1415	False	True	subtitle			
5205	тряпка	4			5618	1415	False	True	subtitle			
5206	очень-очень	4			5619	1413	False	True	subtitle			
5207	уязвимый	4			5621	1412	False	True	subtitle			
5208	конгрессмен	4			5623	1411	False	True	subtitle			
5209	опытный	4	3	2653	5624	1409	False	False	subtitle	adj	experienced	経験豊富な
5210	побочный	4			5625	1409	False	True	subtitle			
5211	придумывать	4			5626	1409	False	True	subtitle			
5212	случаем	4			5628	1409	False	True	subtitle			
5213	экспертиза	4			5629	1409	False	True	subtitle			
5214	дневный	4			5630	1408	False	True	subtitle			
5215	расплатиться	4			5632	1407	False	True	subtitle			
5216	волнение	4			5633	1406	False	True	subtitle			
5217	композитор	4			5635	1406	False	True	subtitle			
5218	лодыжка	4			5636	1406	False	True	subtitle			
5219	поместье	4			5637	1406	False	True	subtitle			
5220	прайс	4			5638	1406	False	True	subtitle			
5221	впрямь	4			5639	1405	False	True	subtitle			
5222	преувеличивать	4			5640	1405	False	True	subtitle			
5223	ураган	4			5641	1405	False	True	subtitle			
5224	изначально	4			5642	1404	False	True	subtitle			
5225	капуста	4			5643	1404	False	True	subtitle			
5226	хозяйство	4	2	1626	5644	1404	False	False	subtitle	noun	economy	経済
5227	арчер	4			5645	1403	False	True	subtitle			
5228	жюри	4			5646	1403	False	True	subtitle			
5229	обречь	4			5647	1403	False	True	subtitle			
5230	ку	4			5648	1402	False	True	subtitle			
5231	прикольно	4			5649	1402	False	True	subtitle			
5232	бинго	4			5650	1401	False	True	subtitle			
5233	оглянуться	4			5651	1401	False	True	subtitle			
5234	ассоциация	4	3	2590	5652	1399	False	False	subtitle	noun	association	協会
5235	паста	4			5653	1399	False	True	subtitle			
5236	поза	4			5654	1399	False	True	subtitle			
5237	вовлечь	4			5655	1397	False	True	subtitle			
5238	компенсация	4			5656	1397	False	True	subtitle			
5239	обморок	4			5657	1397	False	True	subtitle			
5240	телохранитель	4			5658	1397	False	True	subtitle			
5241	тётушка	4			5659	1397	False	True	subtitle			
5242	суровый	4			5660	1394	False	True	subtitle			
5243	воспитывать	4			5661	1393	False	True	subtitle			
5244	усердно	4			5664	1393	False	True	subtitle			
5245	наследие	4			5665	1392	False	True	subtitle			
5246	ри	4			5666	1392	False	True	subtitle			
5247	джентельмен	4			5668	1391	False	True	subtitle			
5248	заметка	4			5669	1391	False	True	subtitle			
5249	декан	4			5672	1390	False	True	subtitle			
5250	штуковина	4			5673	1390	False	True	subtitle			
5251	насквозь	4			5674	1389	False	True	subtitle			
5252	нацист	4			5675	1389	False	True	subtitle			
5253	активный	4	2	1648	5676	1388	False	False	subtitle	adj	active	活発な
5254	останавливать	4			5677	1388	False	True	subtitle			
5255	польстить	4			5678	1388	False	True	subtitle			
5256	поп	4			5679	1388	False	True	subtitle			
5257	ограничить	4			5680	1387	False	True	subtitle			
5258	сопровождать	4			5681	1386	False	True	subtitle			
5259	идиотский	4			5682	1385	False	True	subtitle			
5260	применение	4	2	1607	5684	1385	False	False	subtitle	noun	application	適用
5261	сходиться	4			5685	1384	False	True	subtitle			
5262	аплодисменты	4			5686	1383	False	True	subtitle			
5263	вагон	4	3	2230	5687	1383	False	False	subtitle	noun	railcar	車両
5264	жучок	4			5688	1383	False	True	subtitle			
5265	сервер	4	3	2506	5689	1383	False	False	subtitle	noun	server	サーバー
5266	соседство	4			5690	1383	False	True	subtitle			
5267	барон	4			5691	1382	False	True	subtitle			
5268	осмотреться	4			5695	1381	False	True	subtitle			
5269	погнать	4			5696	1381	False	True	subtitle			
5270	чрезвычайный	4			5697	1381	False	True	subtitle			
5271	клер	4			5698	1380	False	True	subtitle			
5272	тэд	4			5699	1380	False	True	subtitle			
5273	спасательный	4			5701	1379	False	True	subtitle			
5274	сенат	4			5703	1378	False	True	subtitle			
5275	философия	4	2	1968	5704	1378	False	False	subtitle	noun	philosophy	哲学
5276	вождь	4			5705	1377	False	True	subtitle			
5277	уничтожать	4			5706	1377	False	True	subtitle			
5278	обидно	4			5707	1376	False	True	subtitle			
5279	переносить	4			5708	1376	False	True	subtitle			
5280	спаситель	4			5709	1376	False	True	subtitle			
5281	трасса	4			5710	1376	False	True	subtitle			
5282	выложить	4			5711	1375	False	True	subtitle			
5283	разработка	4	2	1526	5715	1375	False	False	subtitle	noun	development	開発
5284	хон	4			5716	1375	False	True	subtitle			
5285	вдвое	4			5717	1374	False	True	subtitle			
5286	воспринять	4			5718	1373	False	True	subtitle			
5287	стабильный	4			5719	1373	False	True	subtitle			
5288	балкон	4			5720	1372	False	True	subtitle			
5289	вудить	4			5721	1372	False	True	subtitle			
5290	смирно	4			5722	1372	False	True	subtitle			
5291	снизу	4	1	973	5723	1372	False	False	subtitle	adv	from below	下から
5292	христианин	4			5724	1372	False	True	subtitle			
5293	мигель	4			5726	1371	False	True	subtitle			
5294	уточнить	4			5727	1371	False	True	subtitle			
5295	браться	4			5728	1370	False	True	subtitle			
5296	давненько	4			5729	1370	False	True	subtitle			
5297	ролик	4			5730	1370	False	True	subtitle			
5298	цвета	4			5731	1370	False	True	subtitle			
5299	ви	4			5733	1369	False	True	subtitle			
5300	доходить	4	3	2883	5734	1369	False	False	subtitle	verb	reach	達する
5301	бухгалтер	4			5735	1368	False	True	subtitle			
5302	припоминать	4			5736	1368	False	True	subtitle			
5303	скотина	4			5737	1368	False	True	subtitle			
5304	езда	4			5738	1367	False	True	subtitle			
5305	разобрать	4			5739	1367	False	True	subtitle			
5306	заправка	4			5740	1366	False	True	subtitle			
5307	мексиканский	4			5741	1366	False	True	subtitle			
5308	барбекю	4			5742	1365	False	True	subtitle			
5309	критический	4			5743	1365	False	True	subtitle			
5310	ки	4			5744	1364	False	True	subtitle			
5311	узел	4	3	2918	5745	1364	False	False	subtitle	noun	knot, node	結び目
5312	гю	4			5746	1363	False	True	subtitle			
5313	пирожное	4			5747	1363	False	True	subtitle			
5314	низко	4			5749	1362	False	True	subtitle			
5315	мэг	4			5750	1361	False	True	subtitle			
5316	отчий	4			5751	1361	False	True	subtitle			
5317	поначалу	4			5752	1361	False	True	subtitle			
5318	выигрыш	4			5753	1359	False	True	subtitle			
5319	бутерброд	4			5754	1358	False	True	subtitle			
5320	зоуя	4			5755	1358	False	True	subtitle			
5321	железо	4			5756	1357	False	True	subtitle			
5322	измерение	4			5757	1357	False	True	subtitle			
5323	записаться	4			5759	1356	False	True	subtitle			
5324	комфортно	4			5760	1356	False	True	subtitle			
5325	пульт	4			5761	1356	False	True	subtitle			
5326	тревор	4			5762	1356	False	True	subtitle			
5327	заметно	4			5763	1355	False	True	subtitle			
5328	парик	4			5764	1355	False	True	subtitle			
5329	пон	4			5765	1355	False	True	subtitle			
5330	отклонить	4			5766	1354	False	True	subtitle			
5331	студентка	4			5767	1354	False	True	subtitle			
5332	формула	4	3	2743	5768	1354	False	False	subtitle	noun	formula	公式
5333	гром	4			5769	1353	False	True	subtitle			
5334	мясник	4			5770	1353	False	True	subtitle			
5335	ручной	4			5771	1353	False	True	subtitle			
5336	тат	4			5772	1353	False	True	subtitle			
5337	особенность	4	2	1476	5773	1352	False	False	subtitle	noun	peculiarity	特徴
5338	запасть	4			5774	1351	False	True	subtitle			
5339	интуиция	4			5775	1351	False	True	subtitle			
5340	расходиться	4			5776	1351	False	True	subtitle			
5341	бокс	4			5779	1349	False	True	subtitle			
5342	как-будто	4			5780	1349	False	True	subtitle			
5343	пони	4			5781	1349	False	True	subtitle			
5344	сидя	4			5782	1349	False	True	subtitle			
5345	воспитание	4	3	2108	5784	1348	False	False	subtitle	noun	upbringing	教育
5346	кинжал	4			5785	1348	False	True	subtitle			
5347	ревность	4			5786	1348	False	True	subtitle			
5348	федерация	4	2	1475	5787	1348	False	False	subtitle	noun	federation	連邦
5349	ядро	4			5788	1348	False	True	subtitle			
5350	дабы	4			5789	1347	False	True	subtitle			
5351	рискованно	4			5790	1347	False	True	subtitle			
5352	чуять	4			5791	1346	False	True	subtitle			
5353	завоевать	4			5792	1345	False	True	subtitle			
5354	задерживаться	4			5793	1345	False	True	subtitle			
5355	высказать	4	3	2708	5794	1344	False	False	subtitle	verb	express (opinion)	述べる
5356	перец	4	1	668	5795	1344	False	False	subtitle	noun	pepper	胡椒
5357	придержать	4			5796	1344	False	True	subtitle			
5358	стадион	4			5797	1344	False	True	subtitle			
5359	горизонт	4			5798	1343	False	True	subtitle			
5360	заряд	4			5799	1343	False	True	subtitle			
5361	мамаша	4			5800	1343	False	True	subtitle			
5362	общее	4	2	1351	5800	1999	False	False	raw_surface_fallback	adj	general, common	共通の
5363	о-о	4			5801	1343	False	True	subtitle			
5364	подстроить	4			5802	1343	False	True	subtitle			
5365	бон	4			5804	1342	False	True	subtitle			
5366	достаточный	4	3	2574	5805	1342	False	False	subtitle	adj	sufficient	十分な
5367	оперировать	4			5807	1342	False	True	subtitle			
5368	сол	4			5808	1342	False	True	subtitle			
5369	это-то	4			5809	1342	False	True	subtitle			
5370	одобрять	4			5810	1341	False	True	subtitle			
5371	сосуд	4			5811	1341	False	True	subtitle			
5372	хирургия	4			5812	1341	False	True	subtitle			
5373	ву	4			5815	1340	False	True	subtitle			
5374	демократия	4	3	2220	5816	1340	False	False	subtitle	noun	democracy	民主主義
5375	лихорадка	4			5817	1340	False	True	subtitle			
5376	прощаться	4			5818	1340	False	True	subtitle			
5377	законно	4			5819	1339	False	True	subtitle			
5378	усложнять	4			5820	1339	False	True	subtitle			
5379	учебный	4	2	1800	5821	1339	False	False	subtitle	adj	educational	教育の
5380	установка	4	2	1873	5822	1338	False	False	subtitle	noun	installation	設置
5381	шарп	4			5823	1338	False	True	subtitle			
5382	наговорить	4			5825	1337	False	True	subtitle			
5383	оон	4			5826	1337	False	True	subtitle			
5384	блеск	4			5827	1336	False	True	subtitle			
5385	кардинал	4			5828	1336	False	True	subtitle			
5386	коляска	4			5829	1336	False	True	subtitle			
5387	переход	4	2	1677	5830	1336	False	False	subtitle	noun	transition	移行
5388	челси	4			5831	1336	False	True	subtitle			
5389	занести	4			5833	1335	False	True	subtitle			
5390	комедия	4			5834	1335	False	True	subtitle			
5391	осколок	4			5835	1335	False	True	subtitle			
5392	подцепить	4			5836	1335	False	True	subtitle			
5393	заманить	4			5837	1334	False	True	subtitle			
5394	динозавр	4			5839	1332	False	True	subtitle			
5395	захватывать	4			5840	1332	False	True	subtitle			
5396	привилегия	4			5841	1332	False	True	subtitle			
5397	трусик	4			5842	1332	False	True	subtitle			
5398	вмешательство	4			5843	1331	False	True	subtitle			
5399	вредить	4			5844	1331	False	True	subtitle			
5400	скука	4			5845	1331	False	True	subtitle			
5401	совершенство	4			5846	1331	False	True	subtitle			
5402	справка	4			5847	1331	False	True	subtitle			
5403	проведение	4	2	1552	5848	1330	False	False	subtitle	noun	conducting	実施
5404	избивать	4			5849	1329	False	True	subtitle			
5405	колокол	4			5850	1329	False	True	subtitle			
5406	моррис	4			5851	1329	False	True	subtitle			
5407	порошок	4			5852	1329	False	True	subtitle			
5408	магический	4			5853	1328	False	True	subtitle			
5409	неверно	4			5854	1328	False	True	subtitle			
5410	ячейка	4			5855	1328	False	True	subtitle			
5411	должное	4			5856	1327	False	True	subtitle			
5412	невиновность	4			5857	1327	False	True	subtitle			
5413	ограничение	4	3	2107	5858	1327	False	False	subtitle	noun	restriction	制限
5414	онлайн	4			5859	1327	False	True	subtitle			
5415	перри	4			5860	1327	False	True	subtitle			
5416	репортаж	4			5861	1327	False	True	subtitle			
5417	гвоздь	4			5863	1326	False	True	subtitle			
5418	дилер	4			5864	1326	False	True	subtitle			
5419	ожог	4			5865	1326	False	True	subtitle			
5420	бла	4			5866	1325	False	True	subtitle			
5421	затея	4			5867	1325	False	True	subtitle			
5422	помада	4			5868	1325	False	True	subtitle			
5423	соблюдать	4			5869	1325	False	True	subtitle			
5424	ёлка	4			5870	1325	False	True	subtitle			
5425	дань	4			5871	1324	False	True	subtitle			
5426	усыновление	4			5872	1324	False	True	subtitle			
5427	искренний	4			5873	1323	False	True	subtitle			
5428	подозрительно	4			5874	1323	False	True	subtitle			
5429	термин	4	3	2073	5875	1323	False	False	subtitle	noun	term	用語
5430	битый	4			5876	1322	False	True	subtitle			
5431	вычислить	4			5877	1322	False	True	subtitle			
5432	хранитель	4			5879	1322	False	True	subtitle			
5433	делить	4			5880	1321	False	True	subtitle			
5434	дистанция	4			5881	1321	False	True	subtitle			
5435	подробный	4			5882	1321	False	True	subtitle			
5436	порох	4			5883	1320	False	True	subtitle			
5437	расположить	4	2	1726	5884	1319	False	False	subtitle	verb	place	配置する
5438	дживс	4			5886	1318	False	True	subtitle			
5439	коготь	4			5887	1318	False	True	subtitle			
5440	по-французски	4			5888	1318	False	True	subtitle			
5441	повязка	4			5889	1318	False	True	subtitle			
5442	зимой	4			5890	1317	False	True	subtitle			
5443	подвергать	4			5892	1317	False	True	subtitle			
5444	чт	4			5893	1317	False	True	subtitle			
5445	покушение	4			5894	1316	False	True	subtitle			
5446	выметаться	4			5895	1315	False	True	subtitle			
5447	книжный	4			5898	1315	False	True	subtitle			
5448	рейтинг	4	3	2396	5900	1315	False	False	subtitle	noun	rating	評価
5449	несовершеннолетний	4			5902	1314	False	True	subtitle			
5450	поддельный	4			5903	1314	False	True	subtitle			
5451	темп	4	3	2606	5904	1314	False	False	subtitle	noun	tempo, pace	テンポ
5452	приглядывать	4			5905	1313	False	True	subtitle			
5453	халат	4			5906	1313	False	True	subtitle			
5454	предположительно	4			5907	1312	False	True	subtitle			
5455	дико	4			5908	1311	False	True	subtitle			
5456	поставка	4			5909	1311	False	True	subtitle			
5457	пребывание	4			5910	1311	False	True	subtitle			
5458	аромат	4			5911	1310	False	True	subtitle			
5459	гнаться	4			5912	1310	False	True	subtitle			
5460	бешенство	4			5913	1309	False	True	subtitle			
5461	ива	4			5914	1309	False	True	subtitle			
5462	отвлечься	4			5915	1309	False	True	subtitle			
5463	превращать	4			5916	1309	False	True	subtitle			
5464	джодить	4			5918	1308	False	True	subtitle			
5465	пауза	4	3	2277	5919	1308	False	False	subtitle	noun	pause	間
5466	наступление	4	3	2361	5920	1307	False	False	subtitle	noun	offensive	攻勢
5467	хищник	4			5921	1307	False	True	subtitle			
5468	возлюбить	4			5922	1306	False	True	subtitle			
5469	ранчо	4			5923	1306	False	True	subtitle			
5470	завязывать	4			5925	1305	False	True	subtitle			
5471	перевозить	4			5927	1304	False	True	subtitle			
5472	интеллект	4			5928	1303	False	True	subtitle			
5473	портер	4			5929	1303	False	True	subtitle			
5474	справедливый	4			5930	1303	False	True	subtitle			
5475	таня	4	3	2983	5931	1303	False	False	subtitle	noun	Tanya (name)	ターニャ
5476	ничтожество	4			5933	1301	False	True	subtitle			
5477	поэзия	4	3	2570	5934	1301	False	False	subtitle	noun	poetry	詩
5478	стандарт	4	3	2194	5935	1301	False	False	subtitle	noun	standard	標準
5479	объявиться	4			5936	1299	False	True	subtitle			
5480	божественный	4			5938	1297	False	True	subtitle			
5481	запросто	4			5939	1296	False	True	subtitle			
5482	налоговый	4	3	2444	5940	1296	False	False	subtitle	adj	tax	税の
5483	путать	4			5941	1296	False	True	subtitle			
5484	развиваться	4	2	1897	5942	1296	False	False	subtitle	verb	develop	発展する
5485	сократить	4			5943	1296	False	True	subtitle			
5486	глупить	4			5945	1295	False	True	subtitle			
5487	угнать	4			5946	1295	False	True	subtitle			
5488	демонстрация	4			5947	1294	False	True	subtitle			
5489	панель	4			5948	1294	False	True	subtitle			
5490	склонный	4			5949	1294	False	True	subtitle			
5491	загрузить	4			5950	1293	False	True	subtitle			
5492	потрясти	4			5951	1293	False	True	subtitle			
5493	уговор	4			5952	1293	False	True	subtitle			
5494	умник	4			5953	1293	False	True	subtitle			
5495	вступать	4	3	2901	5954	1292	False	False	subtitle	verb	enter, join	加入する
5496	истечь	4			5955	1292	False	True	subtitle			
5497	оригинальный	4			5956	1292	False	True	subtitle			
5498	епископ	4			5957	1291	False	True	subtitle			
5499	коричневый	4			5958	1291	False	True	subtitle			
5500	проведать	4			5960	1290	False	True	subtitle			
5501	задерживать	4			5961	1289	False	True	subtitle			
5502	конкурент	4			5962	1289	False	True	subtitle			
5503	престарелый	4			5963	1289	False	True	subtitle			
5504	печь	4			5964	1288	False	True	subtitle			
5505	репетировать	4			5965	1288	False	True	subtitle			
5506	поздравить	4			5966	1287	False	True	subtitle			
5507	трижды	4			5967	1287	False	True	subtitle			
5508	вклад	4			5968	1286	False	True	subtitle			
5509	свалка	4			5969	1286	False	True	subtitle			
5510	даром	4			5970	1285	False	True	subtitle			
5511	тако	4			5971	1285	False	True	subtitle			
5512	хантереть	4			5972	1285	False	True	subtitle			
5513	слежка	4			5974	1284	False	True	subtitle			
5514	титул	4			5975	1284	False	True	subtitle			
5515	учет	4	2	1695	5976	1284	False	False	subtitle	noun	accounting	会計
5516	лимон	4			5978	1283	False	True	subtitle			
5517	частично	4			5979	1283	False	True	subtitle			
5518	бэй	4			5980	1281	False	True	subtitle			
5519	отдельно	4			5981	1281	False	True	subtitle			
5520	отмечать	4	3	2292	5982	1281	False	False	subtitle	verb	note	指摘する
5521	ворваться	4			5983	1280	False	True	subtitle			
5522	контрабанда	4			5984	1279	False	True	subtitle			
5523	корь	4			5985	1279	False	True	subtitle			
5524	наказывать	4			5986	1279	False	True	subtitle			
5525	спонсор	4			5987	1279	False	True	subtitle			
5526	особняк	4			5988	1278	False	True	subtitle			
5527	возомнить	4			5989	1277	False	True	subtitle			
5528	сравнить	4			5990	1277	False	True	subtitle			
5529	убеждение	4	3	2932	5991	1277	False	False	subtitle	noun	conviction, belief	信念
5530	дурачок	4			5992	1276	False	True	subtitle			
5531	парламент	4	3	2985	5993	1276	False	False	subtitle	noun	parliament	議会
5532	потрогать	4			5994	1275	False	True	subtitle			
5533	шшш	4			5995	1275	False	True	subtitle			
5534	гладко	4			5996	1274	False	True	subtitle			
5535	лш	4			5997	1274	False	True	subtitle			
5536	соблазнить	4			5998	1274	False	True	subtitle			
5537	фактор	4	2	1538	5999	1272	False	False	subtitle	noun	factor	要因
5538	приблизиться	4			6002	1270	False	True	subtitle			
5539	прокуратура	4			6003	1270	False	True	subtitle			
5540	рапорт	4			6004	1270	False	True	subtitle			
5541	осёл	4			6005	1269	False	True	subtitle			
5542	хоуп	4			6006	1269	False	True	subtitle			
5543	насильник	4			6008	1267	False	True	subtitle			
5544	целиться	4			6009	1267	False	True	subtitle			
5545	амелия	4			6010	1266	False	True	subtitle			
5546	недооценивать	4			6011	1266	False	True	subtitle			
5547	борис	4	2	1902	6013	1265	False	False	subtitle	noun	Boris	ボリス
5548	перси	4			6014	1265	False	True	subtitle			
5549	умерший	4			6015	1265	False	True	subtitle			
5550	устанавливать	4			6016	1265	False	True	subtitle			
5551	близость	4			6018	1264	False	True	subtitle			
5552	пижама	4			6019	1264	False	True	subtitle			
5553	приложение	4	3	2281	6020	1264	False	False	subtitle	noun	application	アプリ
5554	пролить	4			6022	1263	False	True	subtitle			
5555	постановка	4			6023	1262	False	True	subtitle			
5556	утрата	4			6024	1262	False	True	subtitle			
5557	датчик	4			6025	1261	False	True	subtitle			
5558	лунный	4			6026	1261	False	True	subtitle			
5559	незнакомый	4	3	2876	6027	1261	False	False	subtitle	adj	unfamiliar	見知らぬ
5560	эш	4			6028	1261	False	True	subtitle			
5561	капсула	4			6029	1260	False	True	subtitle			
5562	сканирование	4			6030	1260	False	True	subtitle			
5563	ярд	4			6031	1260	False	True	subtitle			
5564	облегчить	4			6032	1259	False	True	subtitle			
5565	размышлять	4			6034	1257	False	True	subtitle			
5566	лезвие	4			6035	1256	False	True	subtitle			
5567	теннис	4			6037	1255	False	True	subtitle			
5568	цепочка	4			6039	1254	False	True	subtitle			
5569	игровой	4			6040	1253	False	True	subtitle			
5570	признаваться	4			6041	1253	False	True	subtitle			
5571	раздавить	4			6042	1253	False	True	subtitle			
5572	ран	4			6043	1253	False	True	subtitle			
5573	выдвигаться	4			6044	1252	False	True	subtitle			
5574	лимузин	4			6046	1252	False	True	subtitle			
5575	нелепый	4			6047	1252	False	True	subtitle			
5576	персона	4			6048	1252	False	True	subtitle			
5577	ветчина	4			6049	1251	False	True	subtitle			
5578	истекать	4			6051	1250	False	True	subtitle			
5579	отметка	4			6052	1250	False	True	subtitle			
5580	сытый	4			6053	1250	False	True	subtitle			
5581	употреблять	4			6054	1250	False	True	subtitle			
5582	взлететь	4			6055	1249	False	True	subtitle			
5583	община	4			6056	1249	False	True	subtitle			
5584	продумать	4			6057	1249	False	True	subtitle			
5585	мочить	4			6058	1248	False	True	subtitle			
5586	уютный	4			6060	1248	False	True	subtitle			
5587	жечь	4			6061	1247	False	True	subtitle			
5588	подсказывать	4			6062	1247	False	True	subtitle			
5589	фаза	4			6063	1246	False	True	subtitle			
5590	вначале	4			6064	1245	False	True	subtitle			
5591	категория	4	2	1716	6065	1245	False	False	subtitle	noun	category	範疇
5592	клей	4			6066	1245	False	True	subtitle			
5593	нейтан	4			6067	1245	False	True	subtitle			
5594	пересадка	4			6068	1245	False	True	subtitle			
5595	собачка	4			6069	1245	False	True	subtitle			
5596	столкновение	4			6070	1245	False	True	subtitle			
5597	отрицательный	4	3	2930	6071	1244	False	False	subtitle	adj	negative	否定的な
5598	тесса	4			6072	1244	False	True	subtitle			
5599	премьера	4			6074	1242	False	True	subtitle			
5600	добавлять	4			6075	1241	False	True	subtitle			
5601	проба	4			6076	1241	False	True	subtitle			
5602	всюду	4			6077	1240	False	True	subtitle			
5603	вдали	4			6079	1239	False	True	subtitle			
5604	сбыться	4			6081	1238	False	True	subtitle			
5605	фонарь	4			6082	1238	False	True	subtitle			
5606	алтарь	4			6084	1237	False	True	subtitle			
5607	распродажа	4			6085	1237	False	True	subtitle			
5608	настоять	4			6087	1236	False	True	subtitle			
5609	одобрение	4			6088	1236	False	True	subtitle			
5610	чаша	4			6089	1236	False	True	subtitle			
5611	погубить	4			6090	1235	False	True	subtitle			
5612	что-что	4			6091	1235	False	True	subtitle			
5613	перекрыть	4			6092	1234	False	True	subtitle			
5614	диплом	4			6093	1233	False	True	subtitle			
5615	манипулировать	4			6094	1233	False	True	subtitle			
5616	послезавтра	4			6095	1233	False	True	subtitle			
5617	раздавать	4			6096	1233	False	True	subtitle			
5618	регистрация	4	3	2120	6097	1233	False	False	subtitle	noun	registration	登録
5619	сознаться	4			6098	1233	False	True	subtitle			
5620	спастись	4			6099	1233	False	True	subtitle			
5621	бункер	4			6100	1232	False	True	subtitle			
5622	заявка	4			6101	1232	False	True	subtitle			
5623	учреждение	4	2	1906	6102	1232	False	False	subtitle	noun	institution	機関
5624	стелла	4			6104	1231	False	True	subtitle			
5625	бах	4			6105	1230	False	True	subtitle			
5626	кличка	4			6106	1230	False	True	subtitle			
5627	ниоткуда	4			6107	1230	False	True	subtitle			
5628	сися	4			6108	1230	False	True	subtitle			
5629	стошнить	4			6109	1230	False	True	subtitle			
5630	вдохновение	4			6110	1229	False	True	subtitle			
5631	иззь	4			6111	1229	False	True	subtitle			
5632	князь	4	2	1696	6112	1229	False	False	subtitle	noun	prince	公爵
5633	реабилитация	4			6113	1229	False	True	subtitle			
5634	боулинг	4			6114	1228	False	True	subtitle			
5635	бро	4			6115	1228	False	True	subtitle			
5636	йаи	4			6116	1228	False	True	subtitle			
5637	мейсон	4			6117	1228	False	True	subtitle			
5638	намеренно	4			6118	1228	False	True	subtitle			
5639	анб	4			6119	1227	False	True	subtitle			
5640	въехать	4			6121	1227	False	True	subtitle			
5641	набирать	4			6122	1227	False	True	subtitle			
5642	принятие	4	3	2080	6123	1227	False	False	subtitle	noun	adoption	採用
5643	дейв	4			6124	1226	False	True	subtitle			
5644	улучшить	4			6125	1226	False	True	subtitle			
5645	подвинуться	4			6127	1224	False	True	subtitle			
5646	ред	4			6128	1223	False	True	subtitle			
5647	телек	4			6129	1223	False	True	subtitle			
5648	простыня	4			6130	1222	False	True	subtitle			
5649	тактика	4			6132	1222	False	True	subtitle			
5650	алмаз	4			6133	1221	False	True	subtitle			
5651	выспаться	4			6134	1221	False	True	subtitle			
5652	жук	4			6135	1221	False	True	subtitle			
5653	наладить	4			6136	1221	False	True	subtitle			
5654	таймс	4			6137	1221	False	True	subtitle			
5655	беккета	4			6138	1220	False	True	subtitle			
5656	важность	4			6139	1220	False	True	subtitle			
5657	завершение	4			6141	1220	False	True	subtitle			
5658	мартини	4			6142	1220	False	True	subtitle			
5659	предприятие	4	2	1154	6143	1220	False	False	subtitle	noun	enterprise	企業
5660	явление	4	2	1501	6144	1220	False	False	subtitle	noun	phenomenon	現象
5661	пересмотреть	4			6145	1219	False	True	subtitle			
5662	жёстко	4			6146	1218	False	True	subtitle			
5663	обижать	4			6147	1218	False	True	subtitle			
5664	вакцина	4			6148	1217	False	True	subtitle			
5665	ладонь	4	3	2030	6149	1217	False	False	subtitle	noun	palm	手のひら
5666	типичный	4			6151	1217	False	True	subtitle			
5667	беверлить	4			6152	1216	False	True	subtitle			
5668	коза	4			6153	1215	False	True	subtitle			
5669	цыпочка	4			6154	1215	False	True	subtitle			
5670	чао	4			6155	1215	False	True	subtitle			
5671	двоюродный	4			6156	1214	False	True	subtitle			
5672	отравление	4			6158	1214	False	True	subtitle			
5673	сушить	4			6159	1214	False	True	subtitle			
5674	кинотеатр	4			6160	1213	False	True	subtitle			
5675	расставаться	4			6161	1213	False	True	subtitle			
5676	спецназ	4			6162	1213	False	True	subtitle			
5677	тужиться	4			6163	1213	False	True	subtitle			
5678	могущественный	4			6165	1212	False	True	subtitle			
5679	общежитие	4			6166	1212	False	True	subtitle			
5680	стирать	4			6167	1211	False	True	subtitle			
5681	всадник	4			6168	1210	False	True	subtitle			
5682	катя	4	3	2583	6169	1210	False	False	subtitle	noun	Katya (name)	カーチャ
5683	незаметно	4			6170	1210	False	True	subtitle			
5684	покататься	4			6171	1210	False	True	subtitle			
5685	нынче	4			6172	1208	False	True	subtitle			
5686	пепел	4			6173	1208	False	True	subtitle			
5687	аварийный	4			6174	1207	False	True	subtitle			
5688	применить	4			6175	1207	False	True	subtitle			
5689	иммунитет	4			6177	1206	False	True	subtitle			
5690	разгар	4			6178	1206	False	True	subtitle			
5691	отозвать	4			6179	1205	False	True	subtitle			
5692	фитц	4			6180	1205	False	True	subtitle			
5693	фрагмент	4			6181	1205	False	True	subtitle			
5694	верхом	4			6182	1204	False	True	subtitle			
5695	затащить	4			6183	1204	False	True	subtitle			
5696	защитный	4			6184	1204	False	True	subtitle			
5697	кампус	4			6185	1204	False	True	subtitle			
5698	маэстро	4			6187	1204	False	True	subtitle			
5699	нежели	4			6188	1204	False	True	subtitle			
5700	дельфин	4			6191	1203	False	True	subtitle			
5701	неподходящий	4			6192	1203	False	True	subtitle			
5702	уродливый	4			6193	1203	False	True	subtitle			
5703	японец	4			6194	1202	False	True	subtitle			
5704	соска	4			6195	1201	False	True	subtitle			
5705	тоска	4			6196	1201	False	True	subtitle			
5706	аль	4			6197	1200	False	True	subtitle			
5707	переговорить	4			6198	1200	False	True	subtitle			
5708	врасплох	4			6199	1199	False	True	subtitle			
5709	масштаб	4	3	2464	6200	1199	False	False	subtitle	noun	scale	規模
5710	падре	4			6201	1199	False	True	subtitle			
5711	бланк	4			6202	1198	False	True	subtitle			
5712	двоить	4			6203	1198	False	True	subtitle			
5713	заверить	4			6204	1197	False	True	subtitle			
5714	баланс	4			6205	1196	False	True	subtitle			
5715	задолжать	4			6206	1196	False	True	subtitle			
5716	польша	4	3	2836	6207	1196	False	False	subtitle	noun	Poland	ポーランド
5717	ширлить	4			6208	1196	False	True	subtitle			
5718	землетрясение	4			6210	1195	False	True	subtitle			
5719	комбинация	4			6211	1195	False	True	subtitle			
5720	навстречу	4	3	2661	6212	1195	False	False	subtitle	adv	towards, to meet	出迎えに
5721	хакер	4			6213	1195	False	True	subtitle			
5722	инициатива	4	3	2462	6214	1194	False	False	subtitle	noun	initiative	主導権
5723	подводить	4			6215	1194	False	True	subtitle			
5724	прорыв	4			6216	1193	False	True	subtitle			
5725	статистика	4			6217	1193	False	True	subtitle			
5726	камин	4			6221	1189	False	True	subtitle			
5727	отход	4			6223	1188	False	True	subtitle			
5728	перехватить	4			6224	1188	False	True	subtitle			
5729	выпилить	4			6225	1187	False	True	subtitle			
5730	начальный	4			6226	1187	False	True	subtitle			
5731	потихоньку	4			6227	1187	False	True	subtitle			
5732	мр	4			6228	1186	False	True	subtitle			
5733	па	4			6229	1186	False	True	subtitle			
5734	вредный	4			6230	1185	False	True	subtitle			
5735	максимальный	4	3	2777	6231	1185	False	False	subtitle	adj	maximum	最大の
5736	искра	4			6233	1184	False	True	subtitle			
5737	психология	4	3	2578	6234	1184	False	False	subtitle	noun	psychology	心理学
5738	агрессивный	4			6235	1183	False	True	subtitle			
5739	батарейка	4			6236	1183	False	True	subtitle			
5740	ниггер	4			6237	1183	False	True	subtitle			
5741	разлучить	4			6238	1183	False	True	subtitle			
5742	спид	4			6239	1183	False	True	subtitle			
5743	стрижка	4			6240	1183	False	True	subtitle			
5744	вознаграждение	4			6241	1182	False	True	subtitle			
5745	осуществить	4			6242	1182	False	True	subtitle			
5746	следовательно	4	3	2088	6243	1182	False	False	subtitle	adv	therefore	したがって
5747	блог	4			6245	1181	False	True	subtitle			
5748	некого	4			6246	1181	False	True	subtitle			
5749	рехнуться	4			6247	1181	False	True	subtitle			
5750	гейба	4			6248	1180	False	True	subtitle			
5751	курьер	4			6249	1180	False	True	subtitle			
5752	прислуга	4			6250	1180	False	True	subtitle			
5753	барахло	4			6251	1179	False	True	subtitle			
5754	достойно	4			6252	1179	False	True	subtitle			
5755	койка	4			6253	1179	False	True	subtitle			
5756	мюзикл	4			6254	1179	False	True	subtitle			
5757	подгузник	4			6255	1179	False	True	subtitle			
5758	смело	4			6256	1179	False	True	subtitle			
5759	лысый	4			6257	1178	False	True	subtitle			
5760	непростой	4			6258	1178	False	True	subtitle			
5761	плавание	4			6259	1178	False	True	subtitle			
5762	командующий	4			6260	1177	False	True	subtitle			
5763	определять	4	2	1635	6261	1177	False	False	subtitle	verb	define	定義する
5764	чертовщина	4			6262	1177	False	True	subtitle			
5765	вздох	4			6263	1176	False	True	subtitle			
5766	воровство	4			6264	1176	False	True	subtitle			
5767	пленник	4			6265	1176	False	True	subtitle			
5768	побеспокоить	4			6266	1176	False	True	subtitle			
5769	расстраиваться	4			6267	1176	False	True	subtitle			
5770	больничный	4			6268	1175	False	True	subtitle			
5771	миф	4			6269	1174	False	True	subtitle			
5772	певец	4			6270	1174	False	True	subtitle			
5773	тревожить	4			6271	1174	False	True	subtitle			
5774	богач	4			6272	1173	False	True	subtitle			
5775	давность	4			6273	1173	False	True	subtitle			
5776	инвестор	4			6274	1173	False	True	subtitle			
5777	материя	4			6275	1173	False	True	subtitle			
5778	дебаты	4			6276	1172	False	True	subtitle			
5779	колодец	4			6277	1172	False	True	subtitle			
5780	развести	4			6278	1172	False	True	subtitle			
5781	батарея	4			6279	1171	False	True	subtitle			
5782	выставлять	4			6280	1171	False	True	subtitle			
5783	гравитация	4			6281	1171	False	True	subtitle			
5784	миленький	4			6282	1171	False	True	subtitle			
5785	наблюдатель	4			6283	1171	False	True	subtitle			
5786	неудобство	4			6284	1171	False	True	subtitle			
5787	сун	4			6285	1170	False	True	subtitle			
5788	телеграмма	4			6286	1170	False	True	subtitle			
5789	банкир	4			6287	1169	False	True	subtitle			
5790	барабан	4			6290	1167	False	True	subtitle			
5791	рыдать	4			6291	1167	False	True	subtitle			
5792	страж	4			6292	1167	False	True	subtitle			
5793	ария	4			6294	1165	False	True	subtitle			
5794	дисциплина	4			6295	1165	False	True	subtitle			
5795	оппа	4			6296	1165	False	True	subtitle			
5796	позавтракать	4			6297	1165	False	True	subtitle			
5797	реаъ	4			6298	1164	False	True	subtitle			
5798	храниться	4			6299	1164	False	True	subtitle			
5799	зараза	4			6300	1163	False	True	subtitle			
5800	обрадоваться	4			6302	1162	False	True	subtitle			
5801	уборная	4			6303	1162	False	True	subtitle			
5802	быстренько	4			6304	1161	False	True	subtitle			
5803	присяга	4			6307	1161	False	True	subtitle			
5804	сатана	4			6308	1161	False	True	subtitle			
5805	сель	4			6309	1161	False	True	subtitle			
5806	стоя	4			6310	1161	False	True	subtitle			
5807	киска	4			6311	1160	False	True	subtitle			
5808	защищаться	4			6314	1159	False	True	subtitle			
5809	мэл	4			6315	1159	False	True	subtitle			
5810	одевать	4			6316	1159	False	True	subtitle			
5811	чинить	4			6317	1159	False	True	subtitle			
5812	эмоционально	4			6318	1159	False	True	subtitle			
5813	выбрасывать	4			6319	1158	False	True	subtitle			
5814	харт	4			6320	1158	False	True	subtitle			
5815	кубок	4			6321	1157	False	True	subtitle			
5816	лампочка	4			6322	1157	False	True	subtitle			
5817	хлопья	4			6325	1157	False	True	subtitle			
5818	беглец	4			6326	1156	False	True	subtitle			
5819	конфетка	4			6327	1156	False	True	subtitle			
5820	лена	4	3	2704	6328	1156	False	False	subtitle	noun	Lena (name)	レーナ
5821	спичка	4			6330	1156	False	True	subtitle			
5822	переслать	4			6331	1155	False	True	subtitle			
5823	гидеон	4			6333	1154	False	True	subtitle			
5824	разыгрывать	4			6335	1154	False	True	subtitle			
5825	отчаянный	4			6336	1153	False	True	subtitle			
5826	секция	4			6337	1153	False	True	subtitle			
5827	ходячий	4			6340	1153	False	True	subtitle			
5828	противно	4			6341	1152	False	True	subtitle			
5829	синхронизация	4			6342	1152	False	True	subtitle			
5830	красавец	4			6344	1151	False	True	subtitle			
5831	макияж	4			6345	1151	False	True	subtitle			
5832	мэйсон	4			6346	1151	False	True	subtitle			
5833	терроризм	4			6347	1151	False	True	subtitle			
5834	пожелание	4			6348	1150	False	True	subtitle			
5835	чин	4			6350	1150	False	True	subtitle			
5836	артефакт	4			6352	1149	False	True	subtitle			
5837	бросок	4			6353	1148	False	True	subtitle			
5838	загнать	4			6354	1148	False	True	subtitle			
5839	ирландский	4			6355	1148	False	True	subtitle			
5840	пророк	4			6356	1148	False	True	subtitle			
5841	спереди	4			6357	1148	False	True	subtitle			
5842	гамбургер	4			6358	1146	False	True	subtitle			
5843	лэнс	4			6359	1146	False	True	subtitle			
5844	сочувствие	4			6360	1146	False	True	subtitle			
5845	спортсмен	4			6361	1146	False	True	subtitle			
5846	эволюция	4			6362	1146	False	True	subtitle			
5847	календарь	4			6363	1145	False	True	subtitle			
5848	лоу	4			6364	1145	False	True	subtitle			
5849	оглядываться	4			6367	1145	False	True	subtitle			
5850	эго	4			6368	1145	False	True	subtitle			
5851	восстание	4			6369	1144	False	True	subtitle			
5852	повзрослеть	4			6370	1144	False	True	subtitle			
5853	цитата	4	3	2394	6371	1144	False	False	subtitle	noun	quotation	引用
5854	рубль	4	2	1117	10623	426	True	False	subtitle_deep	noun	ruble	ルーブル
5855	мягко	4			6374	1143	False	True	subtitle			
5856	обеспечение	4	2	1557	6375	1143	False	False	subtitle	noun	provision	供給
5857	портал	4			6376	1143	False	True	subtitle			
5858	тор	4			6378	1142	False	True	subtitle			
5859	экспедиция	4			6379	1142	False	True	subtitle			
5860	отблагодарить	4			6380	1141	False	True	subtitle			
5861	увлечься	4			6381	1141	False	True	subtitle			
5862	фрост	4			6382	1141	False	True	subtitle			
5863	прислушаться	4			6384	1140	False	True	subtitle			
5864	ступенька	4			6385	1140	False	True	subtitle			
5865	тронутый	4			6386	1140	False	True	subtitle			
5866	единица	4	3	2179	6387	1139	False	False	subtitle	noun	unit	単位
5867	текила	4			6388	1139	False	True	subtitle			
5868	шестеро	4			6389	1139	False	True	subtitle			
5869	каблук	4			6390	1138	False	True	subtitle			
5870	однозначно	4			6391	1138	False	True	subtitle			
5871	десятилетие	4			6393	1137	False	True	subtitle			
5872	навеки	4			6394	1137	False	True	subtitle			
5873	пособие	4			6396	1137	False	True	subtitle			
5874	влиятельный	4			6398	1136	False	True	subtitle			
5875	всего-то	4			6399	1136	False	True	subtitle			
5876	капрал	4			6400	1136	False	True	subtitle			
5877	крюк	4			6401	1136	False	True	subtitle			
5878	упс	4			6402	1136	False	True	subtitle			
5879	отвергнуть	4			6404	1135	False	True	subtitle			
5880	прилично	4			6405	1135	False	True	subtitle			
5881	бутылочка	4			6406	1134	False	True	subtitle			
5882	бу	4			6409	1133	False	True	subtitle			
5883	крот	4			6410	1133	False	True	subtitle			
5884	чернила	4			6411	1133	False	True	subtitle			
5885	орешек	4			6412	1132	False	True	subtitle			
5886	фотографировать	4			6413	1132	False	True	subtitle			
5887	подвергнуть	4			6415	1131	False	True	subtitle			
5888	столетие	4	3	2891	6416	1130	False	False	subtitle	noun	century	世紀
5889	полегчать	4			6417	1129	False	True	subtitle			
5890	снежный	4			6418	1128	False	True	subtitle			
5891	толком	4			6419	1128	False	True	subtitle			
5892	тренировать	4			6420	1128	False	True	subtitle			
5893	выражать	4	3	2477	6421	1127	False	False	subtitle	verb	express	表す
5894	гранат	4			6422	1127	False	True	subtitle			
5895	катер	4			6423	1127	False	True	subtitle			
5896	кейти	4			6424	1127	False	True	subtitle			
5897	скрипка	4			6426	1127	False	True	subtitle			
5898	стареть	4			6427	1127	False	True	subtitle			
5899	тэ	4			6428	1127	False	True	subtitle			
5900	увольнять	4			6429	1127	False	True	subtitle			
5901	выделить	4	3	2143	6432	1126	False	False	subtitle	verb	highlight	強調する
5902	барби	4			6433	1125	False	True	subtitle			
5903	янки	4			6434	1125	False	True	subtitle			
5904	ежедневно	4			6435	1124	False	True	subtitle			
5905	разом	4			6436	1124	False	True	subtitle			
5906	картель	4			6437	1123	False	True	subtitle			
5907	антон	4	3	2944	6438	1122	False	False	subtitle	noun	Anton (name)	アントン
5908	ныть	4			6439	1122	False	True	subtitle			
5909	обследование	4			6440	1122	False	True	subtitle			
5910	освещение	4			6441	1121	False	True	subtitle			
5911	отделаться	4			6442	1121	False	True	subtitle			
5912	устоять	4			6443	1121	False	True	subtitle			
5913	крушение	4			6444	1120	False	True	subtitle			
5914	лисбон	4			6445	1120	False	True	subtitle			
5915	отбой	4			6447	1119	False	True	subtitle			
5916	свалиться	4			6448	1119	False	True	subtitle			
5917	бернуть	4			6449	1118	False	True	subtitle			
5918	вегаснуть	4			6450	1118	False	True	subtitle			
5919	свидетельствовать	4	3	2326	6451	1118	False	False	subtitle	verb	indicate	証明する
5920	мда	4			6454	1117	False	True	subtitle			
5921	саттон	4			6455	1117	False	True	subtitle			
5922	скачка	4			6456	1117	False	True	subtitle			
5923	маг	4			6459	1116	False	True	subtitle			
5924	отплатить	4			6460	1116	False	True	subtitle			
5925	помешанный	4			6461	1116	False	True	subtitle			
5926	энтузиазм	4			6462	1116	False	True	subtitle			
5927	пролететь	4			6463	1115	False	True	subtitle			
5928	трещина	4			6464	1115	False	True	subtitle			
5929	изгнать	4			6465	1114	False	True	subtitle			
5930	развалиться	4			6466	1114	False	True	subtitle			
5931	голд	4			6467	1113	False	True	subtitle			
5932	джип	4			6468	1113	False	True	subtitle			
5933	заблуждение	4			6469	1113	False	True	subtitle			
5934	небезопасно	4			6470	1113	False	True	subtitle			
5935	осмелиться	4			6471	1112	False	True	subtitle			
5936	прикоснуться	4			6472	1112	False	True	subtitle			
5937	шорты	4			6473	1112	False	True	subtitle			
5938	предвидеть	4			6475	1111	False	True	subtitle			
5939	прилечь	4			6476	1111	False	True	subtitle			
5940	угощаться	4			6477	1111	False	True	subtitle			
5941	выпивать	4			6478	1110	False	True	subtitle			
5942	расписаться	4			6479	1110	False	True	subtitle			
5943	всемогущий	4			6480	1109	False	True	subtitle			
5944	генетический	4			6481	1109	False	True	subtitle			
5945	понести	4			6482	1109	False	True	subtitle			
5946	поправить	4			6483	1109	False	True	subtitle			
5947	утешение	4			6484	1109	False	True	subtitle			
5948	лопата	4			6486	1108	False	True	subtitle			
5949	стенка	4			6488	1108	False	True	subtitle			
5950	арендовать	4			6489	1107	False	True	subtitle			
5951	валяться	4			6490	1107	False	True	subtitle			
5952	михаил	4	2	1455	6491	1107	False	False	subtitle	noun	Mikhail (name)	ミハイル(人名)
5953	поручение	4			6492	1107	False	True	subtitle			
5954	бумажка	4			6493	1106	False	True	subtitle			
5955	ветка	4			6494	1106	False	True	subtitle			
5956	возглавлять	4			6495	1106	False	True	subtitle			
5957	амбиция	4			6497	1105	False	True	subtitle			
5958	литр	4	3	2945	6498	1105	False	False	subtitle	noun	liter	リットル
5959	радовать	4			6500	1104	False	True	subtitle			
5960	шерил	4			6502	1103	False	True	subtitle			
5961	мерзость	4			6503	1102	False	True	subtitle			
5962	разыскать	4			6504	1102	False	True	subtitle			
5963	витамин	4			6505	1101	False	True	subtitle			
5964	снотворный	4			6506	1101	False	True	subtitle			
5965	хлопоты	4			6507	1101	False	True	subtitle			
5966	атом	4			6509	1100	False	True	subtitle			
5967	разместить	4			6511	1100	False	True	subtitle			
5968	фи	4			6512	1100	False	True	subtitle			
5969	зять	4			6513	1099	False	True	subtitle			
5970	нахер	4			6514	1099	False	True	subtitle			
5971	устранить	4			6515	1099	False	True	subtitle			
5972	ближний	4			6516	1098	False	True	subtitle			
5973	ги	4			6517	1098	False	True	subtitle			
5974	очаровательно	4			6518	1098	False	True	subtitle			
5975	радар	4			6519	1098	False	True	subtitle			
5976	супергерой	4			6520	1098	False	True	subtitle			
5977	абсурд	4			6521	1097	False	True	subtitle			
5978	влево	4			6522	1097	False	True	subtitle			
5979	голубь	4			6523	1097	False	True	subtitle			
5980	кабина	4			6524	1097	False	True	subtitle			
5981	ничуть	4			6525	1097	False	True	subtitle			
5982	понятный	4	2	1579	6526	1096	False	False	subtitle	adj	understandable	分かりやすい
5983	старость	4			6528	1095	False	True	subtitle			
5984	фейерверк	4			6529	1094	False	True	subtitle			
5985	кодить	4			6530	1093	False	True	subtitle			
5986	наладиться	4			6531	1093	False	True	subtitle			
5987	пропажа	4			6532	1093	False	True	subtitle			
5988	даа	4			6533	1092	False	True	subtitle			
5989	поуп	4			6534	1092	False	True	subtitle			
5990	провалить	4			6535	1092	False	True	subtitle			
5991	шантаж	4			6536	1092	False	True	subtitle			
5992	здешний	4			6537	1091	False	True	subtitle			
5993	ничья	4			6538	1091	False	True	subtitle			
5994	песенка	4			6539	1091	False	True	subtitle			
5995	пруд	4			6540	1091	False	True	subtitle			
5996	сосать	4			6541	1091	False	True	subtitle			
5997	хэйль	4			6542	1091	False	True	subtitle			
5998	белок	4			6543	1090	False	True	subtitle			
5999	изобретение	4			6545	1090	False	True	subtitle			
6000	бэйль	4			6546	1089	False	True	subtitle			
6001	кина	4			6548	1089	False	True	subtitle			
6002	касательно	4			6549	1088	False	True	subtitle			
6003	мег	4			6551	1088	False	True	subtitle			
6004	трезвый	4			6552	1088	False	True	subtitle			
6005	щётка	4			6553	1088	False	True	subtitle			
6006	выслать	4			6554	1087	False	True	subtitle			
6007	говорящий	4			6555	1087	False	True	subtitle			
6008	сравниться	4			6556	1087	False	True	subtitle			
6009	автоответчик	4			6558	1086	False	True	subtitle			
6010	ебать	4			6559	1086	False	True	subtitle			
6011	унаследовать	4			6562	1085	False	True	subtitle			
6012	кружиться	4			6564	1084	False	True	subtitle			
6013	регулярно	4			6565	1083	False	True	subtitle			
6014	безупречный	4			6566	1082	False	True	subtitle			
6015	малость	4			6567	1082	False	True	subtitle			
6016	поить	4			6568	1082	False	True	subtitle			
6017	прибывать	4			6569	1082	False	True	subtitle			
6018	рождаться	4			6570	1082	False	True	subtitle			
6019	спагетти	4			6571	1082	False	True	subtitle			
6020	вердикт	4			6572	1081	False	True	subtitle			
6021	вонь	4			6573	1081	False	True	subtitle			
6022	вуд	4			6574	1081	False	True	subtitle			
6023	замёрзнуть	4			6575	1081	False	True	subtitle			
6024	предельно	4			6576	1081	False	True	subtitle			
6025	призвать	4			6577	1081	False	True	subtitle			
6026	фрау	4			6578	1080	False	True	subtitle			
6027	негр	4			6579	1079	False	True	subtitle			
6028	раздеваться	4			6580	1079	False	True	subtitle			
6029	штаб-квартира	4			6581	1079	False	True	subtitle			
6030	предлог	4			6582	1078	False	True	subtitle			
6031	раздел	4	2	1670	6583	1078	False	False	subtitle	noun	section	節
6032	стальной	4			6584	1078	False	True	subtitle			
6033	рыбак	4			6585	1077	False	True	subtitle			
6034	сдерживать	4			6586	1077	False	True	subtitle			
6035	слить	4			6587	1077	False	True	subtitle			
6036	адреналин	4			6588	1076	False	True	subtitle			
6037	дарси	4			6589	1076	False	True	subtitle			
6038	просматривать	4			6590	1076	False	True	subtitle			
6039	смертельно	4			6591	1076	False	True	subtitle			
6040	избрать	4			6592	1075	False	True	subtitle			
6041	логово	4			6593	1075	False	True	subtitle			
6042	лора	4			6594	1075	False	True	subtitle			
6043	отставать	4			6595	1075	False	True	subtitle			
6044	учение	4	3	2290	6597	1075	False	False	subtitle	noun	teaching	教え
6045	грамм	4			6598	1074	False	True	subtitle			
6046	командный	4			6599	1074	False	True	subtitle			
6047	стадо	4			6601	1074	False	True	subtitle			
6048	дежурство	4			6602	1073	False	True	subtitle			
6049	рвать	4			6603	1073	False	True	subtitle			
6050	ром	4			6604	1073	False	True	subtitle			
6051	грусть	4			6605	1072	False	True	subtitle			
6052	нрав	4			6606	1072	False	True	subtitle			
6053	пополам	4			6607	1071	False	True	subtitle			
6054	содовый	4			6608	1071	False	True	subtitle			
6055	блестяще	4			6609	1070	False	True	subtitle			
6056	дантист	4			6610	1070	False	True	subtitle			
6057	родительский	4			6611	1070	False	True	subtitle			
6058	накрыть	4			6613	1069	False	True	subtitle			
6059	орден	4	3	2981	6614	1069	False	False	subtitle	noun	order, medal	勲章
6060	бейкер	4			6615	1068	False	True	subtitle			
6061	пинок	4			6616	1068	False	True	subtitle			
6062	блинчик	4			6617	1067	False	True	subtitle			
6063	дикс	4			6619	1067	False	True	subtitle			
6064	наброситься	4			6620	1067	False	True	subtitle			
6065	оз	4			6621	1067	False	True	subtitle			
6066	рентген	4			6622	1067	False	True	subtitle			
6067	баффи	4			6623	1066	False	True	subtitle			
6068	карма	4			6624	1066	False	True	subtitle			
6069	критика	4	3	2476	6625	1066	False	False	subtitle	noun	criticism	批判
6070	публично	4			6626	1066	False	True	subtitle			
6071	ринг	4			6627	1066	False	True	subtitle			
6072	бам	4			6628	1065	False	True	subtitle			
6073	покрывать	4			6629	1065	False	True	subtitle			
6074	тэйлор	4			6630	1065	False	True	subtitle			
6075	сторонник	4			6632	1064	False	True	subtitle			
6076	кокс	4			6633	1063	False	True	subtitle			
6077	конёк	4			6634	1063	False	True	subtitle			
6078	проявление	4	3	2362	6635	1063	False	False	subtitle	noun	manifestation	現れ
6079	сбережение	4			6636	1063	False	True	subtitle			
6080	уста	4			6637	1063	False	True	subtitle			
6081	сегодна	4			6639	1062	False	True	subtitle			
6082	эзр	4			6640	1062	False	True	subtitle			
6083	объединить	4	3	2961	6641	1061	False	False	subtitle	verb	unite	統合する
6084	послужить	4			6642	1061	False	True	subtitle			
6085	прицел	4			6643	1061	False	True	subtitle			
6086	психический	4			6644	1061	False	True	subtitle			
6087	психотерапевт	4			6645	1061	False	True	subtitle			
6088	сострадание	4			6646	1061	False	True	subtitle			
6089	непосредственно	4	3	2131	6647	1060	False	False	subtitle	adv	directly	直接
6090	денежный	4	3	2204	6648	1059	False	False	subtitle	adj	monetary	金銭の
6091	набраться	4			6649	1059	False	True	subtitle			
6092	позвоночник	4			6650	1059	False	True	subtitle			
6093	популярность	4			6651	1059	False	True	subtitle			
6094	тележка	4			6652	1059	False	True	subtitle			
6095	брайена	4			6653	1058	False	True	subtitle			
6096	поиметь	4			6654	1058	False	True	subtitle			
6097	предосторожность	4			6655	1058	False	True	subtitle			
6098	формальность	4			6657	1057	False	True	subtitle			
6099	бордель	4			6658	1056	False	True	subtitle			
6100	гармония	4			6659	1056	False	True	subtitle			
6101	похищать	4			6661	1056	False	True	subtitle			
6102	похмелие	4			6662	1056	False	True	subtitle			
6103	броситься	4	3	2328	6665	1055	False	False	subtitle	verb	rush	駆け出す
6104	задолго	4			6666	1055	False	True	subtitle			
6105	присылать	4			6667	1055	False	True	subtitle			
6106	щека	4	3	2485	6668	1055	False	False	subtitle	noun	cheek	頬
6107	домохозяйка	4			6670	1054	False	True	subtitle			
6108	ля	4			6671	1054	False	True	subtitle			
6109	эпидемия	4			6673	1054	False	True	subtitle			
6110	ясность	4			6674	1054	False	True	subtitle			
6111	марля	4			6675	1053	False	True	subtitle			
6112	поселиться	4			6676	1053	False	True	subtitle			
6113	трофей	4			6677	1053	False	True	subtitle			
6114	бейсбольный	4			6678	1052	False	True	subtitle			
6115	эхо	4			6680	1052	False	True	subtitle			
6116	ветеринар	4			6681	1051	False	True	subtitle			
6117	затылок	4			6683	1051	False	True	subtitle			
6118	копаться	4			6684	1051	False	True	subtitle			
6119	описывать	4	3	2569	6685	1051	False	False	subtitle	verb	describe	描写する
6120	рэд	4			6686	1051	False	True	subtitle			
6121	удивление	4	3	2381	6687	1051	False	False	subtitle	noun	surprise	驚き
6122	импульс	4			6688	1050	False	True	subtitle			
6123	лос	4			6689	1050	False	True	subtitle			
6124	стьюй	4			6690	1050	False	True	subtitle			
6125	вскрыть	4			6691	1049	False	True	subtitle			
6126	рассудок	4			6692	1049	False	True	subtitle			
6127	спасатель	4			6693	1049	False	True	subtitle			
6128	головка	4			6694	1048	False	True	subtitle			
6129	передохнуть	4			6695	1048	False	True	subtitle			
6130	редкость	4			6696	1047	False	True	subtitle			
6131	сиять	4			6697	1047	False	True	subtitle			
6132	сладкое	4			6698	1047	False	True	subtitle			
6133	веский	4			6699	1046	False	True	subtitle			
6134	переночевать	4			6700	1046	False	True	subtitle			
6135	романтик	4			6701	1046	False	True	subtitle			
6136	туалетный	4			6702	1046	False	True	subtitle			
6137	объединиться	4			6703	1045	False	True	subtitle			
6138	фюрер	4			6704	1045	False	True	subtitle			
6139	временами	4			6705	1044	False	True	subtitle			
6140	метафора	4			6707	1044	False	True	subtitle			
6141	мэрия	4			6708	1044	False	True	subtitle			
6142	оргазм	4			6709	1044	False	True	subtitle			
6143	порез	4			6710	1044	False	True	subtitle			
6144	профи	4			6711	1044	False	True	subtitle			
6145	разводиться	4			6712	1044	False	True	subtitle			
6146	юность	4			6713	1044	False	True	subtitle			
6147	вить	4			6714	1043	False	True	subtitle			
6148	гибсон	4			6715	1043	False	True	subtitle			
6149	дрова	4			6716	1043	False	True	subtitle			
6150	колонка	4			6717	1043	False	True	subtitle			
6151	монтить	4			6718	1043	False	True	subtitle			
6152	развязать	4			6719	1043	False	True	subtitle			
6153	различие	4	3	2289	6720	1043	False	False	subtitle	noun	difference	違い
6154	вольный	4			6721	1042	False	True	subtitle			
6155	восстать	4			6722	1042	False	True	subtitle			
6156	забитый	4			6723	1042	False	True	subtitle			
6157	закопать	4			6724	1042	False	True	subtitle			
6158	наготове	4			6726	1042	False	True	subtitle			
6159	обручальный	4			6727	1042	False	True	subtitle			
6160	хаммонд	4			6728	1042	False	True	subtitle			
6161	цикл	4	3	2380	6730	1042	False	False	subtitle	noun	cycle	周期
6162	еякх	4			6731	1041	False	True	subtitle			
6163	лгунья	4			6732	1041	False	True	subtitle			
6164	опуститься	4			6733	1041	False	True	subtitle			
6165	пингвин	4			6734	1041	False	True	subtitle			
6166	попкорн	4			6735	1041	False	True	subtitle			
6167	равновесие	4			6736	1041	False	True	subtitle			
6168	заживо	4			6737	1040	False	True	subtitle			
6169	кандидатура	4			6738	1040	False	True	subtitle			
6170	милочка	4			6739	1040	False	True	subtitle			
6171	фе	4			6740	1040	False	True	subtitle			
6172	шарф	4			6741	1040	False	True	subtitle			
6173	преуспеть	4			6742	1039	False	True	subtitle			
6174	заноза	4			6743	1038	False	True	subtitle			
6175	сойтись	4			6744	1038	False	True	subtitle			
6176	прим	4			6745	1037	False	True	subtitle			
6177	син	4			6746	1037	False	True	subtitle			
6178	соединение	4	3	2694	6747	1037	False	False	subtitle	noun	connection	接続
6179	удержаться	4			6748	1037	False	True	subtitle			
6180	шеф-повар	4			6750	1037	False	True	subtitle			
6181	попка	4			6751	1036	False	True	subtitle			
6182	танцор	4			6752	1036	False	True	subtitle			
6183	традиционный	4	2	1675	6753	1036	False	False	subtitle	adj	traditional	伝統的な
6184	туда-сюда	4			6754	1036	False	True	subtitle			
6185	чуточку	4			6755	1035	False	True	subtitle			
6186	актив	4			6756	1034	False	True	subtitle			
6187	веко	4			6757	1034	False	True	subtitle			
6188	внезапный	4			6758	1034	False	True	subtitle			
6189	перевозка	4			6760	1034	False	True	subtitle			
6190	талия	4			6761	1034	False	True	subtitle			
6191	вежливость	4			6762	1033	False	True	subtitle			
6192	уитня	4			6763	1033	False	True	subtitle			
6193	барба	4			6764	1032	False	True	subtitle			
6194	пред	4			6765	1032	False	True	subtitle			
6195	выплата	4			6766	1031	False	True	subtitle			
6196	гроза	4			6767	1031	False	True	subtitle			
6197	возиться	4			6768	1030	False	True	subtitle			
6198	воспитать	4			6769	1030	False	True	subtitle			
6199	закричать	4	3	2879	6770	1030	False	False	subtitle	verb	shout out	叫び出す
6200	джаз	4			6771	1029	False	True	subtitle			
6201	здравоохранение	4			6772	1029	False	True	subtitle			
6202	ниндзя	4			6773	1029	False	True	subtitle			
6203	окончательный	4			6774	1029	False	True	subtitle			
6204	лыжа	4			6776	1028	False	True	subtitle			
6205	половой	4	3	2263	6777	1028	False	False	subtitle	adj	sexual	性的な
6206	роскошный	4			6778	1028	False	True	subtitle			
6207	спас	4			6779	1028	False	True	subtitle			
6208	цветной	4			6780	1028	False	True	subtitle			
6209	индустрия	4			6781	1027	False	True	subtitle			
6210	кирпич	4			6782	1027	False	True	subtitle			
6211	гениальный	4			6783	1026	False	True	subtitle			
6212	поцеловаться	4			6784	1026	False	True	subtitle			
6213	убеждённый	4			6785	1026	False	True	subtitle			
6214	давний	4			6788	1025	False	True	subtitle			
6215	дурочка	4			6789	1025	False	True	subtitle			
6216	уорд	4			6791	1025	False	True	subtitle			
6217	придавать	4			6792	1024	False	True	subtitle			
6218	стихи	4	2	1645	6792	1681	False	False	raw_surface_fallback	noun	poetry	詩
6219	упорно	4			6793	1024	False	True	subtitle			
6220	формально	4			6794	1024	False	True	subtitle			
6221	наглость	4			6795	1023	False	True	subtitle			
6222	шерсть	4			6796	1023	False	True	subtitle			
6223	лживый	4			6797	1022	False	True	subtitle			
6224	отражение	4			6798	1022	False	True	subtitle			
6225	петля	4			6799	1022	False	True	subtitle			
6226	а-а-а	4			6800	1021	False	True	subtitle			
6227	дрон	4			6801	1021	False	True	subtitle			
6228	инъекция	4			6802	1021	False	True	subtitle			
6229	сера	4			6803	1021	False	True	subtitle			
6230	обзор	4			6804	1020	False	True	subtitle			
6231	сувенир	4			6805	1020	False	True	subtitle			
6232	перевезти	4			6806	1019	False	True	subtitle			
6233	подсудимый	4			6807	1019	False	True	subtitle			
6234	посредник	4			6808	1019	False	True	subtitle			
6235	разнообразие	4			6809	1019	False	True	subtitle			
6236	рычаг	4			6810	1019	False	True	subtitle			
6237	унижение	4			6811	1019	False	True	subtitle			
6238	ча	4			6812	1019	False	True	subtitle			
6239	будка	4			6813	1018	False	True	subtitle			
6240	закрытие	4			6814	1018	False	True	subtitle			
6241	идеал	4	3	2974	6815	1018	False	False	subtitle	noun	ideal	理想
6242	йога	4			6816	1018	False	True	subtitle			
6243	отменяться	4			6817	1018	False	True	subtitle			
6244	братик	4			6818	1017	False	True	subtitle			
6245	выключать	4	1	802	6819	1017	False	False	subtitle	verb	turn off	消す
6246	долой	4			6820	1017	False	True	subtitle			
6247	уэс	4			6821	1017	False	True	subtitle			
6248	слежение	4			6822	1016	False	True	subtitle			
6249	таракан	4			6823	1016	False	True	subtitle			
6250	хе	4			6824	1016	False	True	subtitle			
6251	господний	4			6825	1015	False	True	subtitle			
6252	грудной	4			6826	1015	False	True	subtitle			
6253	продвинуться	4			6827	1015	False	True	subtitle			
6254	фонтан	4			6828	1015	False	True	subtitle			
6255	эльф	4			6829	1015	False	True	subtitle			
6256	бренди	4			6830	1014	False	True	subtitle			
6257	бэт	4			6831	1014	False	True	subtitle			
6258	отзыв	4			6833	1013	False	True	subtitle			
6259	посередине	4			6834	1013	False	True	subtitle			
6260	сорт	4			6835	1013	False	True	subtitle			
6261	шахматы	4			6836	1013	False	True	subtitle			
6262	айзек	4			6837	1012	False	True	subtitle			
6263	баскетбол	4			6838	1012	False	True	subtitle			
6264	десятый	4			6840	1012	False	True	subtitle			
6265	напоминание	4			6841	1012	False	True	subtitle			
6266	неловкий	4			6842	1012	False	True	subtitle			
6267	опекун	4			6843	1012	False	True	subtitle			
6268	проработать	4			6844	1012	False	True	subtitle			
6269	сокращение	4			6845	1012	False	True	subtitle			
6270	брачный	4			6846	1011	False	True	subtitle			
6271	выдвинуть	4			6847	1011	False	True	subtitle			
6272	деревянный	4	3	2255	6848	1011	False	False	subtitle	adj	wooden	木製の
6273	заинтересоваться	4			6849	1011	False	True	subtitle			
6274	приговорить	4			6851	1010	False	True	subtitle			
6275	призывать	4			6852	1010	False	True	subtitle			
6276	широко	4	3	2222	6853	1010	False	False	subtitle	adv	widely	広く
6277	прослушка	4			6854	1009	False	True	subtitle			
6278	госсекретарь	4			6855	1008	False	True	subtitle			
6279	замешательство	4			6856	1008	False	True	subtitle			
6280	запаниковать	4			6857	1008	False	True	subtitle			
6281	карантин	4			6858	1008	False	True	subtitle			
6282	прогноз	4			6859	1008	False	True	subtitle			
6283	скелет	4			6860	1008	False	True	subtitle			
6284	графиня	4			6861	1007	False	True	subtitle			
6285	джаред	4			6862	1007	False	True	subtitle			
6286	заклад	4			6863	1007	False	True	subtitle			
6287	метка	4			6864	1007	False	True	subtitle			
6288	подземный	4			6865	1007	False	True	subtitle			
6289	пэт	4			6866	1007	False	True	subtitle			
6290	балет	4			6868	1006	False	True	subtitle			
6291	кейс	4			6870	1006	False	True	subtitle			
6292	прикалываться	4			6871	1006	False	True	subtitle			
6293	бухта	4			6872	1005	False	True	subtitle			
6294	здоровяк	4			6873	1005	False	True	subtitle			
6295	повстанец	4			6874	1005	False	True	subtitle			
6296	роскошь	4			6875	1005	False	True	subtitle			
6297	усвоить	4			6876	1005	False	True	subtitle			
6298	безумец	4			6877	1004	False	True	subtitle			
6299	возглавить	4			6878	1004	False	True	subtitle			
6300	мишка	4			6879	1004	False	True	subtitle			
6301	табличка	4			6880	1004	False	True	subtitle			
6302	хулиган	4			6881	1004	False	True	subtitle			
6303	выживать	4			6882	1003	False	True	subtitle			
6304	инвалид	4			6884	1003	False	True	subtitle			
6305	срыв	4			6885	1003	False	True	subtitle			
6306	химчистка	4			6886	1003	False	True	subtitle			
6307	медик	4			6887	1002	False	True	subtitle			
6308	молочный	4			6888	1002	False	True	subtitle			
6309	неожиданность	4			6889	1002	False	True	subtitle			
6310	разыграть	4			6890	1002	False	True	subtitle			
6311	распространение	4	3	2441	6891	1002	False	False	subtitle	noun	spread	普及
6312	сердцебиение	4			6892	1002	False	True	subtitle			
6313	серить	4			6893	1002	False	True	subtitle			
6314	угодить	4			6894	1002	False	True	subtitle			
6315	бесконечно	4			6895	1000	False	True	subtitle			
6316	диноззый	4			6897	1000	False	True	subtitle			
6317	лак	4			6898	1000	False	True	subtitle			
6318	платок	4			6899	1000	False	True	subtitle			
6319	беседовать	4			6900	999	False	True	subtitle			
6320	леденец	4			6901	999	False	True	subtitle			
6321	весить	4			6902	998	False	True	subtitle			
6322	лифчик	4			6903	998	False	True	subtitle			
6323	фейсбук	4			6904	998	False	True	subtitle			
6324	г-жа	4			6905	997	False	True	subtitle			
6325	сэкономить	4			6906	997	False	True	subtitle			
6326	начеку	4			6907	996	False	True	subtitle			
6327	присмотр	4			6908	996	False	True	subtitle			
6328	пробежка	4			6909	996	False	True	subtitle			
6329	запросить	4			6910	995	False	True	subtitle			
6330	издалёка	4			6911	995	False	True	subtitle			
6331	мерседес	4			6913	995	False	True	subtitle			
6332	заражение	4			6915	994	False	True	subtitle			
6333	побеседовать	4			6917	994	False	True	subtitle			
6334	правитель	4			6918	994	False	True	subtitle			
6335	продемонстрировать	4			6919	994	False	True	subtitle			
6336	дотронуться	4			6920	993	False	True	subtitle			
6337	вправо	4			6921	992	False	True	subtitle			
6338	вынуть	4			6922	992	False	True	subtitle			
6339	подбородок	4			6923	992	False	True	subtitle			
6340	транспортный	4			6924	992	False	True	subtitle			
6341	отнестись	4			6925	991	False	True	subtitle			
6342	переделать	4			6926	991	False	True	subtitle			
6343	ана	4			6927	989	False	True	subtitle			
6344	вдохновить	4			6928	989	False	True	subtitle			
6345	замереть	4			6930	989	False	True	subtitle			
6346	унизительно	4			6931	989	False	True	subtitle			
6347	гу	4			6932	988	False	True	subtitle			
6348	заморозить	4			6933	988	False	True	subtitle			
6349	фокс	4			6934	988	False	True	subtitle			
6350	дружеский	4			6935	987	False	True	subtitle			
6351	матка	4			6936	987	False	True	subtitle			
6352	одержимость	4			6937	987	False	True	subtitle			
6353	хрупкий	4			6938	987	False	True	subtitle			
6354	атомный	4			6939	986	False	True	subtitle			
6355	биология	4			6940	986	False	True	subtitle			
6356	комплект	4			6941	986	False	True	subtitle			
6357	коммунист	4	3	2837	6942	985	False	False	subtitle	noun	communist	共産主義者
6358	утешить	4			6943	985	False	True	subtitle			
6359	нажимать	4			6945	984	False	True	subtitle			
6360	светиться	4			6946	984	False	True	subtitle			
6361	начистоту	4			6947	983	False	True	subtitle			
6362	обход	4			6948	983	False	True	subtitle			
6363	стерлинг	4			6949	982	False	True	subtitle			
6364	архитектор	4			6950	979	False	True	subtitle			
6365	беженец	4			6951	979	False	True	subtitle			
6366	донести	4			6952	979	False	True	subtitle			
6367	простуда	4			6953	979	False	True	subtitle			
6368	пё	4			6954	979	False	True	subtitle			
6369	револьвер	4			6955	979	False	True	subtitle			
6370	аспирин	4			6956	978	False	True	subtitle			
6371	грандиозный	4			6957	978	False	True	subtitle			
6372	заразиться	4			6958	978	False	True	subtitle			
6373	по-разному	4			6959	978	False	True	subtitle			
6374	вплоть	4			6960	977	False	True	subtitle			
6375	пожизненный	4			6961	977	False	True	subtitle			
6376	помойка	4			6962	977	False	True	subtitle			
6377	пророчество	4			6963	977	False	True	subtitle			
6378	заголовок	4			6964	976	False	True	subtitle			
6379	гавань	4			6965	975	False	True	subtitle			
6380	паршиво	4			6966	975	False	True	subtitle			
6381	прачечная	4			6967	975	False	True	subtitle			
6382	треть	4			6969	975	False	True	subtitle			
6383	чиновник	4	2	1972	6970	975	False	False	subtitle	noun	official	官僚
6384	бедствие	4			6971	974	False	True	subtitle			
6385	наводка	4			6973	974	False	True	subtitle			
6386	отстойный	4			6974	974	False	True	subtitle			
6387	придать	4			6975	974	False	True	subtitle			
6388	лимонад	4			6978	973	False	True	subtitle			
6389	негде	4			6979	973	False	True	subtitle			
6390	стероид	4			6980	973	False	True	subtitle			
6391	бабло	4			6981	972	False	True	subtitle			
6392	исполнитель	4			6983	972	False	True	subtitle			
6393	ощутить	4			6984	972	False	True	subtitle			
6394	покурить	4			6985	972	False	True	subtitle			
6395	финансирование	4	3	2923	6986	972	False	False	subtitle	noun	financing	資金調達
6396	каменный	4	3	2379	6988	971	False	False	subtitle	adj	stone	石の
6397	крыльцо	4			6989	971	False	True	subtitle			
6398	обеспечивать	4	2	1831	6990	971	False	False	subtitle	verb	provide	供給する
6399	посмеяться	4			6991	971	False	True	subtitle			
6400	трек	4			6992	971	False	True	subtitle			
6401	умение	4	3	2452	6993	971	False	False	subtitle	noun	skill	技能
6402	экземпляр	4			6994	971	False	True	subtitle			
6403	заяц	4			6995	970	False	True	subtitle			
6404	мара	4			6996	970	False	True	subtitle			
6405	бич	4			6997	969	False	True	subtitle			
6406	жилет	4			6998	969	False	True	subtitle			
6407	жилец	4			6999	969	False	True	subtitle			
6408	куриный	4			7000	969	False	True	subtitle			
6409	металлический	4			7001	969	False	True	subtitle			
6410	убеждать	4			7003	969	False	True	subtitle			
6411	угощать	4			7004	969	False	True	subtitle			
6412	диктор	4			7005	968	False	True	subtitle			
6413	талисман	4			7006	968	False	True	subtitle			
6414	доставаться	4			7007	967	False	True	subtitle			
6415	обстоять	4			7008	967	False	True	subtitle			
6416	певица	4			7009	967	False	True	subtitle			
6417	подхватить	4			7010	967	False	True	subtitle			
6418	слезть	4			7011	967	False	True	subtitle			
6419	автомобильный	4			7013	966	False	True	subtitle			
6420	вытянуть	4			7014	966	False	True	subtitle			
6421	забастовка	4			7015	966	False	True	subtitle			
6422	опасаться	4			7016	966	False	True	subtitle			
6423	терапевт	4			7017	966	False	True	subtitle			
6424	бровь	4			7018	965	False	True	subtitle			
6425	вытереть	4			7020	965	False	True	subtitle			
6426	толстяк	4			7021	965	False	True	subtitle			
6427	трясти	4			7022	965	False	True	subtitle			
6428	агрессия	4			7023	964	False	True	subtitle			
6429	взаперти	4			7024	964	False	True	subtitle			
6430	осторожность	4			7025	964	False	True	subtitle			
6431	забава	4			7026	963	False	True	subtitle			
6432	стирка	4			7028	963	False	True	subtitle			
6433	десяток	4	2	1586	7029	962	False	False	subtitle	noun	dozen	十ほど
6434	приготовление	4			7030	962	False	True	subtitle			
6435	сыпь	4			7031	962	False	True	subtitle			
6436	ху	4			7032	962	False	True	subtitle			
6437	кт	4			7033	961	False	True	subtitle			
6438	лабиринт	4			7034	961	False	True	subtitle			
6439	обучить	4			7035	961	False	True	subtitle			
6440	общий-то	4			7036	961	False	True	subtitle			
6441	припомнить	4			7037	961	False	True	subtitle			
6442	успокаивать	4			7038	961	False	True	subtitle			
6443	зависть	4			7040	960	False	True	subtitle			
6444	нед	4			7041	960	False	True	subtitle			
6445	раздевалка	4			7042	960	False	True	subtitle			
6446	сходство	4			7043	960	False	True	subtitle			
6447	теоретически	4			7044	960	False	True	subtitle			
6448	арена	4			7045	959	False	True	subtitle			
6449	гусь	4			7046	959	False	True	subtitle			
6450	нэйт	4			7047	959	False	True	subtitle			
6451	отмена	4			7048	959	False	True	subtitle			
6452	окружать	4	3	2860	7050	958	False	False	subtitle	verb	surround	取り囲む
6453	подкупить	4			7051	958	False	True	subtitle			
6454	реай	4			7052	958	False	True	subtitle			
6455	неужто	4			7053	957	False	True	subtitle			
6456	павел	4	3	2096	7054	957	False	False	subtitle	noun	Pavel	パーヴェル
6457	паром	4			7055	957	False	True	subtitle			
6458	греческий	4			7057	956	False	True	subtitle			
6459	заподозрить	4			7058	956	False	True	subtitle			
6460	испугать	4			7059	956	False	True	subtitle			
6461	пощадить	4			7060	956	False	True	subtitle			
6462	пятёрка	4			7061	956	False	True	subtitle			
6463	республиканец	4			7062	956	False	True	subtitle			
6464	розыгрыш	4			7063	956	False	True	subtitle			
6465	танцовщица	4			7064	956	False	True	subtitle			
6466	выдаться	4			7065	955	False	True	subtitle			
6467	инвестиция	4	3	2384	7066	955	False	False	subtitle	noun	investment	投資
6468	оперативник	4			7067	955	False	True	subtitle			
6469	печенька	4			7068	955	False	True	subtitle			
6470	квино	4			7069	954	False	True	subtitle			
6471	надавить	4			7070	954	False	True	subtitle			
6472	накормить	4			7071	954	False	True	subtitle			
6473	психушка	4			7072	954	False	True	subtitle			
6474	семейство	4			7073	954	False	True	subtitle			
6475	сожрать	4			7074	954	False	True	subtitle			
6476	араб	4			7075	953	False	True	subtitle			
6477	отчим	4			7076	953	False	True	subtitle			
6478	твиттер	4			7077	953	False	True	subtitle			
6479	делишки	4			7078	952	False	True	subtitle			
6480	заманчивый	4			7079	952	False	True	subtitle			
6481	газировка	4			7081	951	False	True	subtitle			
6482	дейл	4			7082	951	False	True	subtitle			
6483	крестьянин	4	3	2307	7083	951	False	False	subtitle	noun	peasant	農民
6484	напролёт	4			7084	951	False	True	subtitle			
6485	насмерть	4			7085	951	False	True	subtitle			
6486	прошение	4			7086	951	False	True	subtitle			
6487	фелисити	4			7088	951	False	True	subtitle			
6488	гленна	4			7090	950	False	True	subtitle			
6489	инфаркт	4			7091	950	False	True	subtitle			
6490	фонарик	4			7092	950	False	True	subtitle			
6491	изоляция	4			7094	949	False	True	subtitle			
6492	математик	4			7095	949	False	True	subtitle			
6493	пригород	4			7096	949	False	True	subtitle			
6494	разузнать	4			7097	949	False	True	subtitle			
6495	заявиться	4			7098	948	False	True	subtitle			
6496	фантастический	4			7099	948	False	True	subtitle			
6497	кондиционер	4			7100	947	False	True	subtitle			
6498	нмю	4			7101	947	False	True	subtitle			
6499	обезьянка	4			7102	947	False	True	subtitle			
6500	паранойя	4			7103	947	False	True	subtitle			
6501	помириться	4			7104	947	False	True	subtitle			
6502	бремя	4			7105	946	False	True	subtitle			
6503	привод	4			7106	946	False	True	subtitle			
6504	тунец	4			7107	946	False	True	subtitle			
6505	грустить	4			7108	945	False	True	subtitle			
6506	иголка	4			7110	945	False	True	subtitle			
6507	вручить	4			7112	944	False	True	subtitle			
6508	кашель	4			7113	944	False	True	subtitle			
6509	окрестность	4			7114	944	False	True	subtitle			
6510	тяжесть	4			7115	944	False	True	subtitle			
6511	ук	4			7116	944	False	True	subtitle			
6512	эбигейл	4			7117	944	False	True	subtitle			
6513	аномалия	4			7118	943	False	True	subtitle			
6514	латынь	4			7119	943	False	True	subtitle			
6515	монк	4			7120	943	False	True	subtitle			
6516	пирамида	4			7122	943	False	True	subtitle			
6517	уголь	4			7124	943	False	True	subtitle			
6518	эгоист	4			7125	943	False	True	subtitle			
6519	британец	4			7126	942	False	True	subtitle			
6520	вздор	4			7128	942	False	True	subtitle			
6521	иена	4			7129	942	False	True	subtitle			
6522	конституция	4	3	2723	7130	942	False	False	subtitle	noun	constitution	憲法
6523	прикроить	4			7131	942	False	True	subtitle			
6524	флэш	4			7132	942	False	True	subtitle			
6525	эрня	4			7133	942	False	True	subtitle			
6526	баллотироваться	4			7134	941	False	True	subtitle			
6527	ирландец	4			7135	941	False	True	subtitle			
6528	маяк	4			7136	941	False	True	subtitle			
6529	путешественник	4			7139	941	False	True	subtitle			
6530	ладненький	4			7143	940	False	True	subtitle			
6531	превосходительство	4			7144	940	False	True	subtitle			
6532	сироп	4			7145	940	False	True	subtitle			
6533	надуть	4			7146	939	False	True	subtitle			
6534	капитал	4	2	1730	7147	938	False	False	subtitle	noun	capital	資本
6535	мастерство	4			7148	938	False	True	subtitle			
6536	осложнение	4			7149	938	False	True	subtitle			
6537	основатель	4			7150	938	False	True	subtitle			
6538	истерика	4			7152	937	False	True	subtitle			
6539	поделить	4			7153	937	False	True	subtitle			
6540	вправе	4			7154	936	False	True	subtitle			
6541	изумительно	4			7155	936	False	True	subtitle			
6542	ненастоящий	4			7156	936	False	True	subtitle			
6543	прикосновение	4			7157	936	False	True	subtitle			
6544	эффективный	4	2	1824	7158	936	False	False	subtitle	adj	effective	効果的な
6545	гон	4			7159	935	False	True	subtitle			
6546	загадать	4			7160	934	False	True	subtitle			
6547	обходиться	4			7161	934	False	True	subtitle			
6548	плакат	4			7162	934	False	True	subtitle			
6549	пизда	4			7163	933	False	True	subtitle			
6550	расслышать	4			7164	933	False	True	subtitle			
6551	спиртное	4			7165	933	False	True	subtitle			
6552	упоминание	4			7166	933	False	True	subtitle			
6553	шаттл	4			7167	933	False	True	subtitle			
6554	выполнение	4	2	1788	7168	932	False	False	subtitle	noun	fulfillment	遂行
6555	нянька	4			7169	932	False	True	subtitle			
6556	ветеран	4			7170	931	False	True	subtitle			
6557	взнос	4			7171	931	False	True	subtitle			
6558	возбуждать	4			7172	931	False	True	subtitle			
6559	напечатать	4			7174	931	False	True	subtitle			
6560	небось	4			7175	931	False	True	subtitle			
6561	осесть	4			7176	931	False	True	subtitle			
6562	отказывать	4			7177	931	False	True	subtitle			
6563	подделать	4			7178	931	False	True	subtitle			
6564	спускать	4			7179	931	False	True	subtitle			
6565	забег	4			7180	930	False	True	subtitle			
6566	всеобщий	4	3	2751	7183	929	False	False	subtitle	adj	universal, general	全般的な
6567	государь	4			7184	929	False	True	subtitle			
6568	мелить	4			7185	929	False	True	subtitle			
6569	сергей	4	2	1211	7186	929	False	False	subtitle	noun	Sergei (name)	セルゲイ(人名)
6570	уберечь	4			7187	929	False	True	subtitle			
6571	эммета	4			7188	929	False	True	subtitle			
6572	вдохнуть	4			7189	928	False	True	subtitle			
6573	монетка	4			7191	928	False	True	subtitle			
6574	нафиг	4			7192	928	False	True	subtitle			
6575	невредимый	4			7193	928	False	True	subtitle			
6576	презирать	4			7194	928	False	True	subtitle			
6577	сбивать	4			7195	927	False	True	subtitle			
6578	соло	4			7196	927	False	True	subtitle			
6579	копьё	4			7198	926	False	True	subtitle			
6580	подышать	4			7199	926	False	True	subtitle			
6581	поругаться	4			7200	926	False	True	subtitle			
6582	убедительный	4			7201	926	False	True	subtitle			
6583	жадность	4			7202	925	False	True	subtitle			
6584	продлиться	4			7203	925	False	True	subtitle			
6585	столкнуть	4			7204	925	False	True	subtitle			
6586	тэмми	4			7205	925	False	True	subtitle			
6587	участь	4			7206	925	False	True	subtitle			
6588	макароны	4			7207	924	False	True	subtitle			
6589	альянс	4			7208	923	False	True	subtitle			
6590	находка	4			7209	923	False	True	subtitle			
6591	наёмник	4			7210	923	False	True	subtitle			
6592	полпути	4			7211	923	False	True	subtitle			
6593	джой	4			7212	922	False	True	subtitle			
6594	задыхаться	4			7213	922	False	True	subtitle			
6595	претензия	4			7214	922	False	True	subtitle			
6596	иностранец	4			7216	921	False	True	subtitle			
6597	кран	4			7217	921	False	True	subtitle			
6598	накануне	4			7218	921	False	True	subtitle			
6599	подменить	4			7219	921	False	True	subtitle			
6600	предоставлять	4	3	2720	7220	921	False	False	subtitle	verb	provide	提供する
6601	явный	4	3	2825	7222	921	False	False	subtitle	adj	obvious	明白な
6602	вращаться	4			7223	920	False	True	subtitle			
6603	оранжевый	4			7224	920	False	True	subtitle			
6604	погибший	4			7226	920	False	True	subtitle			
6605	раскрывать	4			7227	920	False	True	subtitle			
6606	хот-дог	4			7228	920	False	True	subtitle			
6607	звон	4			7229	919	False	True	subtitle			
6608	нежно	4			7231	919	False	True	subtitle			
6609	столб	4			7233	919	False	True	subtitle			
6610	церковный	4			7234	919	False	True	subtitle			
6611	злить	4			7236	918	False	True	subtitle			
6612	кепка	4			7238	918	False	True	subtitle			
6613	лечиться	4			7239	918	False	True	subtitle			
6614	портфель	4			7240	918	False	True	subtitle			
6615	садовник	4			7241	918	False	True	subtitle			
6616	чета	4			7242	918	False	True	subtitle			
6617	обочина	4			7243	917	False	True	subtitle			
6618	выявить	4			7244	916	False	True	subtitle			
6619	графика	4			7245	916	False	True	subtitle			
6620	европейский	4	2	1492	7246	916	False	False	subtitle	adj	European	ヨーロッパの
6621	мясной	4			7247	916	False	True	subtitle			
6622	апокалипсис	4			7248	915	False	True	subtitle			
6623	неизбежно	4			7249	915	False	True	subtitle			
6624	римлянин	4			7250	915	False	True	subtitle			
6625	сговор	4			7251	915	False	True	subtitle			
6626	сенсор	4			7252	915	False	True	subtitle			
6627	известие	4			7253	914	False	True	subtitle			
6628	реплика	4			7254	914	False	True	subtitle			
6629	трогательно	4			7255	914	False	True	subtitle			
6630	дельта	4			7258	912	False	True	subtitle			
6631	по-испански	4			7259	912	False	True	subtitle			
6632	тропа	4			7260	912	False	True	subtitle			
6633	престол	4			7261	911	False	True	subtitle			
6634	девственность	4			7262	910	False	True	subtitle			
6635	локоть	4			7263	910	False	True	subtitle			
6636	одурачить	4			7264	910	False	True	subtitle			
6637	правительственный	4			7265	910	False	True	subtitle			
6638	срабатывать	4			7266	910	False	True	subtitle			
6639	бл	4			7267	909	False	True	subtitle			
6640	вулкан	4			7268	909	False	True	subtitle			
6641	звено	4			7269	909	False	True	subtitle			
6642	навечно	4			7270	909	False	True	subtitle			
6643	ненормально	4			7271	909	False	True	subtitle			
6644	охренеть	4			7272	909	False	True	subtitle			
6645	паниковать	4			7273	909	False	True	subtitle			
6646	шестьдесят	4			7274	909	False	True	subtitle			
6647	двойник	4			7275	908	False	True	subtitle			
6648	квитанция	4			7276	908	False	True	subtitle			
6649	оригинал	4			7277	908	False	True	subtitle			
6650	странность	4			7278	908	False	True	subtitle			
6651	засадить	4			7279	907	False	True	subtitle			
6652	подеваться	4			7281	907	False	True	subtitle			
6653	смыться	4			7282	907	False	True	subtitle			
6654	барьер	4			7284	906	False	True	subtitle			
6655	гласить	4			7285	906	False	True	subtitle			
6656	отсчёт	4			7287	906	False	True	subtitle			
6657	париться	4			7288	906	False	True	subtitle			
6658	повозка	4			7289	906	False	True	subtitle			
6659	прихватить	4			7290	906	False	True	subtitle			
6660	развернуться	4			7291	906	False	True	subtitle			
6661	тесно	4			7292	906	False	True	subtitle			
6662	френк	4			7294	906	False	True	subtitle			
6663	вентиляция	4			7295	905	False	True	subtitle			
6664	дразнить	4			7296	905	False	True	subtitle			
6665	ожидаться	4			7298	905	False	True	subtitle			
6666	зерно	4			7299	904	False	True	subtitle			
6667	пуговица	4			7300	904	False	True	subtitle			
6668	пьяница	4			7301	904	False	True	subtitle			
6669	складываться	4			7302	904	False	True	subtitle			
6670	сочетание	4			7303	904	False	True	subtitle			
6671	уловить	4			7304	904	False	True	subtitle			
6672	перемирие	4			7305	903	False	True	subtitle			
6673	смыть	4			7306	903	False	True	subtitle			
6674	спрыгнуть	4			7307	903	False	True	subtitle			
6675	бин	4			7308	902	False	True	subtitle			
6676	гоняться	4			7309	902	False	True	subtitle			
6677	потрудиться	4			7310	902	False	True	subtitle			
6678	пэтти	4			7311	902	False	True	subtitle			
6679	грясти	4			7312	901	False	True	subtitle			
6680	дикарь	4			7313	901	False	True	subtitle			
6681	вопреки	4			7314	900	False	True	subtitle			
6682	посмешище	4			7315	900	False	True	subtitle			
6683	престон	4			7316	900	False	True	subtitle			
6684	сопровождение	4			7318	900	False	True	subtitle			
6685	духовка	4			7320	899	False	True	subtitle			
6686	итальянец	4			7321	899	False	True	subtitle			
6687	парус	4			7322	899	False	True	subtitle			
6688	рановато	4			7323	899	False	True	subtitle			
6689	фара	4			7324	898	False	True	subtitle			
6690	виза	4			7326	897	False	True	subtitle			
6691	расширить	4			7327	897	False	True	subtitle			
6692	компромисс	4			7328	896	False	True	subtitle			
6693	наносить	4			7329	896	False	True	subtitle			
6694	сохранение	4	3	2450	7330	896	False	False	subtitle	noun	preservation	保存
6695	скинуть	4			7331	895	False	True	subtitle			
6696	то-то	4			7332	895	False	True	subtitle			
6697	бритва	4			7333	894	False	True	subtitle			
6698	инструктор	4			7334	894	False	True	subtitle			
6699	исповедь	4			7335	894	False	True	subtitle			
6700	праздничный	4			7336	894	False	True	subtitle			
6701	з	4			7337	893	False	True	subtitle			
6702	неуважение	4			7338	893	False	True	subtitle			
6703	раскрой	4			7339	893	False	True	subtitle			
6704	слезать	4			7340	893	False	True	subtitle			
6705	сова	4			7341	893	False	True	subtitle			
6706	эт	4			7342	893	False	True	subtitle			
6707	аш	4			7343	892	False	True	subtitle			
6708	бяе	4			7344	892	False	True	subtitle			
6709	советский	4	2	1072	7345	892	False	False	subtitle	adj	Soviet	ソビエトの
6710	уборщик	4			7346	892	False	True	subtitle			
6711	феникс	4			7347	892	False	True	subtitle			
6712	чи	4			7348	892	False	True	subtitle			
6713	провинция	4			7349	891	False	True	subtitle			
6714	шафер	4			7350	891	False	True	subtitle			
6715	гаррет	4			7351	890	False	True	subtitle			
6716	активировать	4			7352	889	False	True	subtitle			
6717	брэдлить	4			7353	889	False	True	subtitle			
6718	проституция	4			7354	889	False	True	subtitle			
6719	факультет	4	3	2854	7356	889	False	False	subtitle	noun	faculty, department	学部
6720	хэл	4			7357	889	False	True	subtitle			
6721	параноик	4			7359	888	False	True	subtitle			
6722	сохраниться	4	3	2635	7360	888	False	False	subtitle	verb	be preserved	保存される
6723	чудно	4			7361	888	False	True	subtitle			
6724	беспомощный	4			7362	887	False	True	subtitle			
6725	бунт	4			7363	887	False	True	subtitle			
6726	расставание	4			7365	887	False	True	subtitle			
6727	запутать	4			7367	886	False	True	subtitle			
6728	контрольный	4			7368	886	False	True	subtitle			
6729	реанимация	4			7371	886	False	True	subtitle			
6730	спровоцировать	4			7372	886	False	True	subtitle			
6731	входной	4			7373	885	False	True	subtitle			
6732	кубик	4			7374	885	False	True	subtitle			
6733	кукуруза	4			7375	885	False	True	subtitle			
6734	вест	4			7376	884	False	True	subtitle			
6735	дке	4			7377	884	False	True	subtitle			
6736	надзор	4			7378	884	False	True	subtitle			
6737	обезболивать	4			7379	884	False	True	subtitle			
6738	сбиться	4			7380	884	False	True	subtitle			
6739	гормон	4			7382	883	False	True	subtitle			
6740	жулик	4			7383	883	False	True	subtitle			
6741	летучий	4			7384	883	False	True	subtitle			
6742	муравей	4			7386	883	False	True	subtitle			
6743	пудинг	4			7387	883	False	True	subtitle			
6744	рабство	4			7388	883	False	True	subtitle			
6745	убедительно	4			7389	883	False	True	subtitle			
6746	гигант	4			7390	882	False	True	subtitle			
6747	йогурт	4			7391	882	False	True	subtitle			
6748	канализация	4			7392	882	False	True	subtitle			
6749	обалдеть	4			7393	882	False	True	subtitle			
6750	обсуждаться	4			7394	882	False	True	subtitle			
6751	пр	4			7395	882	False	True	subtitle			
6752	смутить	4			7396	882	False	True	subtitle			
6753	бешеный	4			7398	881	False	True	subtitle			
6754	чудом	4			7400	880	False	True	subtitle			
6755	матрас	4			7401	879	False	True	subtitle			
6756	припарковаться	4			7402	879	False	True	subtitle			
6757	монахиня	4			7403	878	False	True	subtitle			
6758	супермен	4			7404	878	False	True	subtitle			
6759	вводить	4			7405	877	False	True	subtitle			
6760	нереально	4			7407	877	False	True	subtitle			
6761	творческий	4	2	1798	7408	877	False	False	subtitle	adj	creative	創造的な
6762	умудриться	4			7409	877	False	True	subtitle			
6763	эддисон	4			7410	877	False	True	subtitle			
6764	концепция	4	2	1977	7412	876	False	False	subtitle	noun	concept	概念
6765	огнестрельный	4			7413	876	False	True	subtitle			
6766	оправдывать	4			7414	876	False	True	subtitle			
6767	проповедь	4			7415	876	False	True	subtitle			
6768	чха	4			7416	876	False	True	subtitle			
6769	покормить	4			7417	875	False	True	subtitle			
6770	франсин	4			7419	875	False	True	subtitle			
6771	ввс	4			7420	874	False	True	subtitle			
6772	впредь	4			7421	874	False	True	subtitle			
6773	передатчик	4			7422	873	False	True	subtitle			
6774	мгновенно	4			7423	872	False	True	subtitle			
6775	бойло	4			7424	871	False	True	subtitle			
6776	грузовой	4			7425	871	False	True	subtitle			
6777	католик	4			7426	871	False	True	subtitle			
6778	маркиз	4			7428	871	False	True	subtitle			
6779	мышление	4	3	2236	7429	871	False	False	subtitle	noun	thinking	思考
6780	андрей	4	2	1277	7430	870	False	False	subtitle	noun	Andrei (name)	アンドレイ(人名)
6781	разрезать	4			7431	870	False	True	subtitle			
6782	чистка	4			7432	870	False	True	subtitle			
6783	глазок	4			7433	869	False	True	subtitle			
6784	домогательство	4			7434	869	False	True	subtitle			
6785	карлик	4			7435	869	False	True	subtitle			
6786	покрепче	4			7436	869	False	True	subtitle			
6787	сыворотка	4			7437	869	False	True	subtitle			
6788	клюшка	4			7439	868	False	True	subtitle			
6789	маловероятный	4			7440	868	False	True	subtitle			
6790	усыновить	4			7442	868	False	True	subtitle			
6791	бессмыслица	4			7443	867	False	True	subtitle			
6792	бойня	4			7444	867	False	True	subtitle			
6793	величие	4			7445	867	False	True	subtitle			
6794	печатать	4			7446	867	False	True	subtitle			
6795	пентагон	4			7448	866	False	True	subtitle			
6796	постучать	4			7449	866	False	True	subtitle			
6797	пристать	4			7450	866	False	True	subtitle			
6798	разбивать	4			7451	866	False	True	subtitle			
6799	регион	4	2	1383	7452	866	False	False	subtitle	noun	region	地域
6800	резкий	4	3	2286	7453	866	False	False	subtitle	adj	sharp	鋭い
6801	утопить	4			7454	866	False	True	subtitle			
6802	шиллинг	4			7455	866	False	True	subtitle			
6803	бедность	4			7456	865	False	True	subtitle			
6804	дёргаться	4			7457	865	False	True	subtitle			
6805	ленивый	4			7458	865	False	True	subtitle			
6806	поединок	4			7459	865	False	True	subtitle			
6807	упаковать	4			7460	865	False	True	subtitle			
6808	чудной	4			7461	865	False	True	subtitle			
6809	блокнот	4			7463	864	False	True	subtitle			
6810	выдумка	4			7464	864	False	True	subtitle			
6811	рвота	4			7465	864	False	True	subtitle			
6812	говядина	4			7467	863	False	True	subtitle			
6813	мортить	4			7469	863	False	True	subtitle			
6814	превзойти	4			7470	863	False	True	subtitle			
6815	взбеситься	4			7471	862	False	True	subtitle			
6816	куратор	4			7472	862	False	True	subtitle			
6817	невинность	4			7473	862	False	True	subtitle			
6818	хиппи	4			7475	862	False	True	subtitle			
6819	пантера	4			7476	861	False	True	subtitle			
6820	бакстер	4			7478	860	False	True	subtitle			
6821	монитор	4			7480	860	False	True	subtitle			
6822	подлый	4			7481	860	False	True	subtitle			
6823	свихнуться	4			7482	860	False	True	subtitle			
6824	слабо	4			7483	860	False	True	subtitle			
6825	дружелюбный	4			7484	859	False	True	subtitle			
6826	дядюшка	4			7485	859	False	True	subtitle			
6827	марафон	4			7486	859	False	True	subtitle			
6828	пирожок	4			7487	859	False	True	subtitle			
6829	проезд	4			7488	859	False	True	subtitle			
6830	строка	4	3	2031	7489	859	False	False	subtitle	noun	line	行
6831	увлекаться	4			7490	859	False	True	subtitle			
6832	возмутительно	4			7491	858	False	True	subtitle			
6833	впорядок	4			7492	858	False	True	subtitle			
6834	даваться	4			7493	858	False	True	subtitle			
6835	желе	4			7494	858	False	True	subtitle			
6836	изабелла	4			7495	858	False	True	subtitle			
6837	молодчина	4			7496	858	False	True	subtitle			
6838	спрос	4	3	2288	7498	858	False	False	subtitle	noun	demand	需要
6839	бурбон	4			7499	857	False	True	subtitle			
6840	коль	4			7500	857	False	True	subtitle			
6841	ну-ну	4			7501	857	False	True	subtitle			
6842	определиться	4			7502	857	False	True	subtitle			
6843	флинт	4			7504	857	False	True	subtitle			
6844	цитировать	4			7505	857	False	True	subtitle			
6845	затянуться	4			7506	856	False	True	subtitle			
6846	тот-то	4			7507	856	False	True	subtitle			
6847	кроссовок	4			7508	855	False	True	subtitle			
6848	марси	4			7509	855	False	True	subtitle			
6849	отвращение	4			7510	855	False	True	subtitle			
6850	световой	4			7511	855	False	True	subtitle			
6851	скорбь	4			7512	855	False	True	subtitle			
6852	уведомление	4			7513	855	False	True	subtitle			
6853	зажигалка	4			7514	854	False	True	subtitle			
6854	зажим	4			7515	854	False	True	subtitle			
6855	мусульманин	4			7516	854	False	True	subtitle			
6856	обидеться	4			7517	854	False	True	subtitle			
6857	тошнота	4			7518	854	False	True	subtitle			
6858	газа	4			7519	853	False	True	subtitle			
6859	допускать	4			7520	853	False	True	subtitle			
6860	дуга	4			7521	853	False	True	subtitle			
6861	икс	4			7522	853	False	True	subtitle			
6862	морпех	4			7523	853	False	True	subtitle			
6863	наруто	4			7524	853	False	True	subtitle			
6864	поступление	4			7525	853	False	True	subtitle			
6865	пошевеливаться	4			7526	853	False	True	subtitle			
6866	тревожный	4			7528	853	False	True	subtitle			
6867	гудок	4			7529	852	False	True	subtitle			
6868	лёгкое	4			7530	852	False	True	subtitle			
6869	уйма	4			7531	852	False	True	subtitle			
6870	опередить	4			7533	851	False	True	subtitle			
6871	оценивать	4	3	2714	7534	851	False	False	subtitle	verb	evaluate	評価する
6872	сотрясение	4			7535	851	False	True	subtitle			
6873	тупо	4			7536	851	False	True	subtitle			
6874	этика	4			7537	851	False	True	subtitle			
6875	джаспереть	4			7538	850	False	True	subtitle			
6876	идти-ка	4			7539	850	False	True	subtitle			
6877	омлет	4			7540	850	False	True	subtitle			
6878	преступный	4			7541	850	False	True	subtitle			
6879	тайком	4			7542	850	False	True	subtitle			
6880	безнадёжно	4			7544	849	False	True	subtitle			
6881	дикона	4			7545	849	False	True	subtitle			
6882	лис	4			7546	849	False	True	subtitle			
6883	м-м	4			7547	849	False	True	subtitle			
6884	николай	4	2	1499	7548	849	False	False	subtitle	noun	Nikolai (name)	ニコライ(人名)
6885	приветствие	4			7549	849	False	True	subtitle			
6886	уступить	4			7550	849	False	True	subtitle			
6887	юстиция	4			7551	849	False	True	subtitle			
6888	ввязаться	4			7552	848	False	True	subtitle			
6889	высказаться	4			7553	848	False	True	subtitle			
6890	мороженный	4			7556	848	False	True	subtitle			
6891	пехота	4			7557	848	False	True	subtitle			
6892	полезть	4			7558	848	False	True	subtitle			
6893	антибиотик	4			7559	847	False	True	subtitle			
6894	нищий	4			7561	847	False	True	subtitle			
6895	расплата	4			7562	847	False	True	subtitle			
6896	волосок	4			7564	846	False	True	subtitle			
6897	завестись	4			7565	846	False	True	subtitle			
6898	интерн	4			7566	846	False	True	subtitle			
6899	любопытный	4			7567	846	False	True	subtitle			
6900	перебор	4			7568	846	False	True	subtitle			
6901	успевать	4			7569	846	False	True	subtitle			
6902	гном	4			7570	845	False	True	subtitle			
6903	горячее	4			7571	845	False	True	subtitle			
6904	жрать	4			7572	845	False	True	subtitle			
6905	увеличение	4	2	1993	7573	845	False	False	subtitle	noun	increase	増加
6906	учебник	4	3	2948	7574	845	False	False	subtitle	noun	textbook	教科書
6907	привязанность	4			7576	844	False	True	subtitle			
6908	вини	4			7577	843	False	True	subtitle			
6909	кев	4			7578	843	False	True	subtitle			
6910	письменный	4			7579	843	False	True	subtitle			
6911	поимка	4			7580	843	False	True	subtitle			
6912	предстать	4			7581	843	False	True	subtitle			
6913	банкет	4			7582	842	False	True	subtitle			
6914	кол	4			7583	842	False	True	subtitle			
6915	смешить	4			7584	842	False	True	subtitle			
6916	куколка	4			7585	841	False	True	subtitle			
6917	хитрость	4			7586	841	False	True	subtitle			
6918	накачать	4			7588	840	False	True	subtitle			
6919	рейнджер	4			7589	840	False	True	subtitle			
6920	сайласа	4			7590	840	False	True	subtitle			
6921	сразиться	4			7592	840	False	True	subtitle			
6922	ссылка	4	2	1794	7593	840	False	False	subtitle	noun	link	リンク
6923	хэтти	4			7594	840	False	True	subtitle			
6924	многочисленный	4	2	1969	7595	839	False	False	subtitle	adj	numerous	多数の
6925	немногий	4			7596	839	False	True	subtitle			
6926	припадок	4			7597	839	False	True	subtitle			
6927	воплощение	4			7598	838	False	True	subtitle			
6928	избиратель	4			7599	838	False	True	subtitle			
6929	индийский	4			7600	838	False	True	subtitle			
6930	инсульт	4			7601	838	False	True	subtitle			
6931	ноэль	4			7602	838	False	True	subtitle			
6932	по-быстрому	4			7603	838	False	True	subtitle			
6933	пожать	4			7604	838	False	True	subtitle			
6934	холостяк	4			7605	838	False	True	subtitle			
6935	кидать	4			7606	837	False	True	subtitle			
6936	плюнуть	4			7607	837	False	True	subtitle			
6937	скакать	4			7608	837	False	True	subtitle			
6938	береговой	4			7609	836	False	True	subtitle			
6939	примерить	4			7610	836	False	True	subtitle			
6940	рота	4			7611	836	False	True	subtitle			
6941	уф	4			7612	836	False	True	subtitle			
6942	сть	4			7614	835	False	True	subtitle			
6943	трудить	4			7615	835	False	True	subtitle			
6944	хэ	4			7616	835	False	True	subtitle			
6945	испытательный	4			7617	834	False	True	subtitle			
6946	оперативный	4			7619	834	False	True	subtitle			
6947	содержимое	4			7620	834	False	True	subtitle			
6948	корм	4			7623	833	False	True	subtitle			
6949	мурашки	4			7624	833	False	True	subtitle			
6950	половинка	4			7625	833	False	True	subtitle			
6951	самочувствие	4			7626	833	False	True	subtitle			
6952	совать	4			7627	833	False	True	subtitle			
6953	альтернатива	4			7628	832	False	True	subtitle			
6954	афера	4			7629	832	False	True	subtitle			
6955	отсидеть	4			7630	832	False	True	subtitle			
6956	положим	4			7631	832	False	True	subtitle			
6957	дёшево	4			7632	831	False	True	subtitle			
6958	пощада	4			7633	831	False	True	subtitle			
6959	бонус	4			7634	830	False	True	subtitle			
6960	борец	4			7635	830	False	True	subtitle			
6961	бросаться	4			7636	830	False	True	subtitle			
6962	утверждение	4	3	2267	7637	830	False	False	subtitle	noun	statement	主張
6963	хоронить	4			7638	830	False	True	subtitle			
6964	вылетать	4			7639	829	False	True	subtitle			
6965	вышка	4			7640	829	False	True	subtitle			
6966	горный	4	3	2773	7641	829	False	False	subtitle	adj	mountain (adj)	山の
6967	му	4			7642	829	False	True	subtitle			
6968	сонный	4			7643	829	False	True	subtitle			
6969	блэк	4			7644	828	False	True	subtitle			
6970	выслушивать	4			7645	828	False	True	subtitle			
6971	изобразить	4			7647	828	False	True	subtitle			
6972	квинна	4			7648	828	False	True	subtitle			
6973	отнимать	4			7651	828	False	True	subtitle			
6974	саммера	4			7652	828	False	True	subtitle			
6975	дуэль	4			7653	827	False	True	subtitle			
6976	купаться	4			7655	826	False	True	subtitle			
6977	манёвр	4			7656	826	False	True	subtitle			
6978	вакансия	4			7657	824	False	True	subtitle			
6979	какашка	4			7658	824	False	True	subtitle			
6980	кофейня	4			7659	824	False	True	subtitle			
6981	похоронный	4			7660	824	False	True	subtitle			
6982	заплакать	4			7662	823	False	True	subtitle			
6983	одолеть	4			7663	823	False	True	subtitle			
6984	рокк	4			7664	823	False	True	subtitle			
6985	грязно	4			7665	822	False	True	subtitle			
6986	ночка	4			7666	822	False	True	subtitle			
6987	оболочка	4			7667	822	False	True	subtitle			
6988	походить	4			7668	822	False	True	subtitle			
6989	псевдоним	4			7669	822	False	True	subtitle			
6990	романтичный	4			7670	822	False	True	subtitle			
6991	чайник	4			7671	822	False	True	subtitle			
6992	брукс	4			7672	821	False	True	subtitle			
6993	твёрдо	4			7673	821	False	True	subtitle			
6994	вообразить	4			7674	820	False	True	subtitle			
6995	жуть	4			7675	820	False	True	subtitle			
6996	латта	4			7676	820	False	True	subtitle			
6997	психиатрический	4			7677	820	False	True	subtitle			
6998	слияние	4			7678	820	False	True	subtitle			
6999	семинар	4	3	2503	7680	819	False	False	subtitle	noun	seminar	セミナー
7000	спенс	4			7681	819	False	True	subtitle			
7001	сравнивать	4			7682	819	False	True	subtitle			
7002	триста	4			7683	819	False	True	subtitle			
7003	кетчуп	4			7684	818	False	True	subtitle			
7004	любезность	4			7685	818	False	True	subtitle			
7005	да-а	4			7686	817	False	True	subtitle			
7006	джекс	4			7687	817	False	True	subtitle			
7007	снаряжение	4			7688	817	False	True	subtitle			
7008	долбать	4			7689	816	False	True	subtitle			
7009	неуместно	4			7690	816	False	True	subtitle			
7010	ньютон	4			7691	816	False	True	subtitle			
7011	помереть	4			7692	816	False	True	subtitle			
7012	куин	4			7693	815	False	True	subtitle			
7013	назначать	4			7694	815	False	True	subtitle			
7014	настрой	4			7695	815	False	True	subtitle			
7015	пальчик	4			7696	815	False	True	subtitle			
7016	порядочный	4			7697	815	False	True	subtitle			
7017	авто	4			7699	814	False	True	subtitle			
7018	клон	4			7701	814	False	True	subtitle			
7019	водительский	4			7702	813	False	True	subtitle			
7020	кёртис	4			7703	813	False	True	subtitle			
7021	сено	4			7704	813	False	True	subtitle			
7022	сибить	4			7705	813	False	True	subtitle			
7023	зарезать	4			7707	812	False	True	subtitle			
7024	опускать	4			7708	812	False	True	subtitle			
7025	страстный	4			7709	812	False	True	subtitle			
7026	циа	4			7710	812	False	True	subtitle			
7027	элайдж	4			7711	812	False	True	subtitle			
7028	лузер	4			7712	811	False	True	subtitle			
7029	стремление	4	3	2226	7713	811	False	False	subtitle	noun	aspiration	願望
7030	малое	4			7715	810	False	True	subtitle			
7031	хота	4			7716	810	False	True	subtitle			
7032	апельсин	4			7717	809	False	True	subtitle			
7033	командировка	4			7718	809	False	True	subtitle			
7034	месса	4			7720	809	False	True	subtitle			
7035	морин	4			7721	809	False	True	subtitle			
7036	предназначение	4			7722	809	False	True	subtitle			
7037	проживание	4			7723	809	False	True	subtitle			
7038	реддингтон	4			7725	807	False	True	subtitle			
7039	букет	4			7727	806	False	True	subtitle			
7040	колебание	4			7728	806	False	True	subtitle			
7041	нэш	4			7729	806	False	True	subtitle			
7042	смокинг	4			7730	806	False	True	subtitle			
7043	удовлетворение	4	3	2916	7731	806	False	False	subtitle	noun	satisfaction	満足
7044	выкупить	4			7732	805	False	True	subtitle			
7045	ласа	4			7733	805	False	True	subtitle			
7046	огонёк	4			7735	805	False	True	subtitle			
7047	филлис	4			7736	805	False	True	subtitle			
7048	гангстер	4			7737	804	False	True	subtitle			
7049	кейль	4			7738	804	False	True	subtitle			
7050	кило	4			7739	804	False	True	subtitle			
7051	натуральный	4			7740	804	False	True	subtitle			
7052	суета	4			7741	804	False	True	subtitle			
7053	утратить	4			7742	804	False	True	subtitle			
7054	школьник	4			7743	804	False	True	subtitle			
7055	бриггс	4			7744	803	False	True	subtitle			
7056	оттого	4			7745	803	False	True	subtitle			
7057	рассмотрение	4	3	2744	7746	803	False	False	subtitle	noun	consideration	検討
7058	токсин	4			7747	803	False	True	subtitle			
7059	тори	4			7748	803	False	True	subtitle			
7060	исполнительный	4			7749	802	False	True	subtitle			
7061	сарказм	4			7750	802	False	True	subtitle			
7062	сэ	4			7751	802	False	True	subtitle			
7063	верхушка	4			7752	801	False	True	subtitle			
7064	группировка	4			7753	801	False	True	subtitle			
7065	кусаться	4			7754	801	False	True	subtitle			
7066	расист	4			7755	801	False	True	subtitle			
7067	горшок	4			7757	800	False	True	subtitle			
7068	жизненно	4			7758	800	False	True	subtitle			
7069	колонна	4	3	2984	7759	800	False	False	subtitle	noun	column	縦隊
7070	лиса	4			7760	800	False	True	subtitle			
7071	биография	4			7762	799	False	True	subtitle			
7072	заснять	4			7763	799	False	True	subtitle			
7073	корпоративный	4			7764	799	False	True	subtitle			
7074	хвала	4			7766	799	False	True	subtitle			
7075	допуск	4			7767	798	False	True	subtitle			
7076	зажигать	4			7768	798	False	True	subtitle			
7077	захватывающий	4			7769	798	False	True	subtitle			
7078	поладить	4			7770	798	False	True	subtitle			
7079	самец	4			7771	798	False	True	subtitle			
7080	выгодно	4			7772	797	False	True	subtitle			
7081	жадный	4			7773	797	False	True	subtitle			
7082	запугать	4			7774	797	False	True	subtitle			
7083	издавать	4			7775	797	False	True	subtitle			
7084	резня	4			7777	797	False	True	subtitle			
7085	ецн	4			7778	796	False	True	subtitle			
7086	инопланетный	4			7779	796	False	True	subtitle			
7087	мирно	4			7780	796	False	True	subtitle			
7088	титан	4			7781	796	False	True	subtitle			
7089	возненавидеть	4			7782	795	False	True	subtitle			
7090	газовый	4			7783	795	False	True	subtitle			
7091	малдёр	4			7784	795	False	True	subtitle			
7092	свинина	4			7785	795	False	True	subtitle			
7093	бикини	4			7786	794	False	True	subtitle			
7094	наслаждение	4			7788	794	False	True	subtitle			
7095	авторитет	4			7790	793	False	True	subtitle			
7096	бя	4			7791	793	False	True	subtitle			
7097	колокольчик	4			7793	793	False	True	subtitle			
7098	полость	4			7794	793	False	True	subtitle			
7099	празднование	4			7795	793	False	True	subtitle			
7100	джакузи	4			7797	792	False	True	subtitle			
7101	карнавал	4			7798	792	False	True	subtitle			
7102	мрт	4			7799	792	False	True	subtitle			
7103	потомок	4			7800	792	False	True	subtitle			
7104	развлечься	4			7801	792	False	True	subtitle			
7105	резиденция	4			7802	792	False	True	subtitle			
7106	ют	4			7804	792	False	True	subtitle			
7107	биопсия	4			7805	791	False	True	subtitle			
7108	вляпаться	4			7806	791	False	True	subtitle			
7109	подвергнуться	4			7807	791	False	True	subtitle			
7110	умирающий	4			7808	791	False	True	subtitle			
7111	видеонаблюдение	4			7809	790	False	True	subtitle			
7112	душевный	4	3	2963	7810	790	False	False	subtitle	adj	heartfelt	心の
7113	киллер	4			7811	790	False	True	subtitle			
7114	поведать	4			7812	790	False	True	subtitle			
7115	улучшение	4			7813	790	False	True	subtitle			
7116	дн	4			7814	789	False	True	subtitle			
7117	проспать	4			7815	789	False	True	subtitle			
7118	толчок	4			7816	789	False	True	subtitle			
7119	дедуля	4			7818	788	False	True	subtitle			
7120	надоедать	4			7819	788	False	True	subtitle			
7121	обломок	4			7820	788	False	True	subtitle			
7122	обменять	4			7821	788	False	True	subtitle			
7123	строчка	4			7822	788	False	True	subtitle			
7124	тан	4			7823	788	False	True	subtitle			
7125	ас	4			7824	787	False	True	subtitle			
7126	законопроект	4			7826	787	False	True	subtitle			
7127	седло	4			7827	787	False	True	subtitle			
7128	собор	4	3	2986	7828	787	False	False	subtitle	noun	cathedral	大聖堂
7129	увлечение	4			7829	787	False	True	subtitle			
7130	цветочек	4			7830	787	False	True	subtitle			
7131	девиз	4			7831	786	False	True	subtitle			
7132	гуд	4			7832	785	False	True	subtitle			
7133	женитьба	4			7833	785	False	True	subtitle			
7134	миллионер	4			7834	785	False	True	subtitle			
7135	прикидываться	4			7835	785	False	True	subtitle			
7136	следом	4			7836	785	False	True	subtitle			
7137	берк	4			7837	784	False	True	subtitle			
7138	позволение	4			7838	784	False	True	subtitle			
7139	разборка	4			7839	784	False	True	subtitle			
7140	срань	4			7840	784	False	True	subtitle			
7141	телик	4			7841	784	False	True	subtitle			
7142	напоследок	4			7843	783	False	True	subtitle			
7143	скамейка	4			7844	783	False	True	subtitle			
7144	щедро	4			7845	783	False	True	subtitle			
7145	карри	4			7847	782	False	True	subtitle			
7146	салют	4			7848	782	False	True	subtitle			
7147	финальный	4			7849	782	False	True	subtitle			
7148	бессмертный	4			7850	781	False	True	subtitle			
7149	ет	4			7851	781	False	True	subtitle			
7150	табак	4			7852	781	False	True	subtitle			
7151	гонщик	4			7853	780	False	True	subtitle			
7152	добавка	4			7855	780	False	True	subtitle			
7153	механик	4			7857	780	False	True	subtitle			
7154	ускорить	4			7859	780	False	True	subtitle			
7155	вслед	4	3	2369	7860	779	False	False	subtitle	adv	after	後を追って
7156	имидж	4			7861	779	False	True	subtitle			
7157	кабель	4			7862	779	False	True	subtitle			
7158	пятьсот	4			7863	779	False	True	subtitle			
7159	реактор	4			7864	779	False	True	subtitle			
7160	реб	4			7865	779	False	True	subtitle			
7161	баня	4			7866	778	False	True	subtitle			
7162	отпор	4			7868	778	False	True	subtitle			
7163	руфус	4			7870	778	False	True	subtitle			
7164	стю	4			7871	778	False	True	subtitle			
7165	хайти	4			7872	778	False	True	subtitle			
7166	барышня	4			7873	777	False	True	subtitle			
7167	вымыть	4			7874	777	False	True	subtitle			
7168	марина	4	3	2217	7875	777	False	False	subtitle	noun	Marina	マリーナ
7169	опора	4			7876	777	False	True	subtitle			
7170	студенческий	4			7879	777	False	True	subtitle			
7171	призвание	4			7880	776	False	True	subtitle			
7172	просидеть	4			7881	776	False	True	subtitle			
7173	пустынь	4			7882	776	False	True	subtitle			
7174	сунуть	4			7883	776	False	True	subtitle			
7175	дотла	4			7884	775	False	True	subtitle			
7176	тгм	4			7886	775	False	True	subtitle			
7177	вывезти	4			7887	774	False	True	subtitle			
7178	коронер	4			7889	774	False	True	subtitle			
7179	испечь	4			7890	773	False	True	subtitle			
7180	отбор	4			7891	773	False	True	subtitle			
7181	повторимый	4			7892	773	False	True	subtitle			
7182	пайпер	4			7894	772	False	True	subtitle			
7183	пересечение	4			7895	772	False	True	subtitle			
7184	уменьшить	4			7896	772	False	True	subtitle			
7185	кг	4			7898	771	False	True	subtitle			
7186	шприц	4			7899	771	False	True	subtitle			
7187	ан	4			7900	770	False	True	subtitle			
7188	дэнить	4			7901	770	False	True	subtitle			
7189	рич	4			7902	770	False	True	subtitle			
7190	вытворять	4			7904	769	False	True	subtitle			
7191	идентифицировать	4			7905	769	False	True	subtitle			
7192	искушение	4			7906	769	False	True	subtitle			
7193	отменять	4			7907	769	False	True	subtitle			
7194	стукнуть	4			7909	769	False	True	subtitle			
7195	автоматически	4			7910	768	False	True	subtitle			
7196	безработный	4			7911	768	False	True	subtitle			
7197	ингредиент	4			7912	768	False	True	subtitle			
7198	ловко	4			7913	768	False	True	subtitle			
7199	платёж	4			7914	768	False	True	subtitle			
7200	попадаться	4			7915	768	False	True	subtitle			
7201	пописать	4			7916	768	False	True	subtitle			
7202	реконструкция	4			7917	768	False	True	subtitle			
7203	канун	4			7918	767	False	True	subtitle			
7204	лэнгли	4			7919	767	False	True	subtitle			
7205	отклонение	4			7920	767	False	True	subtitle			
7206	писаться	4			7921	767	False	True	subtitle			
7207	производитель	4	3	2116	7922	767	False	False	subtitle	noun	manufacturer	製造業者
7208	рио	4			7923	767	False	True	subtitle			
7209	ба	4			7924	766	False	True	subtitle			
7210	парашют	4			7925	766	False	True	subtitle			
7211	передозировка	4			7926	766	False	True	subtitle			
7212	повеситься	4			7927	766	False	True	subtitle			
7213	последовательность	4			7928	766	False	True	subtitle			
7214	берет	4			7929	765	False	True	subtitle			
7215	кофеин	4			7930	765	False	True	subtitle			
7216	мерзко	4			7931	765	False	True	subtitle			
7217	прелестно	4			7932	765	False	True	subtitle			
7218	привозить	4			7933	765	False	True	subtitle			
7219	сфокусироваться	4			7935	765	False	True	subtitle			
7220	завладеть	4			7936	764	False	True	subtitle			
7221	повторяться	4			7937	764	False	True	subtitle			
7222	поди	4			7938	764	False	True	subtitle			
7223	сблизиться	4			7939	764	False	True	subtitle			
7224	ныне	4	3	2554	7940	763	False	False	subtitle	adv	now, nowadays	今や
7225	сканер	4			7941	763	False	True	subtitle			
7226	таскать	4			7942	763	False	True	subtitle			
7227	джиллиана	4			7943	762	False	True	subtitle			
7228	стонать	4			7945	762	False	True	subtitle			
7229	вручную	4			7946	761	False	True	subtitle			
7230	месячный	4			7947	761	False	True	subtitle			
7231	помощница	4			7948	761	False	True	subtitle			
7232	спрячь	4			7949	761	False	True	subtitle			
7233	эффективно	4			7950	761	False	True	subtitle			
7234	возврат	4			7951	760	False	True	subtitle			
7235	махать	4			7952	760	False	True	subtitle			
7236	сплетница	4			7953	760	False	True	subtitle			
7237	хамфри	4			7954	760	False	True	subtitle			
7238	клапан	4			7957	759	False	True	subtitle			
7239	колбаса	4			7958	759	False	True	subtitle			
7240	мс	4			7959	759	False	True	subtitle			
7241	отсосать	4			7960	759	False	True	subtitle			
7242	постоять-ка	4			7961	759	False	True	subtitle			
7243	профессионально	4			7962	759	False	True	subtitle			
7244	грек	4			7963	758	False	True	subtitle			
7245	коррупция	4			7964	758	False	True	subtitle			
7246	мол	4	2	1925	7965	758	False	False	subtitle	part	supposedly	という
7247	обучать	4	1	751	7966	758	False	False	subtitle	verb	teach	教える
7248	оформить	4			7967	758	False	True	subtitle			
7249	поздноватый	4			7968	756	False	True	subtitle			
7250	сосредоточить	4			7969	756	False	True	subtitle			
7251	туго	4			7970	756	False	True	subtitle			
7252	вдохновлять	4			7971	755	False	True	subtitle			
7253	зеро	4			7972	755	False	True	subtitle			
7254	караоке	4			7973	755	False	True	subtitle			
7255	конюшня	4			7974	755	False	True	subtitle			
7256	понемногу	4			7975	755	False	True	subtitle			
7257	часовой	4			7976	755	False	True	subtitle			
7258	застукать	4			7977	754	False	True	subtitle			
7259	квит	4			7978	754	False	True	subtitle			
7260	льстить	4			7979	754	False	True	subtitle			
7261	отвлекаться	4			7980	754	False	True	subtitle			
7262	соображение	4			7981	754	False	True	subtitle			
7263	химиотерапия	4			7982	754	False	True	subtitle			
7264	яблочко	4			7983	754	False	True	subtitle			
7265	конкуренция	4	3	2982	7984	753	False	False	subtitle	noun	competition	競争
7266	педаль	4			7985	753	False	True	subtitle			
7267	чужое	4			7986	753	False	True	subtitle			
7268	душить	4			7987	752	False	True	subtitle			
7269	подслушать	4			7988	752	False	True	subtitle			
7270	пойти-ка	4			7989	752	False	True	subtitle			
7271	радуга	4			7990	752	False	True	subtitle			
7272	разбойник	4			7991	752	False	True	subtitle			
7273	ха-ха-ха	4			7992	752	False	True	subtitle			
7274	влипнуть	4			7993	751	False	True	subtitle			
7275	выскочить	4			7994	751	False	True	subtitle			
7276	дэйзи	4			7995	751	False	True	subtitle			
7277	лондонский	4			7996	751	False	True	subtitle			
7278	пластиковый	4			7998	751	False	True	subtitle			
7279	полюс	4			7999	751	False	True	subtitle			
7280	винный	4			8001	750	False	True	subtitle			
7281	капюшон	4			8002	750	False	True	subtitle			
7282	локхарт	4			8003	750	False	True	subtitle			
7283	анекдот	4	3	2613	8032	743	False	False	subtitle_deep	noun	joke	小話
7284	экономический	4	1	719	8043	742	False	False	subtitle_deep	adj	economic	経済の
7285	дмитрий	4	3	2038	8097	734	False	False	subtitle_deep	noun	Dmitry	ドミトリー
7286	отражать	4	3	2887	8120	731	False	False	subtitle_deep	verb	reflect	反映する
7287	контекст	4	3	2914	8130	729	False	False	subtitle_deep	noun	context	文脈
7288	отнюдь	4	3	2818	8184	720	False	False	subtitle_deep	part	by no means	決して~ない
7289	проводиться	4	3	2021	8196	719	False	False	subtitle_deep	verb	be conducted	行われる
7290	дискуссия	4	3	2537	8204	717	False	False	subtitle_deep	noun	discussion	討論
7291	объем	4	2	1349	8218	715	False	False	subtitle_deep	noun	volume	容量
7292	нагрузка	4	3	2960	8225	713	False	False	subtitle_deep	noun	load, workload	負荷
7293	узкий	4	1	686	8232	712	False	False	subtitle_deep	adj	narrow	狭い
7294	приниматься	4	3	2970	8235	711	False	False	subtitle_deep	verb	begin, be accepted	取り掛かる
7295	глобальный	4	3	2852	8240	710	False	False	subtitle_deep	adj	global	グローバルな
7296	сочинение	4	3	2542	8251	709	False	False	subtitle_deep	noun	essay, composition	作文
7297	частность	4	2	1600	8259	708	False	False	subtitle_deep	noun	particular	詳細
7298	полк	4	2	1759	8326	696	False	False	subtitle_deep	noun	regiment	連隊
7299	проявляться	4	3	2957	8333	695	False	False	subtitle_deep	verb	manifest itself	現れる
7300	издание	4	2	1689	8342	693	False	False	subtitle_deep	noun	publication	出版物
7301	восприятие	4	3	2295	8377	688	False	False	subtitle_deep	noun	perception	知覚
7302	соответственно	4	2	1914	8381	688	False	False	subtitle_deep	adv	accordingly	従って
7303	диалог	4	3	2696	8385	687	False	False	subtitle_deep	noun	dialogue	対話
7304	сталин	4	2	1683	8397	686	False	False	subtitle_deep	noun	Stalin	スターリン
7305	молча	4	3	2225	8414	684	False	False	subtitle_deep	adv	silently	黙って
7306	подробно	4	2	1547	8424	683	False	False	subtitle_deep	adv	in detail	詳しく
7307	исследователь	4	3	2734	8447	677	False	False	subtitle_deep	noun	researcher	研究者
7308	длительный	4	3	2529	8477	671	False	False	subtitle_deep	adj	lengthy, prolonged	長期の
7309	наташа	4	3	2973	8481	671	False	False	subtitle_deep	noun	Natasha (name)	ナターシャ
7310	коммерческий	4	3	2262	8533	663	False	False	subtitle_deep	adj	commercial	商業の
7311	стихотворение	4	3	2856	8626	648	False	False	subtitle_deep	noun	poem	詩
7312	милиция	4	2	1965	8633	646	False	False	subtitle_deep	noun	police	民警
7313	художественный	4	2	1859	8664	641	False	False	subtitle_deep	adj	artistic	芸術的な
7314	противоположный	4	3	2335	8733	631	False	False	subtitle_deep	adj	opposite	反対の
7315	зимний	4	3	2900	8752	628	False	False	subtitle_deep	adj	winter (adj)	冬の
7316	обработка	4	3	2552	8820	619	False	False	subtitle_deep	noun	processing	処理
7317	коротко	4	3	2802	8825	618	False	False	subtitle_deep	adv	briefly	短く
7318	народный	4	2	1491	8827	618	False	False	subtitle_deep	adj	national, folk	民衆の
7319	природный	4	3	2392	8912	607	False	False	subtitle_deep	adj	natural	自然の
7320	юрий	4	2	1962	8971	600	False	False	subtitle_deep	noun	Yuri	ユーリ
7321	слушатель	4	3	2275	8976	599	False	False	subtitle_deep	noun	listener	聞き手
7322	эффективность	4	3	2279	8981	598	False	False	subtitle_deep	noun	efficiency	効率
7323	ресурсы	4	3	2794	9006	1233	False	False	raw_surface_fallback	noun	resources	資源
7324	олег	4	2	1830	9023	592	False	False	subtitle_deep	noun	Oleg	オレグ
7325	промышленность	4	3	2215	9031	591	False	False	subtitle_deep	noun	industry	工業
7326	алексей	4	2	1537	9132	576	False	False	subtitle_deep	noun	Alexey	アレクセイ
7327	проживать	4	3	2692	9153	574	False	False	subtitle_deep	verb	reside	住む
7328	владимир	4	2	1307	9167	572	False	False	subtitle_deep	noun	Vladimir (name)	ウラジーミル(人名)
7329	достигать	4	3	2316	9170	572	False	False	subtitle_deep	verb	achieve	達成する
7330	пользователь	4	2	1507	9188	571	False	False	subtitle_deep	noun	user	利用者
7331	затрата	4	3	2254	9219	566	False	False	subtitle_deep	noun	expense	費用
7332	лесной	4	3	2958	9255	561	False	False	subtitle_deep	adj	forest (adj)	森の
7333	ольга	4	2	1770	9264	560	False	False	subtitle_deep	noun	Olga	オリガ
7334	расширение	4	3	2877	9302	556	False	False	subtitle_deep	noun	expansion	拡大
7335	применять	4	3	2357	9384	547	False	False	subtitle_deep	verb	apply	適用する
7336	рубеж	4	3	2490	9385	547	False	False	subtitle_deep	noun	frontier	境界
7337	творчество	4	2	1858	9392	546	False	False	subtitle_deep	noun	creativity	創作
7338	христианский	4	3	2952	9397	546	False	False	subtitle_deep	adj	Christian	キリスト教の
7339	свойство	4	2	1864	9422	542	False	False	subtitle_deep	noun	property	特性
7340	игорь	4	2	1718	9549	527	False	False	subtitle_deep	noun	Igor	イーゴリ
7341	снижение	4	3	2470	9572	525	False	False	subtitle_deep	noun	reduction	減少
7342	коллектив	4	3	2249	9635	518	False	False	subtitle_deep	noun	team	集団
7343	объединение	4	3	2341	9689	513	False	False	subtitle_deep	noun	association	団体
7344	региональный	4	3	2098	9695	513	False	False	subtitle_deep	adj	regional	地域の
7345	последующий	4	3	2234	9705	512	False	False	subtitle_deep	adj	subsequent	その後の
7346	активно	4	3	2417	9782	503	False	False	subtitle_deep	adv	actively	積極的に
7347	сельский	4	3	2310	9799	502	False	False	subtitle_deep	adj	rural	農村の
7348	минимальный	4	3	2779	9824	499	False	False	subtitle_deep	adj	minimal	最小の
7349	продукция	4	2	1606	9856	496	False	False	subtitle_deep	noun	products	製品
7350	максим	4	3	2990	9932	487	False	False	subtitle_deep	noun	Maxim (name)	マキシム
7351	банка	4	3	2628	9939	486	False	False	subtitle_deep	noun	jar, can	瓶
7352	аспект	4	3	2435	9994	481	False	False	subtitle_deep	noun	aspect	側面
7353	непонятный	4	3	2556	10008	480	False	False	subtitle_deep	adj	incomprehensible	分からない
7354	иванович	4	3	2035	10061	474	False	False	subtitle_deep	noun	Ivanovich	イワノヴィチ
7355	конструкция	4	3	2740	10109	469	False	False	subtitle_deep	noun	construction, structure	構造
7356	взаимодействие	4	3	2186	10118	468	False	False	subtitle_deep	noun	interaction	相互作用
7357	дивизия	4	3	2202	10169	464	False	False	subtitle_deep	noun	division	師団
7358	путин	4	2	1815	10188	463	False	False	subtitle_deep	noun	Putin	プーチン
7359	василий	4	3	2367	10323	451	False	False	subtitle_deep	noun	Vasily	ワシーリー
7360	читатель	4	2	1387	10405	444	False	False	subtitle_deep	noun	reader	読者
7361	образовать	4	3	2884	10449	440	False	False	subtitle_deep	verb	form, create	形成する
7362	способствовать	4	3	2053	10458	440	False	False	subtitle_deep	verb	contribute	寄与する
7363	распространить	4	3	2593	10469	439	False	False	subtitle_deep	verb	spread, distribute	広める
7364	ирина	4	3	2208	10542	432	False	False	subtitle_deep	noun	Irina	イリーナ
7365	характеристика	4	3	2083	10554	432	False	False	subtitle_deep	noun	characteristic	特徴
7366	миша	4	3	2654	10572	430	False	False	subtitle_deep	noun	Misha (name)	ミーシャ
7367	илья	4	3	2780	10579	429	False	False	subtitle_deep	noun	Ilya (name)	イリヤ
7368	горький	4	1	705	10688	420	False	False	subtitle_deep	adj	bitter	苦い
7369	памятник	4	3	2410	10742	416	False	False	subtitle_deep	noun	monument	記念碑
7370	противоречие	4	3	2815	10891	404	False	False	subtitle_deep	noun	contradiction	矛盾
7371	введение	4	3	2631	10898	403	False	False	subtitle_deep	noun	introduction	導入
7372	впоследствии	4	3	2695	11042	392	False	False	subtitle_deep	adv	subsequently	その後
7373	философский	4	3	2902	11093	389	False	False	subtitle_deep	adj	philosophical	哲学的な
7374	представляться	4	3	2153	11166	384	False	False	subtitle_deep	verb	seem	思われる
7375	таблица	4	3	2509	11170	384	False	False	subtitle_deep	noun	table, chart	表
7376	высказывание	4	3	2788	11194	382	False	False	subtitle_deep	noun	statement	発言
7377	татьяна	4	3	2487	11209	382	False	False	subtitle_deep	noun	Tatyana	タチアナ
7378	изделие	4	3	2811	11277	377	False	False	subtitle_deep	noun	product, article	製品
7379	постановление	4	3	2600	11283	377	False	False	subtitle_deep	noun	decree, resolution	決議
7380	подчеркнуть	4	3	2701	11306	376	False	False	subtitle_deep	verb	emphasize	強調する
7381	программный	4	3	2439	11352	373	False	False	subtitle_deep	adj	software	ソフトウェアの
7382	развивать	4	3	2724	11388	371	False	False	subtitle_deep	verb	develop	発展させる
7383	высший	4	2	1284	11533	920	False	False	raw_surface_fallback	adj	highest	最高の
7384	ссср	4	2	1444	11535	360	False	False	subtitle_deep	noun	USSR	ソ連
7385	ближайший	4	2	1478	11602	913	False	False	raw_surface_fallback	adj	nearest	最も近い
7386	украина	4	2	1573	11713	347	False	False	subtitle_deep	noun	Ukraine	ウクライナ
7387	евгений	4	3	2387	11720	346	False	False	subtitle_deep	noun	Evgeny	エフゲニー
7388	культурный	4	1	721	11722	346	False	False	subtitle_deep	adj	cultural	文化の
7389	существенный	4	3	2185	11729	346	False	False	subtitle_deep	adj	significant	重要な
7390	бытие	4	3	2675	11799	341	False	False	subtitle_deep	noun	being, existence	存在
7391	тенденция	4	3	2112	11960	333	False	False	subtitle_deep	noun	trend	傾向
7392	наталья	4	3	2885	12063	327	False	False	subtitle_deep	noun	Natalia (name)	ナタリヤ
7393	публикация	4	3	2014	12066	327	False	False	subtitle_deep	noun	publication	出版物
7394	форум	4	2	1544	12072	327	False	False	subtitle_deep	noun	forum	フォーラム
7395	посёлок	4	1	888	12205	319	False	False	subtitle_deep	noun	settlement	集落
7396	существующий	4	3	2649	12293	314	False	False	subtitle_deep	adj	existing	既存の
7397	сборник	4	3	2851	12332	312	False	False	subtitle_deep	noun	collection (book)	選集
7398	соответствующий	4	2	1413	12391	309	False	False	subtitle_deep	adj	corresponding	対応する
7399	маша	4	3	2608	12530	301	False	False	subtitle_deep	noun	Masha (name)	マーシャ
7400	параметр	4	3	2480	12708	292	False	False	subtitle_deep	noun	parameter	パラメータ
7401	решаться	4	3	2903	12852	285	False	False	subtitle_deep	verb	dare, decide	決心する
7402	вздохнуть	4	3	2190	12955	279	False	False	subtitle_deep	verb	sigh	ため息をつく
7403	трудовой	4	3	2562	12986	278	False	False	subtitle_deep	adj	labor (adj)	労働の
7404	превышать	4	3	2950	12999	277	False	False	subtitle_deep	verb	exceed	超える
7405	реализовать	4	3	2397	13115	272	False	False	subtitle_deep	verb	implement	実現する
7406	депутат	4	2	1707	13182	268	False	False	subtitle_deep	noun	deputy	議員
7407	петрович	4	3	2595	13589	250	False	False	subtitle_deep	noun	Petrovich (patronymic)	ペトローヴィチ
7408	корреспондент	4	3	2965	13973	234	False	False	subtitle_deep	noun	correspondent	特派員
7409	раздаться	4	3	2721	14084	231	False	False	subtitle_deep	verb	resound	響く
7410	определяться	4	3	2371	14166	228	False	False	subtitle_deep	verb	be determined	決まる
7411	построение	4	3	2842	14256	225	False	False	subtitle_deep	noun	construction, formation	構築
7412	крикнуть	4	3	2605	14318	223	False	False	subtitle_deep	verb	shout	叫ぶ
7413	предприниматель	4	3	2591	14383	221	False	False	subtitle_deep	noun	entrepreneur	起業家
7414	реформа	4	2	1879	14705	211	False	False	subtitle_deep	noun	reform	改革
7415	демократический	4	3	2623	14722	210	False	False	subtitle_deep	adj	democratic	民主的な
7416	российский	4	2	1025	14894	206	False	False	subtitle_deep	adj	Russian	ロシアの
7417	распределение	4	3	2996	14933	205	False	False	subtitle_deep	noun	distribution	分配
7418	непосредственный	4	3	2766	14957	204	False	False	subtitle_deep	adj	direct, immediate	直接の
7419	создаваться	4	3	2931	15079	201	False	False	subtitle_deep	verb	be created	作られる
7420	ленин	4	3	2365	15139	199	False	False	subtitle_deep	noun	Lenin	レーニン
7421	величина	4	3	2303	15405	192	False	False	subtitle_deep	noun	magnitude	大きさ
7422	огород	4	1	900	15466	191	False	False	subtitle_deep	noun	vegetable garden	菜園
7423	отрасль	4	3	2191	15790	184	False	False	subtitle_deep	noun	industry	産業
7424	приобретать	4	3	2824	15980	180	False	False	subtitle_deep	verb	acquire	取得する
7425	правовой	4	3	2442	16063	178	False	False	subtitle_deep	adj	legal	法的な
7426	литературный	4	2	1792	16155	176	False	False	subtitle_deep	adj	literary	文学の
7427	летчик	4	3	2124	16156	176	False	False	subtitle_deep	noun	pilot	飛行士
7428	социально	4	3	2665	16480	170	False	False	subtitle_deep	adv	socially	社会的に
7429	жанр	4	3	2899	16689	166	False	False	subtitle_deep	noun	genre	ジャンル
7430	характерный	4	3	2046	16725	166	False	False	subtitle_deep	adj	characteristic	特徴的な
7431	рыночный	4	3	2573	16948	162	False	False	subtitle_deep	adj	market (adj)	市場の
7432	ремонтировать	4	1	745	17019	161	False	False	subtitle_deep	verb	repair	修理する
7433	нередко	4	3	2804	17118	159	False	False	subtitle_deep	adv	not infrequently	しばしば
7434	осуществлять	4	3	2416	17253	157	False	False	subtitle_deep	verb	carry out	実施する
7435	приняться	4	3	2308	17264	157	False	False	subtitle_deep	verb	set about	取りかかる
7436	иванов	4	3	2759	17516	153	False	False	subtitle_deep	noun	Ivanov (surname)	イワノフ
7437	критерий	4	3	2497	17595	152	False	False	subtitle_deep	noun	criterion	基準
7438	формат	4	3	2645	17816	149	False	False	subtitle_deep	noun	format	形式
7439	промышленный	4	3	2655	17871	148	False	False	subtitle_deep	adj	industrial	産業の
7440	предусмотреть	4	3	2598	18111	145	False	False	subtitle_deep	verb	foresee, provide for	想定する
7441	исходный	4	3	2755	18233	143	False	False	subtitle_deep	adj	initial, original	初期の
7442	николаевич	4	3	2894	18496	140	False	False	subtitle_deep	noun	Nikolaevich (patronymic)	ニコラエヴィチ
7443	потребитель	4	2	1943	18507	140	False	False	subtitle_deep	noun	consumer	消費者
7444	интеллектуальный	4	3	2491	18555	139	False	False	subtitle_deep	adj	intellectual	知的な
7445	кивнуть	4	3	2015	18556	139	False	False	subtitle_deep	verb	nod	うなずく
7446	действующий	4	3	2807	27138	318	False	False	raw_surface_fallback	adj	current, acting	現行の
7447	крупнейший	4	3	2946	28580	297	False	False	raw_surface_fallback	adj	largest	最大の
7448	если бы	4	1	269			False	False	no_signal	conj	if only	もしなら
7449	пока что	4	1	272			False	False	no_signal	adv	so far	今のところ
7450	солёный	4	1	704			False	False	no_signal	adj	salty	塩辛い
7451	московский	4	2	1233			False	False	no_signal	adj	Moscow (adj)	モスクワの
7452	рф	4	2	1449			False	False	no_signal	noun	Russian Federation	ロシア連邦
7453	информационный	4	2	1506			False	False	no_signal	adj	informational	情報の
7454	реализация	4	2	1640			False	False	no_signal	noun	implementation	実現
7455	материальный	4	2	1801			False	False	no_signal	adj	material	物質的な
7456	отечественный	4	2	1886			False	False	no_signal	adj	domestic	国内の
7457	формирование	4	2	1898			False	False	no_signal	noun	formation	形成
7458	законодательство	4	3	2009			False	False	no_signal	noun	legislation	法律
7459	дума	4	3	2062			False	False	no_signal	noun	Duma	国会
7460	меньший	4	3	2089			False	False	no_signal	adj	smaller	より小さい
7461	индивидуальный	4	3	2090			False	False	no_signal	adj	individual	個別の
7462	практический	4	3	2128			False	False	no_signal	adj	practical	実用的な
7463	обязанный	4	3	2181			False	False	no_signal	adj	obliged	義務がある
7464	православный	4	3	2189			False	False	no_signal	adj	Orthodox	正教会の
7465	пушкин	4	3	2223			False	False	no_signal	noun	Pushkin	プーシキン
7466	обязательный	4	3	2306			False	False	no_signal	adj	mandatory	義務的な
7467	вынужденный	4	3	2401			False	False	no_signal	adj	forced	強いられた
7468	санкт	4	3	2429			False	False	no_signal	noun	Saint	サンクト
7469	петербург	4	3	2433			False	False	no_signal	noun	Petersburg	ペテルブルク
7470	вуз	4	3	2504			False	False	no_signal	noun	university	大学
7471	стратегический	4	3	2545			False	False	no_signal	adj	strategic	戦略的な
7472	осуществляться	4	3	2555			False	False	no_signal	verb	be carried out	実現される
7473	областной	4	3	2568			False	False	no_signal	adj	regional	州の
7474	привычный	4	3	2610			False	False	no_signal	adj	habitual, usual	慣れた
7475	казахстан	4	3	2634			False	False	no_signal	noun	Kazakhstan	カザフスタン
7476	беларусь	4	3	2677			False	False	no_signal	noun	Belarus	ベラルーシ
7477	административный	4	3	2687			False	False	no_signal	adj	administrative	行政の
7478	качественный	4	3	2703			False	False	no_signal	adj	high-quality	質の高い
7479	воскликнуть	4	3	2712			False	False	no_signal	verb	exclaim	叫ぶ
7480	аналогичный	4	3	2730			False	False	no_signal	adj	analogous	類似の
7481	самостоятельный	4	3	2742			False	False	no_signal	adj	independent	自立した
7482	дима	4	3	2793			False	False	no_signal	noun	Dima (name)	ジーマ
7483	осуществление	4	3	2808			False	False	no_signal	noun	implementation	実施
7484	партийный	4	3	2812			False	False	no_signal	adj	party (political)	党の
7485	украинский	4	3	2819			False	False	no_signal	adj	Ukrainian	ウクライナの
7486	подъезд	4	3	2823			False	False	no_signal	noun	building entrance	玄関
7487	чечня	4	3	2830			False	False	no_signal	noun	Chechnya	チェチェン
7488	заметный	4	3	2832			False	False	no_signal	adj	noticeable	目立つ
7489	германский	4	3	2845			False	False	no_signal	adj	German	ドイツの
7490	разнообразный	4	3	2848			False	False	no_signal	adj	diverse	多様な
7491	методика	4	3	2857			False	False	no_signal	noun	methodology	方法論
7492	производственный	4	3	2870			False	False	no_signal	adj	production (adj)	生産の
7493	важнейший	4	3	2878			False	False	no_signal	adj	most important	最も重要な
7494	объективный	4	3	2904			False	False	no_signal	adj	objective	客観的な
7495	идеология	4	3	2927			False	False	no_signal	noun	ideology	イデオロギー
7496	зарубежный	4	3	2962			False	False	no_signal	adj	foreign	外国の
7497	сетевой	4	3	2979			False	False	no_signal	adj	network (adj)	ネットワークの
