1	я	7301070
2	не	4334804
3	ты	4155719
4	что	3738912
5	это	3217280
6	в	3060608
7	и	2917112
8	он	2412822
9	быть	2144158
10	мы	1883252
11	вы	1866145
12	с	1706206
13	на	1655351
14	она	1262720
15	как	1174339
16	они	1160239
17	мочь	1145073
18	да	1142662
19	всё	1095466
20	у	1055142
21	нет	1049935
22	знать	1019911
23	так	995583
24	но	990116
25	а	970725
26	о	874546
27	мой	832759
28	хотеть	797448
29	этот	645009
30	если	631191
31	сказать	607658
32	за	598915
33	бы	594884
34	тот	548099
35	думать	510367
36	к	480916
37	чтобы	479027
38	есть	475964
39	твой	472462
40	же	469511
41	свой	466773
42	просто	450715
43	из	449803
44	ещё	448657
45	говорить	445997
46	должный	441802
47	весь	435641
48	для	427940
49	ну	427366
50	когда	421340
51	хорошо	420527
52	кто	415056
53	здесь	410266
54	такой	410056
55	по	397721
56	который	390300
57	то	385315
58	только	383956
59	сделать	383044
60	один	367290
61	хороший	352985
62	человек	351839
63	делать	349809
64	вот	340913
65	от	340701
66	ваш	313822
67	себя	306277
68	видеть	301153
69	почему	295613
70	дело	284794
71	очень	281777
72	уже	278258
73	время	277768
74	наш	277522
75	спасибо	273631
76	или	272568
77	большой	267898
78	давать	266427
79	там	264211
80	сейчас	256541
81	нужно	255361
82	идти	255096
83	где	254081
84	чем	253382
85	ничего	248846
86	ладный	229994
87	до	221120
88	потому	218628
89	день	217167
90	сам	217159
91	теперь	216086
92	какой	214104
93	друг	211864
94	раз	211349
95	год	209386
96	её	201916
97	найти	193400
98	пойти	192308
99	жизнь	189379
100	надо	189178
101	правда	188024
102	что-то	186939
103	дать	185141
104	ли	180914
105	пока	179333
106	даже	178504
107	привет	178155
108	другой	171326
109	дом	169533
110	тоже	167958
111	понимать	165154
112	бог	164369
113	помочь	164173
114	ребёнок	161964
115	никогда	161918
116	эй	161851
117	смочь	160352
118	парень	159733
119	тогда	159343
120	любить	158654
121	ни	155085
122	тут	154726
123	конечно	154334
124	работа	151763
125	стать	151687
126	место	148336
127	нужный	147851
128	взять	147805
129	отец	147776
130	простить	147160
131	мама	145333
132	убить	144713
133	иметь	141932
134	пожалуйста	140855
135	вернуться	139349
136	работать	137387
137	сегодня	136912
138	два	135550
139	порядок	132524
140	сюда	130931
141	стоить	127937
142	понять	127273
143	значит	127095
144	смотреть	127091
145	прийти	127068
146	никто	126127
147	всегда	126030
148	можно	123056
149	мистер	122263
150	без	120482
151	посмотреть	118834
152	слышать	118206
153	кто-то	113712
154	первый	113663
155	собираться	111761
156	деньга	111694
157	нравиться	110186
158	много	109541
159	после	109028
160	случиться	108791
161	новый	108056
162	рука	107197
163	самый	106026
164	жить	104067
165	пытаться	103647
166	получить	103585
167	поговорить	102798
168	сэр	102527
169	каждый	102414
170	ведь	100777
171	просить	100520
172	остаться	99603
173	потом	99575
174	машина	97544
175	слушать	96472
176	через	96333
177	проблема	96051
178	возможно	95943
179	женщина	95768
180	немного	95662
181	узнать	95545
182	казаться	95389
183	увидеть	95091
184	слишком	94429
185	последний	93860
186	зачем	93100
187	уйти	91305
188	доктор	91119
189	рассказать	91102
190	папа	91087
191	готовый	91057
192	пора	90702
193	ждать	90175
194	оставить	88083
195	извинить	87348
196	точно	86897
197	право	86561
198	под	86461
199	умереть	86094
200	назад	85317
201	мир	85027
202	из-за	84610
203	помнить	84327
204	имя	82835
205	вместе	82533
206	куда	80441
207	маленький	80428
208	подождать	80287
209	слово	80130
210	вопрос	79585
211	сколько	78255
212	поэтому	78189
213	подумать	77990
214	чувствовать	77156
215	плохой	76439
216	снова	76265
217	ночь	75917
218	семья	75843
219	час	75734
220	мать	75316
221	черта	75038
222	сын	74749
223	начать	74213
224	минута	74182
225	три	74126
226	что-нибудь	73233
227	вещь	73040
228	забыть	72470
229	жена	72209
230	позволить	71849
231	выйти	71644
232	отлично	71243
233	похоже	71157
234	домой	70755
235	какой-то	70609
236	девушка	70528
237	конец	70043
238	надеяться	69828
239	никакой	69754
240	прийтись	69164
241	выглядеть	69055
242	брат	69035
243	вид	68949
244	послушать	68736
245	именно	68567
246	искать	67535
247	неделя	67399
248	прямо	66757
249	решить	66496
250	разве	66146
251	послать	66081
252	лишь	65808
253	несколько	65685
254	ага	65490
255	бояться	65456
256	голова	65377
257	происходить	64936
258	позвонить	64909
259	добрый	64719
260	считать	64659
261	тем	63890
262	звать	63482
263	случай	62455
264	пара	62146
265	верить	61957
266	пройти	61765
267	совсем	61240
268	смерть	61191
269	играть	60833
270	город	59673
271	глаз	59512
272	ж	58748
273	уходить	58618
274	про	58180
275	уверенный	58177
276	ребята	58119
277	перед	57581
278	дорога	57579
279	помощь	57499
280	жаль	57474
281	туда	57308
282	действительно	57152
283	держать	56267
284	любой	56032
285	показать	56011
286	завтра	55928
287	хватить	55720
288	мужчина	55690
289	оно	55655
290	следующий	55624
291	использовать	55547
292	поехать	55494
293	полиция	55358
294	ранний	55186
295	больший	55060
296	школа	54977
297	милый	54259
298	отсюда	54249
299	сторона	53924
300	произойти	53586
301	настоящий	53543
302	история	53147
303	единственный	52857
304	верно	52791
305	кое-что	52221
306	насчёт	51499
307	месяц	51473
308	уж	51283
309	часть	51075
310	заниматься	51010
311	против	50836
312	оба	50789
313	дверь	50662
314	лицо	50218
315	любовь	49854
316	спросить	49832
317	господь	49586
318	серьёзно	49303
319	более	49014
320	итак	48940
321	при	48916
322	комната	48668
323	вообще	48657
324	звонить	48594
325	убийство	48551
326	нельзя	48309
327	наверное	48158
328	забрать	47784
329	принять	47502
330	кровь	47495
331	вести	47358
332	ради	47155
333	смысл	46947
334	игра	46925
335	потерять	46759
336	принести	46757
337	купить	46585
338	номер	46575
339	сила	46557
340	кто-нибудь	46530
341	бросить	46374
342	хотя	46068
343	сестра	45993
344	тело	45918
345	идея	45836
346	план	45825
347	уверить	45781
348	откуда	45596
349	муж	45456
350	приехать	45452
351	далёкий	45186
352	ясно	45154
353	телефон	45026
354	сердце	44884
355	господин	44811
356	закончить	44700
357	спать	44570
358	момент	44464
359	девочка	44304
360	живой	44143
361	утро	44095
362	путь	43904
363	над	43810
364	чёрт	43727
365	мёртвый	43714
366	равно	43637
367	мисс	43522
368	счастливый	43516
369	скоро	43513
370	будто	43328
371	старый	43318
372	оставаться	43106
373	дочь	42934
374	сидеть	42789
375	земля	42467
376	между	42378
377	мальчик	41832
378	спасти	41792
379	почти	41718
380	ходить	41692
381	написать	41517
382	причина	41502
383	прошлый	41342
384	нормально	41029
385	открыть	41017
386	вода	40988
387	вернуть	40895
388	отношение	40768
389	поверить	40676
390	проверить	40410
391	нога	40365
392	полный	40360
393	хоть	40250
394	быстрый	39926
395	встреча	39837
396	достаточно	39644
397	быстро	39448
398	попробовать	39294
399	некоторый	39026
400	попасть	39025
401	вечер	39022
402	провести	38629
403	продолжать	38247
404	начинать	38174
405	приходить	38094
406	шанс	38050
407	отдать	37867
408	пять	37527
409	пусть	37504
410	наслать	37459
411	плохо	37383
412	попросить	37218
413	ехать	37203
414	волноваться	37137
415	дорогой	37117
416	свет	36921
417	важный	36816
418	обещать	36749
419	рад	36727
420	команда	36583
421	брать	36257
422	миссис	36111
423	второй	36103
424	иногда	36085
425	следовать	35966
426	вроде	35897
427	прислать	35799
428	рядом	35793
429	родитель	35594
430	встретиться	35590
431	капитан	35572
432	новость	35508
433	остальной	35392
434	встречаться	35370
435	перестать	35171
436	заставить	34952
437	прекратить	34830
438	называть	34655
439	вчера	34622
440	книга	34453
441	отличный	34325
442	ненавидеть	34216
443	оружие	34156
444	прекрасный	34075
445	правильно	33991
446	ум	33947
447	оказаться	33642
448	свидание	33627
449	долго	33607
450	красивый	33573
451	важно	33534
452	выходить	33509
453	начало	33457
454	кроме	33324
455	сильный	33245
456	здорово	33129
457	вперёд	33090
458	захотеть	33020
459	душа	32795
460	внимание	32739
461	чувак	32670
462	компания	32560
463	чувство	32542
464	война	32362
465	счёт	32275
466	давно	32247
467	жертва	32200
468	убийца	32132
469	находиться	31802
470	привести	31756
471	также	31756
472	джон	31715
473	вечером	31577
474	опять	31397
475	вообще-то	31394
476	понравиться	31308
477	разговаривать	31238
478	выпить	31212
479	еда	31192
480	убивать	31070
481	вечеринка	31027
482	возвращаться	30961
483	сначала	30957
484	спрашивать	30880
485	секунда	30795
486	около	30786
487	уехать	30772
488	близкий	30763
489	увидеться	30707
490	полагать	30661
491	получиться	30638
492	остановить	30628
493	тип	30613
494	улица	30320
495	связь	30233
496	услышать	30233
497	ночью	30220
498	фильм	30182
499	сразу	30132
500	утром	30109
501	помогать	30105
502	страна	29935
503	тюрьма	29927
504	пить	29870
505	похожий	29862
506	бежать	29692
507	решение	29668
508	прекрасно	29598
509	агент	29481
510	тысяча	29415
511	представлять	29400
512	ответить	29293
513	способ	29002
514	суд	28930
515	рада	28889
516	читать	28825
517	группа	28806
518	здравствуйте	28754
519	скорее	28682
520	ох	28668
521	отправить	28645
522	собственный	28521
523	молодой	28451
524	справиться	28422
525	писать	28341
526	столько	28302
527	целый	28299
528	сильно	28217
529	ответ	28213
530	появиться	28028
531	ошибка	27930
532	остановиться	27588
533	дерьмо	27485
534	поздний	27442
535	принимать	27429
536	чёрный	27399
537	президент	27380
538	честь	27286
539	беспокоиться	27159
540	отпустить	27141
541	секс	27090
542	корабль	27051
543	двое	26977
544	выбор	26948
545	больница	26930
546	ах	26890
547	понятно	26878
548	хотеться	26815
549	довольно	26733
550	бывать	26694
551	назвать	26557
552	замечательный	26539
553	безопасность	26531
554	выбрать	26501
555	заметить	26461
556	четыре	26443
557	прежде	26389
558	возможность	26354
559	информация	26241
560	камера	26200
561	представить	26151
562	объяснить	26112
563	вино	25992
564	мера	25982
565	познакомиться	25974
566	передать	25944
567	интересно	25919
568	затем	25898
569	пол	25767
570	рассказывать	25757
571	вон	25698
572	сон	25694
573	чтоб	25591
574	заплатить	25574
575	держаться	25463
576	снять	25433
577	странно	25261
578	ой	25188
579	алло	25182
580	успокоиться	25133
581	общий	25098
582	однажды	25033
583	странный	24949
584	обычно	24821
585	ужасный	24789
586	миллион	24766
587	поймать	24766
588	мысль	24763
589	адвокат	24728
590	иначе	24647
591	заняться	24473
592	система	24470
593	согласный	24292
594	песня	24104
595	приятно	23961
596	сообщение	23941
597	джек	23929
598	звучать	23920
599	цель	23919
600	детектив	23906
601	курс	23865
602	мозг	23847
603	немой	23810
604	король	23796
605	обратно	23776
606	поставить	23764
607	зайти	23663
608	изменить	23660
609	квартира	23468
610	правило	23405
611	приятель	23375
612	поздно	23374
613	ключ	23342
614	доверять	23335
615	отвечать	23312
616	насколько	23299
617	двигаться	23295
618	лёгкий	23280
619	письмо	23263
620	стрелять	23258
621	ситуация	23233
622	становиться	23233
623	собака	23192
624	белый	23115
625	стоять	23070
626	образ	23059
627	магазин	22971
628	боль	22945
629	доллар	22935
630	клиент	22895
631	достать	22848
632	голос	22821
633	разговор	22816
634	кстати	22754
635	заткнуться	22749
636	перевод	22740
637	разобраться	22681
638	проводить	22668
639	список	22635
640	шутить	22607
641	когда-нибудь	22598
642	погодить	22526
643	кофе	22518
644	операция	22515
645	звонок	22414
646	врач	22403
647	будущее	22377
648	войти	22322
649	спокойный	22277
650	положить	22246
651	проходить	22233
652	простой	22189
653	преступление	22188
654	уметь	22142
655	сей	22117
656	рождение	22086
657	ужин	22021
658	украсть	21984
659	главный	21936
660	подойти	21908
661	следить	21894
662	закончиться	21879
663	личный	21833
664	получать	21770
665	устроить	21768
666	добро	21745
667	любимый	21736
668	полицейский	21730
669	ужасно	21660
670	подобный	21654
671	офис	21653
672	сэм	21607
673	штука	21588
674	понадобиться	21548
675	совершенно	21452
676	свободный	21394
677	сходить	21378
678	запись	21341
679	небольшой	21341
680	умирать	21319
681	мужик	21256
682	где-то	21249
683	взглянуть	21183
684	огромный	21181
685	пропасть	21111
686	задница	21082
687	выяснить	21036
688	поступить	20954
689	подарок	20952
690	вызвать	20932
691	закон	20897
692	стол	20886
693	пригласить	20879
694	честно	20747
695	угодный	20705
696	как-то	20699
697	член	20667
698	выиграть	20651
699	прощение	20646
700	музыка	20613
701	занятый	20546
702	состояние	20502
703	измениться	20494
704	шесть	20461
705	совет	20449
706	сбежать	20428
707	подруга	20424
708	внутри	20397
709	свадьба	20390
710	убрать	20362
711	класс	20331
712	босс	20329
713	носить	20301
714	связать	20086
715	начаться	20036
716	уничтожить	19977
717	платить	19964
718	сообщить	19934
719	майкл	19888
720	садиться	19863
721	далеко	19854
722	сесть	19853
723	вокруг	19795
724	придумать	19795
725	предложить	19736
726	пистолет	19674
727	великий	19656
728	малыш	19631
729	заходить	19573
730	согласиться	19569
731	повод	19525
732	всякий	19499
733	удача	19354
734	огонь	19307
735	встретить	19237
736	речь	19217
737	волос	19205
738	фотография	19178
739	неужели	19139
740	очевидный	19079
741	круто	19057
742	умный	19042
743	скучать	19015
744	вдруг	18999
745	красный	18998
746	врать	18959
747	стена	18917
748	попытаться	18911
749	осторожный	18827
750	идиот	18824
751	повезти	18773
752	минутка	18749
753	подходить	18743
754	высокий	18740
755	шоу	18718
756	палец	18715
757	больно	18711
758	исчезнуть	18708
759	фрэнк	18642
760	трудно	18639
761	создать	18617
762	правый	18612
763	предложение	18606
764	существовать	18604
765	бывший	18566
766	дядя	18565
767	постоянно	18564
768	учиться	18539
769	например	18517
770	знакомый	18472
771	подозревать	18462
772	народ	18448
773	ожидать	18448
774	желать	18436
775	карта	18392
776	след	18363
777	обычный	18334
778	самолёт	18299
779	серьёзный	18283
780	третий	18282
781	чарли	18273
782	больной	18214
783	являться	18196
784	крайний	18188
785	виноватый	18170
786	означать	18166
787	продать	18144
788	часто	18114
789	десять	18110
790	мило	18110
791	какой-нибудь	18086
792	встать	18081
793	центр	18079
794	арестовать	18050
795	полностью	18026
796	стараться	17993
797	одежда	17968
798	леди	17964
799	джордж	17963
800	хватать	17912
801	результат	17863
802	джо	17861
803	вспомнить	17785
804	закрыть	17763
805	старший	17709
806	неплохо	17704
807	погибнуть	17700
808	клуб	17626
809	майк	17594
810	чуть	17579
811	дух	17571
812	невозможно	17552
813	устать	17535
814	понятие	17513
815	слушайте	17487
816	долгий	17450
817	скорый	17369
818	позаботиться	17348
819	питер	17303
820	отказаться	17283
821	секрет	17260
822	пропустить	17257
823	выход	17252
824	смеяться	17220
825	банк	17168
826	детка	17134
827	сойти	17127
828	легко	17101
829	офицер	17074
830	свидетель	17063
831	святой	17038
832	добраться	17029
833	обнаружить	17022
834	мало	16966
835	удаться	16936
836	сделка	16876
837	нью-йорк	16784
838	благодарить	16765
839	разный	16749
840	вместо	16738
841	удар	16701
842	настолько	16699
843	пожаловать	16693
844	поднять	16634
845	окно	16584
846	здание	16582
847	клясться	16554
848	мэм	16539
849	глупый	16535
850	переводчик	16484
851	либо	16417
852	пациент	16394
853	обед	16388
854	особенно	16373
855	куча	16372
856	шутка	16345
857	заставлять	16325
858	доказать	16303
859	эм	16287
860	защитить	16254
861	половина	16245
862	доказательство	16244
863	бизнес	16214
864	язык	16201
865	обязательно	16143
866	отель	16140
867	дама	16052
868	форма	16033
869	звезда	16032
870	плакать	16032
871	гость	15987
872	шаг	15976
873	занять	15947
874	б	15936
875	снимать	15923
876	чистый	15922
877	мадам	15916
878	небо	15898
879	немедленно	15866
880	наркотик	15835
881	отправиться	15834
882	лежать	15810
883	сработать	15803
884	рот	15785
885	защищать	15688
886	удовольствие	15662
887	способный	15631
888	служба	15622
889	вытащить	15621
890	наконец	15577
891	победить	15550
892	уезжать	15549
893	девчонка	15545
894	защита	15538
895	упасть	15509
896	бар	15508
897	штат	15501
898	сара	15494
899	ничто	15491
900	документ	15462
901	смешно	15407
902	абсолютно	15405
903	предлагать	15339
904	действовать	15336
905	вставать	15325
906	враг	15319
907	каковой	15283
908	бабушка	15237
909	собраться	15224
910	слава	15206
911	молодец	15148
912	желание	15130
913	переживать	15124
914	жениться	15075
915	отвезти	15062
916	расследование	15041
917	известно	15037
918	роль	15027
919	нечего	14979
920	уровень	14943
921	окей	14902
922	мнение	14901
923	власть	14875
924	готовить	14873
925	счастие	14807
926	поиск	14780
927	покой	14773
928	директор	14763
929	съесть	14758
930	называться	14687
931	тихо	14656
932	петь	14654
933	интересный	14650
934	приказ	14636
935	сомневаться	14633
936	факт	14625
937	многое	14609
938	сложно	14579
939	животное	14578
940	блин	14571
941	свобода	14528
942	джеймс	14481
943	заботиться	14473
944	костюм	14450
945	очередь	14441
946	лгать	14437
947	учитель	14424
948	рано	14411
949	знак	14402
950	словно	14393
951	опасный	14381
952	спина	14376
953	узнавать	14337
954	спокойно	14315
955	гора	14288
956	убираться	14287
957	крутой	14279
958	спасть	14254
959	постараться	14215
960	сумасшедший	14213
961	трогать	14209
962	прошлое	14203
963	тихий	14184
964	разница	14179
965	договориться	14173
966	контроль	14165
967	серия	14163
968	мечта	14159
969	планета	14157
970	шеф	14142
971	терять	14131
972	входить	14116
973	ввиду	14114
974	главное	14114
975	по-моему	14078
976	принадлежать	14016
977	поле	13998
978	кричать	13985
979	связаться	13970
980	показывать	13949
981	судья	13943
982	америка	13939
983	оставлять	13928
984	обвинение	13926
985	программа	13922
986	страшный	13893
987	точка	13890
988	ударить	13887
989	намного	13854
990	герой	13831
991	тяжело	13822
992	дерево	13809
993	пиво	13790
994	воздух	13760
995	ух	13758
996	собрать	13746
997	течение	13746
998	судьба	13723
999	бить	13703
1000	выжить	13683
1001	семь	13680
1002	долг	13678
1003	бедный	13669
1004	отдел	13659
1005	лекарство	13625
1006	армия	13624
1007	отойти	13616
1008	тяжёлый	13580
1009	среди	13571
1010	церковь	13544
1011	генри	13529
1012	уволить	13520
1013	брак	13506
1014	нести	13501
1015	выходной	13500
1016	успеть	13479
1017	вероятно	13461
1018	постоять	13456
1019	надеть	13441
1020	память	13430
1021	избавиться	13427
1022	рождество	13412
1023	известный	13399
1024	адрес	13396
1025	родиться	13381
1026	блядь	13370
1027	наконец-то	13370
1028	танцевать	13357
1029	макс	13341
1030	неважно	13341
1031	действие	13333
1032	сожалеть	13322
1033	цена	13316
1034	ублюдок	13304
1035	колледж	13271
1036	касаться	13262
1037	камень	13260
1038	почувствовать	13254
1039	алекс	13245
1040	надежда	13240
1041	приготовить	13208
1042	проснуться	13172
1043	старик	13146
1044	солдат	13141
1045	платье	13110
1046	ник	13077
1047	урок	13072
1048	вниз	13035
1049	копа	13035
1050	бросать	13033
1051	компьютер	13021
1052	убедиться	13017
1053	бен	13013
1054	наверняка	12996
1055	покинуть	12991
1056	дэвид	12985
1057	кровать	12885
1058	военный	12883
1059	сломать	12849
1060	особенный	12846
1061	цвет	12837
1062	здравствуй	12804
1063	нос	12802
1064	судить	12797
1065	весело	12782
1066	гораздо	12771
1067	солнце	12759
1068	впервые	12754
1069	получаться	12749
1070	дышать	12725
1071	чей	12699
1072	бороться	12697
1073	бумага	12672
1074	качество	12666
1075	яйцо	12610
1076	продавать	12601
1077	фбр	12578
1078	местный	12551
1079	сигнал	12544
1080	остров	12529
1081	сынок	12524
1082	вызывать	12518
1083	решать	12506
1084	сексуальный	12500
1085	поезд	12490
1086	расслабиться	12478
1087	возраст	12477
1088	ошибаться	12473
1089	признать	12448
1090	лес	12439
1091	научиться	12439
1092	совершить	12414
1093	обязать	12397
1094	билет	12392
1095	гордиться	12386
1096	нож	12380
1097	поверь	12377
1098	управлять	12377
1099	опасность	12352
1100	род	12307
1101	кольцо	12279
1102	линия	12267
1103	выбирать	12259
1104	поздравлять	12251
1105	многие	12246
1106	приятный	12241
1107	королева	12217
1108	ложь	12216
1109	обсудить	12204
1110	продолжить	12203
1111	сезон	12192
1112	показаться	12189
1113	страх	12170
1114	чай	12167
1115	никуда	12155
1116	покупать	12149
1117	зло	12148
1118	взгляд	12146
1119	большинство	12125
1120	сложный	12121
1121	открывать	12112
1122	подписать	12112
1123	пуля	12108
1124	оттуда	12099
1125	нормальный	12087
1126	фото	12074
1127	бомба	12054
1128	позвать	12054
1129	позволять	12051
1130	сцена	12051
1131	тест	12016
1132	никак	12008
1133	недавно	12002
1134	туалет	12002
1135	профессор	11994
1136	опоздать	11972
1137	несчастный	11961
1138	сержант	11911
1139	невероятно	11895
1140	наблюдать	11865
1141	вариант	11857
1142	газета	11835
1143	джейн	11831
1144	звук	11830
1145	эрик	11823
1146	злиться	11802
1147	значение	11800
1148	привезти	11790
1149	сожаление	11757
1150	угроза	11755
1151	придурок	11731
1152	благодаря	11730
1153	навсегда	11723
1154	зуб	11709
1155	вполне	11706
1156	сюрприз	11692
1157	относиться	11673
1158	ухо	11660
1159	кабинет	11647
1160	напугать	11637
1161	лейтенант	11628
1162	приходиться	11620
1163	ставить	11598
1164	закрытый	11590
1165	положение	11564
1166	взрослый	11557
1167	дэнни	11533
1168	замуж	11526
1169	пустой	11524
1170	лошадь	11501
1171	определённо	11501
1172	охрана	11500
1173	установить	11496
1174	грязный	11464
1175	боб	11454
1176	покончить	11422
1177	обожать	11412
1178	показание	11408
1179	всё-таки	11375
1180	заслуживать	11370
1181	страшно	11364
1182	ад	11362
1183	испортить	11362
1184	радость	11360
1185	идеальный	11356
1186	заключить	11347
1187	планировать	11345
1188	ресторан	11322
1189	море	11306
1190	замок	11293
1191	учить	11285
1192	близко	11278
1193	плевать	11276
1194	американский	11273
1195	чертовый	11263
1196	дурак	11242
1197	партнёр	11217
1198	кой	11201
1199	мечтать	11196
1200	прощать	11194
1201	правительство	11183
1202	бой	11168
1203	научить	11160
1204	грудь	11154
1205	кухня	11150
1206	мэри	11150
1207	сосед	11141
1208	эми	11131
1209	сохранить	11127
1210	событие	11125
1211	величество	11112
1212	гарри	11101
1213	постель	11099
1214	преступник	11097
1215	неправильно	11096
1216	богатый	11087
1217	улика	11082
1218	разрешить	11060
1219	включить	11045
1220	лично	11035
1221	район	11030
1222	напасть	11023
1223	лодка	11009
1224	тема	11008
1225	кость	11007
1226	подать	10999
1227	приём	10994
1228	участок	10993
1229	ричард	10986
1230	выбраться	10979
1231	разумеется	10967
1232	восемь	10963
1233	поступать	10956
1234	видимо	10954
1235	убедить	10940
1236	менее	10937
1237	хм	10923
1238	рабочий	10910
1239	вкус	10881
1240	забирать	10867
1241	признаться	10860
1242	труп	10857
1243	необходимо	10838
1244	генерал	10823
1245	беспокоить	10815
1246	записать	10815
1247	горячий	10807
1248	стоп	10807
1249	база	10789
1250	болеть	10787
1251	картина	10747
1252	сметь	10747
1253	граница	10741
1254	переехать	10741
1255	сумка	10731
1256	расти	10722
1257	вырасти	10720
1258	условие	10713
1259	марк	10696
1260	человеческий	10654
1261	хранить	10635
1262	забывать	10629
1263	пользоваться	10617
1264	тайна	10601
1265	вина	10598
1266	поесть	10597
1267	задать	10588
1268	отчёт	10565
1269	угол	10558
1270	случайно	10547
1271	название	10500
1272	месье	10497
1273	выше	10496
1274	однако	10495
1275	болезнь	10494
1276	доставить	10461
1277	вовсе	10457
1278	ход	10453
1279	присоединиться	10431
1280	пьяный	10421
1281	запомнить	10400
1282	многий	10388
1283	тупой	10387
1284	осторожно	10376
1285	сотня	10375
1286	правильный	10372
1287	дедушка	10363
1288	попытка	10363
1289	успех	10362
1290	коробка	10325
1291	выпустить	10315
1292	нуждаться	10306
1293	разрушить	10306
1294	ездить	10292
1295	госпожа	10280
1296	находить	10265
1297	проиграть	10262
1298	автобус	10249
1299	джим	10234
1300	победа	10233
1301	заказать	10212
1302	поцелуй	10210
1303	требовать	10208
1304	ого	10204
1305	детский	10196
1306	кусок	10189
1307	волновать	10186
1308	ха	10184
1309	поддерживать	10182
1310	нечто	10164
1311	расстроить	10157
1312	лететь	10113
1313	кожа	10098
1314	роман	10095
1315	проверять	10086
1316	проект	10083
1317	освободить	10062
1318	нанять	10060
1319	джимми	10054
1320	помешать	10053
1321	энергия	10042
1322	исправить	10029
1323	опыт	10020
1324	обращаться	10014
1325	общество	10003
1326	перезвонить	9985
1327	скрывать	9980
1328	рэй	9966
1329	трубка	9945
1330	сыграть	9942
1331	танец	9939
1332	управление	9907
1333	реальный	9905
1334	услуга	9905
1335	молчать	9896
1336	поддержка	9887
1337	доступ	9860
1338	париж	9828
1339	вау	9823
1340	часы	9819
1341	глава	9810
1342	здоровый	9804
1343	русский	9800
1344	задание	9797
1345	крыша	9755
1346	уважение	9749
1347	наверно	9737
1348	сука	9734
1349	анна	9731
1350	дон	9727
1351	видео	9725
1352	участвовать	9710
1353	лаборатория	9709
1354	верный	9701
1355	обсуждать	9691
1356	вечно	9685
1357	запах	9683
1358	классный	9677
1359	тётя	9653
1360	поскольку	9646
1361	женатый	9641
1362	процесс	9641
1363	мешать	9634
1364	билл	9632
1365	движение	9627
1366	тёмный	9609
1367	менять	9601
1368	весьма	9599
1369	оу	9587
1370	глупо	9581
1371	здоровье	9580
1372	тратить	9574
1373	отпечаток	9569
1374	неприятность	9568
1375	снаружи	9563
1376	подружка	9554
1377	сто	9536
1378	исследование	9534
1379	общаться	9534
1380	кино	9528
1381	бутылка	9486
1382	сегодняшний	9474
1383	круг	9470
1384	прочитать	9467
1385	чудо	9466
1386	преследовать	9464
1387	семейный	9443
1388	тони	9440
1389	особый	9433
1390	джейк	9423
1391	ранить	9423
1392	возможный	9416
1393	голодный	9415
1394	примерно	9409
1395	джей	9406
1396	хозяин	9403
1397	лондон	9398
1398	побрать	9393
1399	начинаться	9367
1400	когда-либо	9362
1401	зал	9361
1402	поездка	9357
1403	шлюха	9351
1404	сражаться	9339
1405	извиниться	9337
1406	страдать	9331
1407	собирать	9326
1408	повторять	9319
1409	видеться	9312
1410	подарить	9312
1411	шея	9308
1412	анализ	9307
1413	пережить	9307
1414	подняться	9303
1415	интерес	9290
1416	воспоминание	9278
1417	контролировать	9273
1418	число	9259
1419	беременный	9258
1420	миля	9258
1421	сдать	9255
1422	слух	9233
1423	добиться	9228
1424	рыба	9221
1425	угадать	9218
1426	вера	9216
1427	прятаться	9215
1428	ценить	9209
1429	левый	9200
1430	устраивать	9195
1431	пустить	9192
1432	возражать	9185
1433	эмиль	9183
1434	заявление	9151
1435	скорость	9151
1436	служить	9119
1437	воспользоваться	9117
1438	карьера	9114
1439	занятие	9107
1440	средство	9098
1441	видно	9097
1442	назначить	9093
1443	скажем	9089
1444	извиняться	9082
1445	ящик	9075
1446	глубокий	9074
1447	разрешение	9062
1448	перевести	9060
1449	предупредить	9059
1450	сукин	9053
1451	длинный	9051
1452	ранее	9050
1453	кларк	9047
1454	конченый	9046
1455	размер	9029
1456	рисковать	9027
1457	джентльмен	9019
1458	хрен	9015
1459	вызов	9014
1460	иисус	9014
1461	источник	8995
1462	возвращение	8987
1463	код	8971
1464	полковник	8963
1465	дождь	8952
1466	забавно	8941
1467	влюбить	8939
1468	одинокий	8931
1469	внизу	8929
1470	случаться	8927
1471	зависеть	8918
1472	мартин	8916
1473	медицинский	8909
1474	деревня	8906
1475	предать	8902
1476	посадить	8891
1477	вряд	8882
1478	срок	8863
1479	начальник	8846
1480	построить	8834
1481	шон	8834
1482	ответственность	8822
1483	детство	8814
1484	этаж	8808
1485	мария	8807
1486	слабый	8803
1487	малый	8800
1488	трое	8796
1489	люк	8795
1490	река	8787
1491	напоминать	8785
1492	гей	8781
1493	пахнуть	8776
1494	зелёный	8772
1495	юный	8764
1496	цветок	8753
1497	запереть	8747
1498	воля	8743
1499	праздник	8733
1500	учитывать	8724
1501	количество	8719
1502	глупость	8716
1503	таблетка	8716
1504	угрожать	8701
1505	взрыв	8698
1506	великолепный	8693
1507	райан	8692
1508	несмотря	8687
1509	кое-кто	8683
1510	отдохнуть	8675
1511	умолять	8674
1512	беда	8671
1513	проклятие	8649
1514	помощник	8634
1515	завтрак	8631
1516	приезжать	8619
1517	роберт	8591
1518	открытый	8588
1519	чёртов	8587
1520	задний	8558
1521	колено	8554
1522	принцесса	8550
1523	эмма	8532
1524	док	8530
1525	роза	8527
1526	искусство	8520
1527	лето	8511
1528	принц	8511
1529	сша	8506
1530	крупный	8489
1531	пожалуй	8482
1532	домашний	8473
1533	мамочка	8473
1534	курить	8465
1535	лить	8451
1536	встречать	8440
1537	борьба	8435
1538	заслужить	8427
1539	инспектор	8415
1540	вверх	8413
1541	крис	8402
1542	дойти	8399
1543	папочка	8391
1544	отвратительный	8390
1545	путешествие	8387
1546	приносить	8374
1547	ветер	8371
1548	наслаждаться	8371
1549	станция	8371
1550	добавить	8365
1551	журнал	8363
1552	застрелить	8360
1553	давление	8357
1554	ким	8352
1555	век	8346
1556	виновный	8346
1557	телевизор	8340
1558	такси	8338
1559	брайан	8334
1560	безумие	8330
1561	днк	8327
1562	недостаточно	8283
1563	потратить	8282
1564	стив	8281
1565	кейт	8267
1566	грузовик	8264
1567	птица	8244
1568	данный	8238
1569	проклятый	8230
1570	энди	8229
1571	перейти	8221
1572	шериф	8217
1573	коллега	8216
1574	когда-то	8201
1575	наверху	8198
1576	томас	8195
1577	ангел	8172
1578	едва	8165
1579	личность	8156
1580	заработать	8154
1581	мэр	8154
1582	спустя	8150
1583	отвести	8139
1584	младший	8138
1585	способность	8135
1586	появляться	8133
1587	зона	8129
1588	де	8124
1589	опасно	8123
1590	билли	8113
1591	нападение	8106
1592	невеста	8105
1593	прокурор	8105
1594	адам	8102
1595	захватить	8096
1596	рана	8095
1597	эдди	8088
1598	привыкнуть	8077
1599	внутрь	8070
1600	выстрел	8065
1601	ошибиться	8058
1602	томми	8045
1603	борт	8040
1604	призрак	8040
1605	злой	8037
1606	деталь	8026
1607	статья	8015
1608	бакс	8013
1609	убежать	8009
1610	обвинять	7996
1611	карман	7986
1612	подтвердить	7960
1613	смешной	7959
1614	чертовски	7946
1615	джонни	7936
1616	пугать	7923
1617	золотой	7920
1618	университет	7906
1619	теория	7898
1620	таковой	7884
1621	уважать	7883
1622	ёто	7882
1623	мена	7867
1624	существо	7860
1625	сознание	7858
1626	английский	7856
1627	бобби	7850
1628	везде	7850
1629	подходящий	7849
1630	схватить	7847
1631	уилла	7833
1632	готовиться	7831
1633	сомнение	7820
1634	мм	7812
1635	сеть	7810
1636	рак	7794
1637	кошмар	7790
1638	девять	7784
1639	побыть	7764
1640	фирма	7758
1641	поведение	7751
1642	мяч	7750
1643	ночной	7749
1644	джерри	7743
1645	потрясающе	7740
1646	двор	7734
1647	полно	7721
1648	неправда	7718
1649	товарищ	7711
1650	драться	7707
1651	честной	7705
1652	отменить	7682
1653	норма	7672
1654	почта	7663
1655	луна	7641
1656	настроение	7637
1657	пятница	7626
1658	секретный	7624
1659	польза	7606
1660	напомнить	7601
1661	скотт	7597
1662	поработать	7594
1663	потеря	7584
1664	предполагать	7572
1665	спешить	7572
1666	спрятать	7564
1667	задавать	7554
1668	пострадать	7548
1669	штаны	7543
1670	стиль	7539
1671	женский	7537
1672	природа	7534
1673	нервничать	7521
1674	присесть	7519
1675	притворяться	7515
1676	чак	7504
1677	допустить	7502
1678	ужас	7497
1679	свежий	7491
1680	родный	7481
1681	похитить	7480
1682	прибыть	7472
1683	великолепно	7469
1684	безопасный	7456
1685	благодарный	7452
1686	по-прежнему	7450
1687	автомобиль	7437
1688	дождаться	7437
1689	модель	7437
1690	достигнуть	7434
1691	вовремя	7428
1692	интернет	7414
1693	причинить	7409
1694	выполнять	7405
1695	зато	7399
1696	застрять	7396
1697	контракт	7387
1698	плечо	7386
1699	выключить	7379
1700	сериал	7375
1701	весёлый	7373
1702	данные	7372
1703	плюс	7370
1704	клетка	7365
1705	поцеловать	7359
1706	чарльз	7357
1707	кевин	7354
1708	меч	7349
1709	ерунда	7342
1710	согласно	7342
1711	пример	7340
1712	тренер	7338
1713	предпочитать	7326
1714	рик	7308
1715	падать	7302
1716	утверждать	7302
1717	чисто	7301
1718	срочно	7298
1719	вне	7281
1720	мясо	7277
1721	супер	7266
1722	приказать	7265
1723	двадцать	7260
1724	предел	7260
1725	карл	7256
1726	дурацкий	7251
1727	чудесный	7249
1728	спуститься	7238
1729	объяснять	7235
1730	слегка	7224
1731	пит	7223
1732	молоко	7222
1733	наверх	7219
1734	дьявол	7214
1735	чушь	7208
1736	расстаться	7206
1737	красиво	7195
1738	необходимый	7194
1739	сад	7194
1740	метр	7193
1741	владелец	7190
1742	лестница	7190
1743	золото	7182
1744	трудный	7180
1745	вселенная	7171
1746	обратиться	7166
1747	подниматься	7154
1748	морской	7150
1749	дважды	7148
1750	внутренний	7146
1751	дружище	7141
1752	потрясать	7138
1753	полезный	7134
1754	пушка	7130
1755	зрение	7127
1756	монстр	7126
1757	трус	7123
1758	болтать	7118
1759	прямой	7118
1760	сдаваться	7112
1761	разбить	7106
1762	опаздывать	7090
1763	кончиться	7086
1764	миссия	7085
1765	вынудить	7073
1766	частный	7061
1767	повсюду	7056
1768	сдаться	7055
1769	выполнить	7050
1770	мелкий	7036
1771	рубашка	7033
1772	упустить	7030
1773	интересовать	7020
1774	позиция	7019
1775	терпеть	7019
1776	ловушка	7016
1777	совпадение	7014
1778	ванная	7009
1779	похороны	7008
1780	практически	7004
1781	довольный	6997
1782	ведьма	6990
1783	авария	6980
1784	жестокий	6977
1785	политика	6977
1786	вампир	6972
1787	опустить	6952
1788	отправляться	6950
1789	отдавать	6949
1790	водитель	6946
1791	франция	6944
1792	мимо	6941
1793	повесить	6938
1794	школьный	6937
1795	лечение	6935
1796	битва	6930
1797	сотрудник	6930
1798	риск	6927
1799	грех	6926
1800	джина	6919
1801	короткий	6910
1802	ощущение	6909
1803	винить	6907
1804	вход	6904
1805	завести	6904
1806	дэн	6893
1807	нет-нуть	6892
1808	летать	6891
1809	лагерь	6889
1810	тень	6887
1811	территория	6887
1812	материал	6867
1813	стивен	6857
1814	лезть	6856
1815	проверка	6855
1816	радио	6846
1817	передумать	6835
1818	ме	6832
1819	магия	6828
1820	образец	6825
1821	особо	6823
1822	отказываться	6809
1823	шум	6799
1824	арест	6795
1825	обстоятельство	6785
1826	чужой	6785
1827	молиться	6779
1828	аэропорт	6775
1829	возле	6773
1830	красота	6769
1831	фунт	6768
1832	справляться	6759
1833	торопиться	6756
1834	спорить	6754
1835	влюбиться	6751
1836	задержать	6750
1837	голубой	6745
1838	лёд	6741
1839	продажа	6739
1840	удивительно	6739
1841	джош	6738
1842	поблагодарить	6733
1843	прочесть	6730
1844	клэр	6729
1845	национальный	6727
1846	повторить	6720
1847	стыдно	6720
1848	ханна	6707
1849	американец	6706
1850	везти	6696
1851	контакт	6691
1852	лидер	6671
1853	южный	6660
1854	явно	6650
1855	подготовить	6644
1856	наблюдение	6637
1857	алан	6636
1858	поддержать	6634
1859	столь	6633
1860	спасать	6617
1861	рассчитывать	6616
1862	чек	6616
1863	по-настоящему	6613
1864	разбираться	6597
1865	разум	6595
1866	ловить	6593
1867	итог	6575
1868	м-р	6571
1869	банда	6562
1870	майор	6559
1871	по-другому	6556
1872	выбросить	6553
1873	специальный	6553
1874	масло	6552
1875	запретить	6550
1876	смена	6547
1877	вывести	6540
1878	мост	6537
1879	дин	6532
1880	округ	6532
1881	симпатичный	6531
1882	кусочек	6519
1883	безумный	6518
1884	представление	6508
1885	поиграть	6496
1886	фамилия	6494
1887	улыбаться	6488
1888	прочь	6476
1889	страница	6476
1890	пробовать	6472
1891	дерзить	6465
1892	травма	6464
1893	испытывать	6454
1894	кошка	6453
1895	по-твоему	6449
1896	неплохой	6445
1897	издеваться	6438
1898	достойный	6436
1899	отпуск	6434
1900	французский	6431
1901	пообещать	6430
1902	игрок	6428
1903	суббота	6427
1904	сценарий	6427
1905	спальня	6422
1906	атака	6414
1907	канал	6410
1908	впереди	6404
1909	реально	6398
1910	демон	6390
1911	пожениться	6385
1912	зря	6376
1913	ручка	6373
1914	бегать	6364
1915	труд	6362
1916	устройство	6345
1917	северный	6343
1918	меняться	6340
1919	парк	6337
1920	энни	6336
1921	руль	6332
1922	создавать	6331
1923	копия	6325
1924	сладкий	6324
1925	сок	6320
1926	ложиться	6318
1927	наедине	6318
1928	ммм	6306
1929	отвалить	6300
1930	тед	6296
1931	слеза	6287
1932	выступать	6285
1933	артур	6284
1934	мастер	6282
1935	пожар	6281
1936	задача	6275
1937	собрание	6266
1938	организовать	6263
1939	перерыв	6262
1940	предоставить	6260
1941	направляться	6259
1942	медленно	6242
1943	извинение	6234
1944	талант	6224
1945	четвёртый	6222
1946	развод	6217
1947	изучать	6209
1948	поживать	6209
1949	вред	6208
1950	холодно	6206
1951	выслушать	6196
1952	насилие	6196
1953	холодный	6195
1954	множество	6175
1955	ученик	6168
1956	участие	6162
1957	лиза	6158
1958	ма	6156
1959	парочка	6153
1960	сигарета	6153
1961	жалкий	6151
1962	пирог	6147
1963	дикий	6142
1964	внезапно	6141
1965	англия	6139
1966	свинья	6137
1967	малышка	6129
1968	партия	6128
1969	чудесно	6126
1970	маска	6122
1971	специально	6119
1972	версия	6117
1973	самоубийство	6110
1974	наука	6107
1975	сумма	6101
1976	обмануть	6085
1977	сжечь	6085
1978	живот	6062
1979	строить	6060
1980	направление	6058
1981	кот	6057
1982	творить	6057
1983	реальность	6054
1984	вновь	6052
1985	охотиться	6048
1986	пожелать	6048
1987	потребоваться	6037
1988	дыра	6036
1989	ордер	6035
1990	оливер	6031
1991	ворота	6030
1992	морган	6029
1993	предупреждать	6027
1994	очки	6022
1995	приближаться	6019
1996	фургон	6015
1997	совершать	6011
1998	мусор	6008
1999	выстрелить	6003
2000	берег	5998
2001	догадаться	5990
2002	лишний	5990
2003	родственник	5988
2004	взяться	5984
2005	кэтрин	5983
2006	надоесть	5980
2007	газ	5979
2008	концерт	5972
2009	отстать	5971
2010	толпа	5968
2011	крик	5966
2012	вашингтон	5965
2013	вор	5964
2014	значить	5955
2015	процент	5955
2016	раскрыть	5954
2017	найтись	5949
2018	напарник	5949
2019	выпивка	5947
2020	голый	5942
2021	тянуть	5942
2022	пляж	5941
2023	священник	5941
2024	превратиться	5938
2025	спасение	5933
2026	горло	5926
2027	могила	5925
2028	люси	5918
2029	джейсон	5914
2030	шляпа	5887
2031	доверие	5883
2032	рынок	5879
2033	исключение	5877
2034	пресса	5874
2035	ставка	5874
2036	поискать	5871
2037	угу	5868
2038	синий	5858
2039	телефонный	5857
2040	псих	5851
2041	лорд	5840
2042	сменить	5840
2043	сучка	5840
2044	охранник	5839
2045	поторопиться	5832
2046	интервью	5824
2047	учёный	5814
2048	определённый	5811
2049	двойной	5807
2050	пост	5805
2051	организация	5804
2052	одолжение	5802
2053	удивить	5801
2054	фил	5796
2055	пицца	5794
2056	присяжный	5787
2057	изменение	5778
2058	объявить	5776
2059	во-первых	5773
2060	студент	5770
2061	пёс	5760
2062	продолжаться	5756
2063	воскресение	5753
2064	житель	5753
2065	божий	5745
2066	передача	5744
2067	реклама	5739
2068	очнуться	5734
2069	уолтер	5733
2070	королевский	5730
2071	среда	5724
2072	охота	5723
2073	ура	5712
2074	нил	5708
2075	необходимость	5705
2076	волна	5704
2077	вкусно	5703
2078	забавный	5702
2079	ферма	5684
2080	записка	5683
2081	эбби	5678
2082	край	5676
2083	север	5674
2084	гений	5668
2085	министр	5658
2086	келли	5653
2087	крыса	5648
2088	гореть	5640
2089	оказать	5639
2090	поделиться	5639
2091	создание	5637
2092	жопа	5635
2093	обязанность	5635
2094	прибыль	5634
2095	основное	5621
2096	менеджер	5613
2097	вынести	5609
2098	мэтт	5605
2099	губа	5604
2100	водить	5603
2101	мешок	5602
2102	дженни	5597
2103	медсестра	5596
2104	хлеб	5596
2105	поделать	5593
2106	глубоко	5588
2107	сзади	5587
2108	мальчишка	5586
2109	прикрытие	5579
2110	возникнуть	5578
2111	март	5578
2112	картер	5576
2113	обойтись	5573
2114	еврей	5570
2115	одиночество	5569
2116	позади	5559
2117	идеально	5554
2118	забота	5552
2119	экзамен	5550
2120	дружба	5546
2121	зарабатывать	5542
2122	игрушка	5541
2123	пятый	5540
2124	шевелиться	5530
2125	убегать	5527
2126	превратить	5523
2127	испугаться	5518
2128	файл	5517
2129	гулять	5515
2130	повредить	5513
2131	подвал	5512
2132	передавать	5511
2133	степень	5510
2134	убитый	5509
2135	городской	5506
2136	нибыть	5498
2137	невинный	5497
2138	лео	5495
2139	соединить	5494
2140	доля	5481
2141	необычный	5481
2142	оказываться	5476
2143	средний	5475
2144	реакция	5472
2145	наказание	5470
2146	пацан	5461
2147	заменить	5459
2148	сбить	5459
2149	виктор	5458
2150	ограбление	5458
2151	прыгать	5458
2152	переспать	5456
2153	хан	5456
2154	древний	5449
2155	приглашение	5443
2156	саймон	5439
2157	урод	5439
2158	кресло	5436
2159	сыр	5427
2160	федеральный	5425
2161	субтитр	5421
2162	награда	5418
2163	останавливаться	5418
2164	понедельник	5413
2165	одиночка	5406
2166	удивительный	5401
2167	океан	5394
2168	основание	5393
2169	разбудить	5391
2170	квартал	5388
2171	цру	5387
2172	уладить	5386
2173	обвинить	5381
2174	предмет	5376
2175	поступок	5375
2176	истинный	5372
2177	избежать	5368
2178	сенатор	5368
2179	старое	5359
2180	заглянуть	5355
2181	приглашать	5355
2182	футбол	5353
2183	актёр	5351
2184	заказ	5350
2185	определить	5350
2186	поднимать	5344
2187	должность	5343
2188	приступ	5343
2189	торт	5342
2190	посылать	5340
2191	впечатление	5329
2192	попрощаться	5324
2193	элис	5324
2194	двигатель	5316
2195	мировой	5314
2196	грейс	5312
2197	мина	5311
2198	классно	5309
2199	мужской	5308
2200	кайло	5301
2201	любим	5294
2202	крепкий	5293
2203	отправлять	5289
2204	ди	5287
2205	как-нибудь	5284
2206	работник	5284
2207	зеркало	5283
2208	бред	5281
2209	командир	5278
2210	ван	5276
2211	прежний	5271
2212	обращать	5268
2213	окончить	5267
2214	замечать	5266
2215	донна	5257
2216	вирус	5250
2217	грязь	5247
2218	настаивать	5247
2219	товар	5247
2220	наоборот	5243
2221	элли	5242
2222	стул	5241
2223	бассейн	5231
2224	глядеть	5231
2225	судебный	5229
2226	сосредоточиться	5228
2227	признак	5225
2228	отключить	5224
2229	навредить	5222
2230	обратный	5212
2231	составить	5212
2232	инструмент	5204
2233	поверьте	5199
2234	обещание	5197
2235	включая	5196
2236	живо	5195
2237	отделение	5194
2238	выступление	5192
2239	последствие	5192
2240	рай	5192
2241	предпочесть	5188
2242	починить	5187
2243	росс	5186
2244	постоянный	5181
2245	нарушить	5180
2246	озеро	5177
2247	ён	5177
2248	выборы	5162
2249	вспоминать	5161
2250	присутствие	5161
2251	вес	5157
2252	выдать	5147
2253	драка	5147
2254	пакет	5139
2255	упоминать	5139
2256	рост	5136
2257	владеть	5132
2258	грёбаный	5122
2259	коридор	5118
2260	джонс	5116
2261	красавица	5109
2262	родить	5107
2263	лечь	5105
2264	жалеть	5103
2265	мотив	5102
2266	буквально	5098
2267	вчерашний	5093
2268	джексон	5088
2269	скучно	5088
2270	договор	5082
2271	солгать	5080
2272	иной	5079
2273	колесо	5074
2274	покидать	5073
2275	естественно	5070
2276	ценный	5069
2277	сие	5068
2278	уильям	5066
2279	беречь	5064
2280	репутация	5061
2281	допрос	5059
2282	ниже	5056
2283	рейчел	5055
2284	визит	5048
2285	общественный	5040
2286	врн	5038
2287	диван	5038
2288	настать	5036
2289	ненадолго	5036
2290	попасться	5036
2291	полчаса	5035
2292	тайный	5035
2293	тревога	5032
2294	объект	5031
2295	гражданский	5027
2296	лос-анджелес	5026
2297	громкий	5025
2298	проследить	5024
2299	короче	5019
2300	давить	5014
2301	знаменитый	5013
2302	кормить	5007
2303	признание	5006
2304	технология	5005
2305	дэниел	5002
2306	принцип	5002
2307	ребекка	5002
2308	теб	5001
2309	просыпаться	5000
2310	режиссёр	4999
2311	невероятный	4998
2312	кое-какой	4997
2313	ак	4993
2314	дыхание	4991
2315	г-н	4986
2316	указывать	4985
2317	дед	4984
2318	барри	4977
2319	чикаго	4977
2320	крыло	4976
2321	прожить	4976
2322	тим	4975
2323	охотник	4972
2324	приготовиться	4970
2325	официально	4969
2326	энн	4966
2327	козёл	4963
2328	медведь	4962
2329	погода	4962
2330	целое	4959
2331	подавать	4958
2332	заболеть	4956
2333	присмотреть	4956
2334	напиток	4952
2335	ну-ка	4952
2336	приводить	4951
2337	столик	4951
2338	змея	4950
2339	лифт	4950
2340	замолчать	4949
2341	вдвоём	4946
2342	элизабет	4946
2343	невиновный	4944
2344	статус	4942
2345	требоваться	4939
2346	зад	4938
2347	предыдущий	4937
2348	эфир	4937
2349	орган	4935
2350	отнести	4934
2351	студия	4933
2352	нарушение	4930
2353	художник	4930
2354	единый	4922
2355	просьба	4920
2356	склад	4915
2357	месть	4914
2358	хвост	4910
2359	харви	4909
2360	победитель	4906
2361	эксперт	4896
2362	вкусный	4893
2363	юг	4889
2364	честный	4886
2365	джулия	4883
2366	наступить	4874
2367	присматривать	4873
2368	нелегко	4872
2369	хрень	4869
2370	страсть	4867
2371	китайский	4866
2372	улыбка	4862
2373	метод	4855
2374	робин	4855
2375	буква	4850
2376	заканчивать	4849
2377	говориться	4836
2378	клиника	4834
2379	сайт	4831
2380	рим	4828
2381	одетый	4822
2382	продукт	4820
2383	волшебный	4817
2384	патрик	4813
2385	дракон	4811
2386	осмотреть	4811
2387	дата	4810
2388	су	4808
2389	прикрыть	4805
2390	куда-нибудь	4804
2391	привлечь	4804
2392	закрывать	4801
2393	испытание	4800
2394	дочка	4793
2395	направить	4790
2396	переговоры	4788
2397	отследить	4787
2398	ряд	4780
2399	пространство	4777
2400	одолжить	4774
2401	луис	4769
2402	обманывать	4765
2403	область	4760
2404	частый	4757
2405	обмен	4750
2406	кэти	4746
2407	парка	4740
2408	бельё	4739
2409	гнев	4737
2410	оплатить	4728
2411	соглашение	4727
2412	пункт	4726
2413	перенести	4711
2414	поменять	4711
2415	температура	4710
2416	замужем	4708
2417	отказать	4708
2418	официальный	4696
2419	подставить	4696
2420	знание	4695
2421	европа	4692
2422	туфля	4692
2423	бля	4690
2424	запустить	4688
2425	очередной	4684
2426	коп	4683
2427	театр	4682
2428	высота	4681
2429	джефф	4681
2430	отдых	4681
2431	полюбить	4678
2432	считаться	4678
2433	внимательно	4677
2434	шкаф	4676
2435	смех	4675
2436	сеньор	4673
2437	кафе	4672
2438	описать	4671
2439	признавать	4670
2440	подвести	4668
2441	жених	4663
2442	новенький	4662
2443	оливия	4660
2444	зарплата	4658
2445	террорист	4658
2446	выгнать	4655
2447	обидеть	4655
2448	виски	4654
2449	покупка	4652
2450	рейс	4650
2451	трава	4650
2452	хэнк	4650
2453	спускаться	4648
2454	дно	4645
2455	посидеть	4644
2456	прятать	4643
2457	задумать	4641
2458	плач	4639
2459	поспать	4639
2460	ларри	4638
2461	отдыхать	4638
2462	ботинок	4636
2463	сквозь	4632
2464	зверь	4623
2465	труба	4621
2466	ванна	4618
2467	заложник	4617
2468	ожидание	4617
2469	жаловаться	4616
2470	автор	4611
2471	шпион	4604
2472	выдержать	4603
2473	гражданин	4599
2474	оскар	4597
2475	проехать	4595
2476	свалить	4595
2477	ввести	4591
2478	гонка	4590
2479	бесплатный	4586
2480	эмоция	4582
2481	точный	4572
2482	надолго	4569
2483	открытие	4569
2484	мягкий	4567
2485	заявить	4562
2486	эксперимент	4561
2487	да-да	4560
2488	увести	4558
2489	характер	4557
2490	современный	4547
2491	мороженое	4545
2492	мишель	4542
2493	обувь	4541
2494	карен	4540
2495	полёт	4540
2496	пёп	4539
2497	выкинуть	4536
2498	отсутствие	4536
2499	алкоголь	4535
2500	повернуться	4528
2501	чудовище	4527
2502	смириться	4525
2503	остаток	4524
2504	остановка	4521
2505	роджер	4521
2506	библиотека	4520
2507	дополнительный	4516
2508	фигня	4515
2509	засранец	4513
2510	усилие	4512
2511	темнота	4511
2512	подросток	4509
2513	фонд	4509
2514	я-то	4505
2515	расстояние	4504
2516	обратить	4502
2517	мэгга	4497
2518	шок	4497
2519	отрицать	4496
2520	стекло	4494
2521	потерпеть	4493
2522	кит	4491
2523	уход	4491
2524	секундочка	4487
2525	достаться	4486
2526	волк	4482
2527	слепой	4481
2528	хуй	4480
2529	профессиональный	4475
2530	объяснение	4473
2531	ракета	4473
2532	наказать	4472
2533	одновременно	4471
2534	совесть	4467
2535	церемония	4465
2536	гараж	4463
2537	финансовый	4463
2538	веселиться	4462
2539	стакан	4460
2540	заговорить	4458
2541	тьма	4458
2542	представитель	4456
2543	куда-то	4455
2544	тренировка	4451
2545	натворить	4449
2546	порвать	4447
2547	дитя	4444
2548	стэн	4444
2549	навестить	4440
2550	взорваться	4437
2551	интересоваться	4434
2552	пристрелить	4434
2553	повеселиться	4433
2554	присутствовать	4433
2555	зак	4431
2556	немножко	4427
2557	голод	4420
2558	пожалеть	4419
2559	флот	4415
2560	восторг	4409
2561	путешествовать	4409
2562	боевой	4407
2563	джесси	4405
2564	корова	4405
2565	побежать	4404
2566	отряд	4403
2567	удалить	4403
2568	кузен	4397
2569	центральный	4394
2570	эда	4392
2571	херня	4391
2572	дворец	4386
2573	звёздный	4381
2574	пожарный	4380
2575	политический	4379
2576	дар	4377
2577	посреди	4376
2578	браво	4374
2579	повреждение	4374
2580	легенда	4373
2581	острый	4372
2582	заехать	4371
2583	карточка	4367
2584	нажать	4365
2585	присаживаться	4365
2586	где-нибудь	4364
2587	прям	4364
2588	департамент	4363
2589	елена	4363
2590	проникнуть	4360
2591	лист	4358
2592	собственность	4356
2593	научный	4353
2594	дешёвый	4351
2595	диск	4351
2596	курица	4350
2597	эффект	4350
2598	солнечный	4349
2599	тащить	4348
2600	капля	4345
2601	том	4344
2602	ть	4341
2603	глянуть	4336
2604	аманда	4335
2605	крайне	4333
2606	минимум	4333
2607	толк	4333
2608	изменять	4327
2609	снег	4326
2610	путём	4325
2611	холодильник	4325
2612	грустно	4324
2613	восточный	4320
2614	некий	4320
2615	мак	4319
2616	нижний	4318
2617	километр	4314
2618	суп	4314
2619	эндрю	4314
2620	кампания	4309
2621	воин	4308
2622	человечество	4303
2623	страховка	4301
2624	эпизод	4300
2625	соврать	4297
2626	кейся	4293
2627	рой	4293
2628	сведение	4292
2629	тёплый	4288
2630	правосудие	4286
2631	целоваться	4286
2632	тоби	4284
2633	алиби	4282
2634	оценка	4281
2635	предположить	4277
2636	космический	4276
2637	запад	4273
2638	налево	4268
2639	протокол	4268
2640	неудачник	4264
2641	яд	4263
2642	велосипед	4261
2643	кандидат	4258
2644	дура	4257
2645	состоять	4256
2646	включать	4254
2647	похоронить	4254
2648	чашка	4254
2649	осознать	4252
2650	довериться	4250
2651	кукла	4245
2652	техника	4233
2653	четверг	4233
2654	наделать	4231
2655	западный	4229
2656	салли	4228
2657	восток	4227
2658	сказка	4227
2659	отличие	4226
2660	ай	4222
2661	снимок	4220
2662	войско	4218
2663	раб	4215
2664	сахар	4215
2665	кнопка	4203
2666	рисовать	4203
2667	калифорния	4202
2668	проститутка	4202
2669	жуткий	4195
2670	кто-либо	4194
2671	восстановить	4190
2672	конь	4189
2673	обида	4188
2674	губернатор	4181
2675	выражение	4178
2676	нигде	4178
2677	приветствовать	4178
2678	молль	4173
2679	переходить	4169
2680	сокровище	4168
2681	засунуть	4160
2682	комитет	4160
2683	пригодиться	4160
2684	заснуть	4159
2685	благодарность	4158
2686	вооружённый	4154
2687	пилот	4154
2688	блюдо	4152
2689	отстой	4150
2690	указать	4149
2691	вечный	4146
2692	ровно	4146
2693	мелочь	4141
2694	съёмка	4141
2695	юрист	4135
2696	подозрение	4127
2697	марти	4126
2698	социальный	4125
2699	государственный	4122
2700	тишина	4122
2701	шар	4122
2702	печение	4117
2703	аминь	4114
2704	наплевать	4112
2705	период	4112
2706	робот	4111
2707	сант	4111
2708	сводить	4109
2709	неловко	4102
2710	уснуть	4102
2711	кража	4099
2712	образование	4095
2713	велеть	4092
2714	страдание	4092
2715	софи	4090
2716	разочаровать	4088
2717	второе	4085
2718	чуть-чуть	4084
2719	чемодан	4080
2720	высоко	4078
2721	крошка	4074
2722	пища	4071
2723	сперва	4070
2724	твориться	4069
2725	винсент	4068
2726	миллиард	4068
2727	существование	4068
2728	космос	4067
2729	ла	4065
2730	упомянуть	4065
2731	выступить	4063
2732	традиция	4063
2733	задержаться	4062
2734	скрыть	4062
2735	ева	4061
2736	проявить	4059
2737	чокнутый	4059
2738	спрятаться	4057
2739	кролик	4054
2740	низкий	4054
2741	столкнуться	4054
2742	спеть	4051
2743	джессика	4047
2744	гостиница	4046
2745	поколение	4045
2746	джереми	4041
2747	сволочь	4036
2748	открыться	4035
2749	попадать	4029
2750	разделить	4027
2751	сверху	4026
2752	журналист	4022
2753	сообщать	4021
2754	мо	4019
2755	мадемуазель	4017
2756	что-либо	4016
2757	вторник	4014
2758	несомненно	4014
2759	рассказ	4014
2760	грант	4010
2761	сан	4009
2762	похищение	4004
2763	заводить	3998
2764	заполучить	3998
2765	ответственный	3997
2766	катастрофа	3995
2767	оценить	3994
2768	физический	3993
2769	глубина	3992
2770	биться	3990
2771	чемпион	3987
2772	временной	3985
2773	избегать	3985
2774	рш	3985
2775	вмешиваться	3983
2776	дженять	3983
2777	заново	3980
2778	напротив	3980
2779	плавать	3974
2780	тайлера	3971
2781	заканчиваться	3968
2782	розовый	3965
2783	предатель	3964
2784	сердечный	3960
2785	ненависть	3958
2786	намерение	3952
2787	прогуляться	3950
2788	тридцать	3949
2789	союз	3945
2790	лукас	3944
2791	процедура	3944
2792	обнять	3943
2793	облажаться	3942
2794	наружу	3941
2795	обеспечить	3938
2796	конкурс	3937
2797	соль	3936
2798	секретарь	3935
2799	подготовка	3934
2800	записывать	3930
2801	китай	3930
2802	шарлотта	3928
2803	нанести	3927
2804	немецкий	3927
2805	заполнить	3925
2806	хелен	3922
2807	вскоре	3920
2808	разбитый	3920
2809	германия	3919
2810	грубый	3919
2811	популярный	3918
2812	пятно	3914
2813	приключение	3913
2814	дерек	3912
2815	мсьё	3910
2816	маркус	3909
2817	агентство	3906
2818	палата	3904
2819	председатель	3901
2820	спорт	3900
2821	пасть	3898
2822	бесплатно	3897
2823	слуга	3896
2824	подпись	3894
2825	акция	3892
2826	поспорить	3892
2827	радоваться	3891
2828	дружок	3889
2829	железный	3889
2830	знакомство	3889
2831	неожиданно	3887
2832	дневник	3878
2833	домик	3878
2834	ткань	3876
2835	хлой	3875
2836	чей-то	3874
2837	гордость	3868
2838	собачий	3868
2839	кан	3862
2840	проваливать	3862
2841	красть	3861
2842	отметить	3860
2843	ревновать	3860
2844	благо	3856
2845	бо	3854
2846	трахаться	3853
2847	основа	3851
2848	явиться	3844
2849	взорвать	3842
2850	новичок	3838
2851	удивлённый	3837
2852	писатель	3835
2853	фред	3833
2854	бесполезный	3829
2855	беседа	3828
2856	жарко	3826
2857	линда	3826
2858	комиссар	3825
2859	терри	3823
2860	хмм	3822
2861	бокал	3821
2862	прогулка	3815
2863	неправильный	3814
2864	любовник	3810
2865	немец	3810
2866	империя	3809
2867	оборудование	3806
2868	пенни	3806
2869	предупреждение	3806
2870	лишить	3803
2871	соревнование	3803
2872	фраза	3802
2873	уверять	3801
2874	завидовать	3798
2875	заключение	3798
2876	мотоцикл	3794
2877	видение	3791
2878	впустить	3790
2879	соус	3789
2880	советовать	3788
2881	летний	3782
2882	нерв	3782
2883	цифра	3782
2884	выставить	3780
2885	музей	3780
2886	вертолёт	3778
2887	э-э	3778
2888	терапия	3777
2889	безусловно	3775
2890	куртка	3773
2891	беспокойство	3772
2892	езжать	3771
2893	смит	3771
2894	голосовать	3766
2895	отличаться	3766
2896	нина	3765
2897	какой-либо	3764
2898	парковка	3759
2899	брюс	3758
2900	неизвестный	3758
2901	рождественский	3757
2902	недалеко	3755
2903	орудие	3753
2904	класть	3752
2905	элисон	3750
2906	одинаковый	3747
2907	африка	3746
2908	удобно	3745
2909	ведущий	3742
2910	дл	3740
2911	иск	3736
2912	объявление	3736
2913	паспорт	3735
2914	полдень	3733
2915	влияние	3732
2916	башня	3731
2917	фу	3731
2918	истина	3728
2919	фанат	3725
2920	япония	3725
2921	продюсер	3724
2922	целовать	3723
2923	забить	3720
2924	специалист	3719
2925	направо	3718
2926	дорогуша	3715
2927	слышный	3715
2928	смотреться	3713
2929	доставать	3708
2930	символ	3707
2931	мобильный	3705
2932	моника	3703
2933	торговый	3701
2934	скучный	3699
2935	бал	3696
2936	тепло	3694
2937	россия	3691
2938	высочество	3690
2939	некуда	3690
2940	практика	3689
2941	тарелка	3689
2942	сердиться	3688
2943	поворот	3685
2944	из-под	3683
2945	альбом	3681
2946	кэролайна	3677
2947	сравнение	3674
2948	завтрашний	3673
2949	превосходно	3669
2950	захотеться	3666
2951	развлекаться	3666
2952	купер	3664
2953	отомстить	3664
2954	верхний	3663
2955	спортивный	3662
2956	сбор	3661
2957	набрать	3659
2958	коктейль	3658
2959	хорошенько	3658
2960	экран	3656
2961	персонал	3651
2962	запас	3649
2963	справедливость	3649
2964	музыкальный	3648
2965	стрелка	3645
2966	джеки	3639
2967	завершить	3637
2968	марь	3635
2969	подробность	3635
2970	заказывать	3634
2971	смелый	3632
2972	нападать	3631
2973	чжина	3630
2974	полгода	3626
2975	опухоль	3625
2976	кадр	3622
2977	сидение	3622
2978	доска	3620
2979	привлекательный	3620
2980	жёлтый	3618
2981	вот-вот	3615
2982	одеваться	3611
2983	отпускать	3611
2984	смертный	3611
2985	мудак	3610
2986	далее	3609
2987	обезьяна	3609
2988	повернуть	3608
2989	налог	3604
2990	шестой	3604
2991	спятить	3603
2992	вывод	3601
2993	оправдание	3600
2994	дженна	3599
2995	кира	3597
2996	делиться	3596
2997	суметь	3594
2998	плоть	3591
2999	одеть	3590
3000	позор	3589
3001	советник	3587
3002	повести	3586
3003	разойтись	3586
3004	ти	3586
3005	британский	3585
3006	сломаться	3583
3007	замешать	3581
3008	хирург	3581
3009	тошнить	3580
3010	обыскать	3579
3011	удобный	3578
3012	медленный	3577
3013	разрешать	3577
3014	терпение	3577
3015	очаровательный	3573
3016	сбросить	3573
3017	игнорировать	3572
3018	сдохнуть	3572
3019	сиська	3572
3020	окружный	3571
3021	связанный	3571
3022	шоколад	3569
3023	валить	3566
3024	жёсткий	3566
3025	расписание	3566
3026	атаковать	3563
3027	убежище	3561
3028	синьор	3559
3029	уверенность	3555
3030	тост	3552
3031	освобождение	3551
3032	тварь	3547
3033	прикончить	3546
3034	слабость	3544
3035	надевать	3543
3036	очко	3543
3037	нарисовать	3541
3038	согласие	3541
3039	подушка	3539
3040	хреновый	3534
3041	выпускной	3532
3042	руководство	3529
3043	будущий	3528
3044	расследовать	3525
3045	опознать	3524
3046	поклясться	3522
3047	исключить	3520
3048	подержать	3518
3049	напиться	3517
3050	обучение	3517
3051	рон	3513
3052	скрытый	3513
3053	джастин	3511
3054	поместить	3511
3055	шина	3511
3056	деться	3510
3057	кристина	3510
3058	площадка	3510
3059	учёба	3509
3060	вика	3504
3061	красавчик	3503
3062	государство	3502
3063	набор	3502
3064	сейф	3500
3065	поужинать	3499
3066	вероятность	3495
3067	диана	3494
3068	роуз	3493
3069	дать-ка	3492
3070	жирный	3490
3071	лечить	3488
3072	гордон	3487
3073	поход	3487
3074	император	3486
3075	преимущество	3486
3076	решётка	3482
3077	внешний	3481
3078	расход	3478
3079	веселие	3476
3080	международный	3475
3081	мода	3475
3082	переезжать	3475
3083	подвезти	3474
3084	фальшивый	3473
3085	кататься	3471
3086	четверо	3469
3087	отрезать	3467
3088	посетитель	3467
3089	славный	3466
3090	картинка	3456
3091	футболка	3456
3092	зомби	3453
3093	противник	3453
3094	покупатель	3451
3095	подход	3449
3096	джесс	3446
3097	портить	3446
3098	повлиять	3444
3099	причём	3442
3100	говард	3440
3101	стремиться	3440
3102	трюк	3440
3103	свадебный	3435
3104	леонард	3434
3105	врата	3431
3106	пальто	3431
3107	цент	3429
3108	познакомить	3427
3109	ядерный	3426
3110	послание	3425
3111	фантазия	3425
3112	рассвет	3421
3113	заинтересовать	3419
3114	рецепт	3419
3115	производство	3416
3116	редкий	3416
3117	ми	3413
3118	середина	3413
3119	взломать	3412
3120	пари	3412
3121	ограбить	3409
3122	основать	3405
3123	шрам	3405
3124	ложный	3402
3125	полететь	3402
3126	яркий	3401
3127	залог	3397
3128	удачный	3397
3129	ясный	3396
3130	христос	3394
3131	использование	3393
3132	отставка	3392
3133	хер	3392
3134	ярость	3392
3135	вступить	3391
3136	милорд	3389
3137	тина	3389
3138	лев	3388
3139	дорого	3380
3140	поверхность	3378
3141	судно	3374
3142	пассажир	3373
3143	желудок	3372
3144	несчастие	3371
3145	привычка	3371
3146	перчатка	3370
3147	тон	3369
3148	вершина	3368
3149	нехорошо	3367
3150	персонаж	3366
3151	занимать	3364
3152	граф	3363
3153	краска	3362
3154	карлос	3360
3155	равный	3360
3156	редко	3358
3157	матч	3357
3158	мик	3357
3159	незнакомец	3357
3160	подобрать	3357
3161	внук	3356
3162	минуточка	3355
3163	развитие	3355
3164	трагедия	3350
3165	госпиталь	3348
3166	ружьё	3348
3167	мексика	3347
3168	наручник	3347
3169	электричество	3347
3170	кэрол	3346
3171	стрельба	3345
3172	пенсия	3343
3173	красотка	3342
3174	основный	3341
3175	лор	3337
3176	понимание	3336
3177	трахнуть	3335
3178	акт	3334
3179	культура	3334
3180	сорок	3334
3181	безопасно	3333
3182	книжка	3330
3183	миллер	3329
3184	пещера	3325
3185	ужинать	3322
3186	съездить	3318
3187	печень	3316
3188	смертельный	3314
3189	молитва	3312
3190	нервный	3312
3191	жалоба	3311
3192	падение	3310
3193	череп	3310
3194	зацепка	3309
3195	стресс	3308
3196	убраться	3307
3197	лоис	3306
3198	сниться	3306
3199	отложить	3301
3200	помещение	3301
3201	джонсон	3300
3202	просмотреть	3300
3203	операционный	3298
3204	нора	3296
3205	причёска	3294
3206	гольф	3291
3207	перемена	3290
3208	предстоять	3288
3209	повториться	3287
3210	седьмой	3287
3211	клаус	3284
3212	побег	3283
3213	редактор	3283
3214	внести	3281
3215	маргарет	3280
3216	трахать	3278
3217	налить	3275
3218	разведка	3275
3219	разумный	3275
3220	стюарт	3275
3221	подряд	3273
3222	штучка	3271
3223	неа	3268
3224	нарушать	3267
3225	фабрика	3264
3226	выносить	3263
3227	публика	3260
3228	майя	3258
3229	сохранять	3257
3230	марш	3250
3231	сьюзан	3250
3232	рид	3249
3233	тачка	3247
3234	эйприл	3246
3235	беспорядок	3245
3236	сэндвич	3242
3237	фактически	3242
3238	суть	3241
3239	стесняться	3240
3240	загадка	3239
3241	обладать	3239
3242	яблоко	3239
3243	хо	3238
3244	безумно	3237
3245	оуэн	3237
3246	слева	3236
3247	сутки	3236
3248	изучить	3235
3249	мощный	3230
3250	доказывать	3227
3251	эшли	3227
3252	режим	3226
3253	бета	3225
3254	цепь	3224
3255	вещество	3223
3256	пульс	3222
3257	конфета	3221
3258	салат	3221
3259	обедать	3218
3260	телевидение	3215
3261	прелесть	3214
3262	приговор	3213
3263	спор	3212
3264	точнее	3208
3265	болван	3206
3266	надпись	3203
3267	гиббс	3202
3268	задуматься	3202
3269	подразделение	3202
3270	строй	3201
3271	кризис	3200
3272	министерство	3199
3273	юридический	3199
3274	щит	3198
3275	доставка	3190
3276	тедди	3190
3277	ссора	3187
3278	слушание	3181
3279	давать-ка	3180
3280	бюро	3178
3281	свести	3176
3282	уговорить	3176
3283	заклинание	3175
3284	полотенце	3175
3285	плата	3173
3286	вонять	3172
3287	скандал	3169
3288	эдвард	3169
3289	холм	3167
3290	луиза	3166
3291	браун	3165
3292	убирать	3165
3293	воздушный	3164
3294	профессионал	3164
3295	бут	3163
3296	произнести	3163
3297	спенсер	3157
3298	виктория	3155
3299	милость	3154
3300	лиз	3153
3301	симптом	3153
3302	кэрри	3149
3303	справедливо	3147
3304	ибо	3144
3305	местечко	3144
3306	чжу	3142
3307	щрн	3142
3308	соответствовать	3140
3309	отнять	3139
3310	инструкция	3136
3311	протяжение	3136
3312	поправиться	3135
3313	джуля	3134
3314	изнасиловать	3134
3315	градус	3133
3316	проделать	3132
3317	комиссия	3130
3318	полтора	3130
3319	бандит	3129
3320	храм	3129
3321	нужда	3127
3322	завод	3126
3323	мгновение	3124
3324	зритель	3123
3325	репортёр	3121
3326	обман	3119
3327	верёвка	3114
3328	счастливо	3114
3329	няня	3112
3330	поздороваться	3112
3331	джордан	3111
3332	стереть	3111
3333	груз	3102
3334	лишиться	3102
3335	грег	3098
3336	облако	3096
3337	приступить	3096
3338	кровотечение	3095
3339	требование	3095
3340	лести	3092
3341	аренда	3090
3342	пожертвовать	3087
3343	италия	3085
3344	спокойствие	3085
3345	приют	3082
3346	беречься	3081
3347	плёнка	3081
3348	майка	3080
3349	срочный	3080
3350	ян	3080
3351	избить	3079
3352	сраный	3079
3353	депрессия	3077
3354	мерзкий	3076
3355	поблизости	3076
3356	винс	3075
3357	доза	3074
3358	поражение	3073
3359	изображение	3072
3360	раздражать	3070
3361	тейлор	3070
3362	дружить	3069
3363	песок	3069
3364	свеча	3069
3365	картошка	3066
3366	королевство	3065
3367	итан	3064
3368	мышь	3064
3369	слушаться	3063
3370	паника	3062
3371	чан	3061
3372	вырвать	3060
3373	ээ	3060
3374	заранее	3059
3375	актриса	3058
3376	печально	3054
3377	александр	3053
3378	лига	3053
3379	рисунок	3040
3380	баба	3038
3381	пыль	3038
3382	тодда	3037
3383	бак	3036
3384	участник	3036
3385	фут	3036
3386	лжец	3035
3387	удержать	3035
3388	отравить	3032
3389	улететь	3031
3390	француз	3030
3391	любопытно	3029
3392	очистить	3029
3393	оплата	3028
3394	бабуля	3026
3395	коллекция	3024
3396	обстановка	3024
3397	непросто	3023
3398	воображение	3022
3399	галстук	3022
3400	гигантский	3022
3401	бензин	3017
3402	клоун	3014
3403	разорвать	3014
3404	прыгнуть	3011
3405	справа	3011
3406	барни	3010
3407	точность	3009
3408	всерьёз	3008
3409	кровавый	3005
3410	серийный	3003
3411	выпуск	3001
3412	навык	3000
3413	хранилище	3000
3414	барбара	2998
3415	тонкий	2998
3416	уилсон	2997
3417	повышение	2995
3418	вечность	2992
3419	выписать	2992
3420	толстый	2990
3421	пройтись	2988
3422	гарантировать	2985
3423	грустный	2983
3424	соседка	2983
3425	конечный	2981
3426	произвести	2981
3427	развлечение	2981
3428	замена	2980
3429	привлекать	2980
3430	рэйчел	2978
3431	побережье	2977
3432	пошутить	2977
3433	последовать	2975
3434	фредди	2975
3435	бонний	2972
3436	лорен	2972
3437	библия	2971
3438	подтверждать	2970
3439	касл	2965
3440	вправду	2964
3441	белые	2962
3442	отчаяние	2962
3443	ааа	2959
3444	сью	2959
3445	относительно	2958
3446	прилететь	2958
3447	успешный	2954
3448	достоинство	2951
3449	электронный	2951
3450	премьер-министр	2948
3451	переодеться	2945
3452	академия	2942
3453	описание	2942
3454	спутник	2942
3455	ремонт	2941
3456	че	2941
3457	обойти	2939
3458	лу	2938
3459	рассмотреть	2937
3460	посещать	2935
3461	скрываться	2935
3462	громко	2929
3463	рассматривать	2927
3464	дым	2926
3465	доложить	2924
3466	лесбиянка	2924
3467	акцент	2923
3468	наиболее	2923
3469	бум	2922
3470	гроб	2919
3471	зоя	2919
3472	нахуй	2919
3473	значок	2917
3474	одержимый	2916
3475	отказ	2914
3476	сирена	2914
3477	заведение	2913
3478	использоваться	2913
3479	казнь	2913
3480	лан	2913
3481	подстрелить	2912
3482	блестящий	2911
3483	японский	2910
3484	башка	2906
3485	настроить	2904
3486	ноготь	2904
3487	пустыня	2904
3488	жалко	2903
3489	исчезать	2903
3490	недостаток	2902
3491	неправый	2902
3492	нету	2902
3493	барт	2899
3494	случайный	2898
3495	причинять	2897
3496	аппетит	2895
3497	поболтать	2895
3498	паркер	2894
3499	джоуя	2892
3500	руководитель	2892
3501	близнец	2890
3502	висеть	2889
3503	шахта	2889
3504	исчезновение	2888
3505	пятьдесят	2888
3506	багажник	2887
3507	запасный	2887
3508	татуировка	2887
3509	удаваться	2887
3510	филипп	2886
3511	десятка	2881
3512	посол	2881
3513	отъезд	2880
3514	разозлиться	2880
3515	изнасилование	2878
3516	праздновать	2876
3517	тереза	2876
3518	грань	2875
3519	глотка	2873
3520	лиам	2872
3521	рок	2872
3522	любитель	2871
3523	нечестно	2871
3524	предок	2871
3525	торговля	2871
3526	кислород	2870
3527	спустить	2869
3528	молчание	2867
3529	коул	2866
3530	сотрудничать	2866
3531	широкий	2866
3532	утренний	2865
3533	благословить	2864
3534	стефан	2861
3535	тронуть	2860
3536	вежливый	2859
3537	рис	2856
3538	охранять	2854
3539	бетти	2853
3540	пароль	2853
3541	шарик	2853
3542	дурной	2849
3543	ненормальный	2848
3544	распоряжение	2848
3545	беременность	2847
3546	пьеса	2847
3547	чжон	2847
3548	феликс	2846
3549	эмоциональный	2846
3550	ценность	2845
3551	уважаемый	2844
3552	атмосфера	2843
3553	прочить	2841
3554	сопротивление	2841
3555	притвориться	2840
3556	луи	2839
3557	задеть	2838
3558	автомат	2835
3559	рикки	2835
3560	выигрывать	2834
3561	инфекция	2834
3562	организм	2834
3563	кокаин	2833
3564	совпадать	2833
3565	нэнси	2832
3566	метро	2831
3567	рискнуть	2831
3568	несправедливый	2830
3569	коннора	2829
3570	клёво	2828
3571	взамен	2827
3572	двигать	2827
3573	неподалёку	2827
3574	откроить	2827
3575	выразить	2826
3576	по-вашему	2825
3577	стрела	2825
3578	аппарат	2824
3579	гнать	2822
3580	холл	2816
3581	рыцарь	2813
3582	выбить	2812
3583	появление	2812
3584	младенец	2811
3585	пришелец	2810
3586	пешком	2809
3587	пирс	2808
3588	серый	2807
3589	каникулы	2806
3590	разок	2806
3591	вылезать	2805
3592	корея	2803
3593	ссориться	2803
3594	луч	2801
3595	монета	2801
3596	масса	2800
3597	хи	2799
3598	благодарение	2798
3599	казино	2798
3600	джоан	2795
3601	гитара	2793
3602	увезти	2793
3603	кара	2791
3604	неудача	2791
3605	впечатлять	2790
3606	приз	2790
3607	раса	2788
3608	дэйв	2783
3609	поразить	2783
3610	извращенец	2781
3611	хён	2780
3612	храбрый	2777
3613	жалость	2775
3614	психиатр	2775
3615	годиться	2773
3616	кайф	2773
3617	хозяйка	2773
3618	водка	2772
3619	детишки	2772
3620	длиться	2772
3621	молния	2768
3622	нежный	2767
3623	вскрытие	2765
3624	палочка	2764
3625	юмор	2764
3626	укусить	2763
3627	залезть	2762
3628	кретин	2762
3629	фокус	2762
3630	племянник	2759
3631	гэри	2758
3632	во-вторых	2757
3633	погодить-ка	2757
3634	посетить	2755
3635	тренироваться	2755
3636	бостон	2752
3637	открытка	2752
3638	потанцевать	2752
3639	тур	2751
3640	бедняжка	2750
3641	братан	2749
3642	оператор	2748
3643	бесполезно	2747
3644	бумажник	2747
3645	одри	2747
3646	взволновать	2746
3647	трудность	2746
3648	провалиться	2745
3649	марка	2744
3650	дарить	2741
3651	расстроиться	2741
3652	кредитка	2738
3653	побывать	2737
3654	элемент	2733
3655	алисий	2731
3656	естественный	2731
3657	лина	2729
3658	успокоить	2729
3659	кон	2728
3660	лив	2727
3661	почка	2727
3662	делаться	2725
3663	искренне	2725
3664	боец	2722
3665	конкретно	2719
3666	сумочка	2719
3667	произносить	2718
3668	флаг	2718
3669	репетиция	2715
3670	заседание	2714
3671	головной	2712
3672	лекция	2710
3673	мучить	2709
3674	жара	2708
3675	франк	2708
3676	шоссе	2706
3677	сгореть	2704
3678	софия	2704
3679	общение	2700
3680	ступать	2700
3681	деятельность	2697
3682	кинг	2697
3683	кончать	2697
3684	экипаж	2696
3685	институт	2695
3686	весна	2694
3687	альберт	2691
3688	хаос	2690
3689	тара	2688
3690	поклонник	2685
3691	солнышко	2685
3692	бродить	2684
3693	джонатан	2684
3694	смелость	2684
3695	увеличить	2684
3696	впечатлить	2683
3697	посметь	2683
3698	микки	2682
3699	одиноко	2681
3700	религия	2681
3701	яхта	2680
3702	флорида	2679
3703	деловой	2678
3704	законный	2678
3705	прикасаться	2678
3706	дилан	2677
3707	маршал	2676
3708	предположение	2676
3709	вылечить	2673
3710	джулиан	2672
3711	одеяло	2672
3712	патрон	2672
3713	ранение	2672
3714	техас	2670
3715	дерьмовый	2668
3716	соглашаться	2668
3717	любовный	2666
3718	натали	2666
3719	обдумать	2664
3720	подрать	2664
3721	супруг	2664
3722	заболевание	2660
3723	подкрепление	2660
3724	прояснить	2659
3725	ущерб	2653
3726	дэвис	2651
3727	светлый	2651
3728	жестоко	2650
3729	основной	2646
3730	индия	2645
3731	сопротивляться	2645
3732	дик	2644
3733	сухой	2644
3734	мебель	2642
3735	почитать	2642
3736	стрит	2642
3737	дрянь	2639
3738	избавить	2638
3739	воспринимать	2635
3740	стража	2635
3741	состояться	2634
3742	поглядеть	2631
3743	противный	2631
3744	революция	2631
3745	свидетельство	2631
3746	жутко	2630
3747	зависимость	2630
3748	муха	2629
3749	зима	2627
3750	неизвестно	2626
3751	пэм	2626
3752	рэнди	2624
3753	вирджиния	2623
3754	воевать	2622
3755	довести	2622
3756	заговор	2622
3757	нет-нет-нуть	2622
3758	энтони	2621
3759	различный	2620
3760	догнать	2618
3761	эдриан	2617
3762	назначение	2616
3763	реагировать	2615
3764	питание	2614
3765	пускать	2614
3766	буря	2613
3767	мероприятие	2611
3768	стих	2611
3769	кенни	2607
3770	сэмми	2607
3771	родина	2606
3772	порой	2603
3773	неудобно	2602
3774	самостоятельно	2601
3775	сдавать	2601
3776	инцидент	2600
3777	нетерпение	2600
3778	блондинка	2599
3779	так-то	2599
3780	предъявить	2598
3781	май	2597
3782	надрать	2597
3783	устроиться	2597
3784	заценить	2594
3785	грин	2590
3786	лайла	2588
3787	напряжение	2588
3788	недолго	2588
3789	случайность	2588
3790	вериться	2587
3791	жажда	2587
3792	акула	2586
3793	залезать	2584
3794	эллиот	2584
3795	иван	2583
3796	подонок	2583
3797	штаб	2583
3798	толкать	2582
3799	бриллиант	2581
3800	удивиться	2581
3801	палка	2578
3802	площадь	2577
3803	николь	2576
3804	доход	2575
3805	плыть	2570
3806	отпраздновать	2568
3807	пират	2568
3808	стерва	2567
3809	рорь	2566
3810	фон	2566
3811	посвятить	2563
3812	птичка	2563
3813	наркота	2562
3814	отвлекать	2562
3815	сентябрь	2562
3816	утка	2561
3817	маршрут	2560
3818	долина	2557
3819	строгий	2557
3820	итальянский	2556
3821	борода	2555
3822	клёвый	2555
3823	льюис	2553
3824	продавец	2552
3825	помимо	2551
3826	старина	2550
3827	корпорация	2548
3828	улыбнуться	2548
3829	священный	2546
3830	оборона	2545
3831	фотка	2545
3832	восхищаться	2543
3833	кристин	2541
3834	потерянный	2540
3835	ругаться	2540
3836	аллергия	2539
3837	благородный	2539
3838	кредит	2538
3839	взлом	2537
3840	линдсить	2537
3841	разрыв	2537
3842	освободиться	2536
3843	вице-президент	2535
3844	полагаться	2534
3845	пускай	2534
3846	грубо	2532
3847	городок	2530
3848	крест	2530
3849	математика	2530
3850	полоса	2530
3851	слон	2528
3852	препарат	2527
3853	ствол	2527
3854	кладбище	2525
3855	трон	2525
3856	воровать	2523
3857	жильё	2522
3858	наряд	2522
3859	рамка	2521
3860	объятие	2520
3861	майами	2517
3862	дамочка	2516
3863	любезный	2516
3864	марко	2514
3865	грей	2513
3866	видать	2512
3867	испанский	2512
3868	среднее	2512
3869	полка	2511
3870	происшествие	2511
3871	посадка	2510
3872	сид	2510
3873	неприятно	2509
3874	пенис	2509
3875	собеседование	2509
3876	навещать	2507
3877	содержать	2507
3878	белла	2506
3879	мэй	2506
3880	незаконный	2505
3881	течь	2505
3882	фрукт	2505
3883	снятой	2504
3884	эээ	2504
3885	сотовый	2503
3886	маршалл	2501
3887	негодяй	2500
3888	ремень	2500
3889	фигура	2500
3890	даг	2499
3891	мю	2499
3892	стратегия	2499
3893	пообедать	2497
3894	тхэ	2497
3895	пиджак	2496
3896	развестись	2496
3897	жидкость	2495
3898	застать	2495
3899	стадия	2495
3900	запрос	2494
3901	приход	2493
3902	бег	2491
3903	любовница	2491
3904	недвижимость	2491
3905	футбольный	2491
3906	бездомный	2490
3907	мотель	2490
3908	клара	2488
3909	решиться	2488
3910	пропадать	2487
3911	влиять	2485
3912	крепко	2485
3913	руководить	2485
3914	колин	2482
3915	музыкант	2482
3916	текст	2482
3917	финн	2482
3918	связываться	2478
3919	би	2477
3920	подозрительный	2477
3921	пытка	2477
3922	гектор	2476
3923	царь	2476
3924	приёмный	2475
3925	торчать	2474
3926	совместный	2473
3927	федерал	2472
3928	мона	2470
3929	поздравление	2470
3930	приложить	2469
3931	комментарий	2467
3932	порт	2466
3933	карла	2464
3934	по-английски	2463
3935	блок	2460
3936	райли	2459
3937	восхитительный	2457
3938	гарольд	2457
3939	гаснуть	2456
3940	чжун	2456
3941	открываться	2455
3942	лиззь	2453
3943	опека	2453
3944	посоветовать	2452
3945	сеанс	2450
3946	ноль	2448
3947	добыча	2446
3948	заодно	2446
3949	линкольн	2445
3950	конфликт	2442
3951	хейль	2441
3952	я-я	2441
3953	невыносимый	2440
3954	эх	2439
3955	испания	2438
3956	ковёр	2438
3957	ланч	2437
3958	галактика	2435
3959	защитник	2435
3960	признательный	2435
3961	очень-то	2434
3962	чепуха	2434
3963	трейся	2433
3964	выпускать	2432
3965	банковский	2431
3966	заместитель	2430
3967	дозвониться	2428
3968	верх	2427
3969	закрываться	2426
3970	эрл	2424
3971	тщательно	2423
3972	полезно	2422
3973	пустяк	2422
3974	умно	2422
3975	км	2421
3976	сектор	2421
3977	состав	2420
3978	указание	2420
3979	ощущать	2419
3980	конкретный	2418
3981	протестовать	2416
3982	медицина	2415
3983	тв	2415
3984	надёжный	2414
3985	неприятный	2414
3986	горничная	2409
3987	внимательный	2407
3988	глория	2407
3989	изнутри	2407
3990	угостить	2406
3991	норман	2405
3992	задумываться	2404
3993	нью	2404
3994	удерживать	2404
3995	туннель	2403
3996	догадываться	2402
3997	обернуться	2402
3998	лампа	2401
3999	поток	2397
4000	клятва	2396
4001	мерзавец	2396
4002	наоми	2396
4003	шампанское	2396
4004	профессия	2395
4005	растение	2395
4006	шелдон	2395
4007	берлин	2392
4008	лагер	2392
4009	подготовиться	2390
4010	тюремный	2390
4011	браслет	2389
4012	кулак	2388
4013	брюки	2386
4014	рекомендовать	2385
4015	исполнить	2384
4016	приличный	2384
4017	измена	2382
4018	цыплёнок	2382
4019	джена	2381
4020	мегана	2381
4021	облегчение	2381
4022	пояс	2381
4023	героин	2380
4024	август	2379
4025	кузина	2379
4026	марс	2379
4027	подразумевать	2379
4028	печать	2378
4029	вдова	2377
4030	выставка	2377
4031	расчёт	2377
4032	совещание	2376
4033	стоящий	2376
4034	блэр	2375
4035	крем	2374
4036	дева	2373
4037	лицензия	2373
4038	провал	2373
4039	сбегать	2373
4040	пробка	2372
4041	комплимент	2371
4042	завязать	2370
4043	открыто	2370
4044	робби	2370
4045	годовщина	2369
4046	превращаться	2369
4047	талантливый	2369
4048	побить	2368
4049	шампанский	2366
4050	гостиная	2365
4051	девка	2365
4052	возвращать	2363
4053	не-	2363
4054	бюджет	2362
4055	меню	2361
4056	отвлечь	2360
4057	перекусить	2360
4058	полночь	2360
4059	москва	2359
4060	курт	2357
4061	бок	2356
4062	начальство	2356
4063	лемона	2355
4064	спектакль	2355
4065	никки	2352
4066	выпасть	2349
4067	десерт	2348
4068	поменяться	2348
4069	потребовать	2348
4070	фея	2346
4071	вешать	2344
4072	рассесть	2344
4073	бедро	2343
4074	венди	2342
4075	нация	2342
4076	гитлер	2341
4077	денни	2340
4078	корона	2340
4079	повар	2340
4080	бегом	2339
4081	порог	2338
4082	травка	2337
4083	население	2335
4084	смс	2335
4085	эл	2335
4086	кинуть	2334
4087	добиваться	2333
4088	роды	2333
4089	симпсон	2332
4090	вложить	2331
4091	достижение	2330
4092	июль	2329
4093	манера	2327
4094	гадость	2325
4095	дальнейший	2325
4096	покрыть	2325
4097	ын	2324
4098	эван	2324
4099	временно	2323
4100	соседний	2322
4101	привязать	2321
4102	утонуть	2321
4103	посчитать	2320
4104	обязательство	2319
4105	фестиваль	2319
4106	наполовину	2318
4107	пробыть	2318
4108	выдавать	2317
4109	кей	2317
4110	ричать	2316
4111	миледи	2315
4112	схема	2315
4113	аарон	2313
4114	составлять	2313
4115	вена	2312
4116	окружающий	2312
4117	себастьян	2312
4118	кошелёк	2310
4119	дорожка	2308
4120	пламя	2308
4121	психолог	2307
4122	волшебник	2306
4123	наркоман	2306
4124	остыть	2306
4125	одеться	2304
4126	сотрудничество	2304
4127	говно	2302
4128	испытать	2301
4129	мамин	2301
4130	индеец	2296
4131	корпус	2295
4132	тигр	2295
4133	лори	2294
4134	кучка	2292
4135	сложить	2292
4136	братец	2291
4137	верность	2291
4138	прекращать	2291
4139	сниматься	2290
4140	кома	2289
4141	прибытие	2289
4142	стоимость	2289
4143	чересчур	2288
4144	мошенник	2286
4145	скала	2285
4146	живить	2283
4147	хей	2283
4148	вылететь	2282
4149	инженер	2281
4150	исполнение	2280
4151	досье	2279
4152	преданность	2276
4153	союзник	2276
4154	пила	2275
4155	бесить	2274
4156	ёбаный	2274
4157	дрю	2273
4158	медаль	2273
4159	темно	2273
4160	имущество	2270
4161	проход	2267
4162	гомер	2266
4163	джунгли	2266
4164	окончание	2266
4165	классический	2265
4166	мертвец	2265
4167	подтверждение	2265
4168	фронт	2264
4169	резать	2263
4170	подбросить	2262
4171	прикрывать	2262
4172	конверт	2260
4173	мила	2260
4174	приземлиться	2259
4175	конференция	2258
4176	бывало	2257
4177	топливо	2256
4178	переставать	2255
4179	пациентка	2254
4180	максимум	2252
4181	джейкоб	2251
4182	запутаться	2251
4183	дырка	2250
4184	конгресс	2250
4185	наличный	2250
4186	проигрывать	2250
4187	чётко	2250
4188	крошечный	2248
4189	прочее	2248
4190	вторжение	2245
4191	соня	2245
4192	денёк	2243
4193	шикарный	2242
4194	хаус	2241
4195	продвигаться	2239
4196	ты-то	2239
4197	восхитительно	2235
4198	отдельный	2235
4199	шоколадный	2235
4200	технически	2234
4201	синдром	2233
4202	бишоп	2231
4203	йо	2231
4204	фантастика	2231
4205	компьютерный	2230
4206	холль	2224
4207	двенадцать	2223
4208	повидаться	2223
4209	эйверь	2223
4210	четверть	2222
4211	июнь	2221
4212	эли	2220
4213	ка	2218
4214	харрис	2218
4215	исходить	2217
4216	ресурс	2215
4217	йена	2212
4218	кен	2212
4219	побеждать	2212
4220	янг	2212
4221	цирк	2209
4222	мэтью	2208
4223	консультант	2207
4224	сплошной	2206
4225	зубной	2204
4226	намеренный	2201
4227	экскурсия	2201
4228	монро	2200
4229	мыло	2200
4230	сталкиваться	2200
4231	плод	2198
4232	заключаться	2197
4233	продержаться	2196
4234	осуждать	2195
4235	портрет	2195
4236	ноутбук	2194
4237	отныне	2194
4238	отобрать	2194
4239	подделка	2193
4240	ронни	2193
4241	чтожий	2193
4242	багаж	2192
4243	рита	2192
4244	глухой	2191
4245	мередить	2191
4246	брэд	2190
4247	пуарый	2190
4248	прогресс	2189
4249	уголовный	2188
4250	влезть	2187
4251	дженнифер	2187
4252	отстранить	2187
4253	помолчать	2186
4254	корень	2184
4255	си	2183
4256	фига	2183
4257	палатка	2182
4258	овощ	2180
4259	братство	2179
4260	сексуально	2179
4261	бекка	2178
4262	часами	2177
4263	ночевать	2176
4264	романтический	2176
4265	кент	2175
4266	кэт	2175
4267	порно	2175
4268	илай	2174
4269	шторм	2174
4270	притормозить	2172
4271	неудачный	2171
4272	руби	2171
4273	пан	2170
4274	допрашивать	2169
4275	йорк	2169
4276	пончик	2169
4277	штраф	2169
4278	колония	2168
4279	координата	2168
4280	нынешний	2168
4281	съехать	2168
4282	расстройство	2166
4283	ама	2165
4284	идиотка	2165
4285	сити	2165
4286	рен	2164
4287	гм	2163
4288	инстинкт	2163
4289	пак	2163
4290	сигнализация	2163
4291	заслать	2162
4292	ладить	2162
4293	приезд	2162
4294	сли	2162
4295	массаж	2161
4296	почва	2161
4297	шлем	2159
4298	коммандер	2158
4299	собственно	2158
4300	поручить	2156
4301	милашка	2154
4302	почтовый	2154
4303	скрыться	2154
4304	вспышка	2152
4305	раунд	2152
4306	торговец	2152
4307	канада	2150
4308	провод	2149
4309	учительница	2149
4310	продаваться	2148
4311	незаконно	2146
4312	перо	2146
4313	сложиться	2146
4314	трата	2145
4315	выучить	2144
4316	завещание	2144
4317	поспешить	2144
4318	таки	2144
4319	спка	2142
4320	прах	2141
4321	командование	2138
4322	тупица	2138
4323	носка	2137
4324	пялиться	2137
4325	обыск	2135
4326	грабитель	2133
4327	снимка	2129
4328	подождать-ка	2128
4329	уложить	2128
4330	мотор	2125
4331	необязательно	2125
4332	редакция	2125
4333	связывать	2125
4334	валять	2124
4335	чрезвычайно	2124
4336	обрести	2123
4337	исполниться	2122
4338	транспорт	2122
4339	знаменитость	2121
4340	англичанин	2119
4341	печальный	2119
4342	преподобный	2119
4343	уничтожение	2119
4344	жест	2118
4345	ванесса	2115
4346	изображать	2114
4347	официант	2113
4348	голосование	2112
4349	нелепо	2110
4350	евро	2107
4351	светлость	2107
4352	заблудиться	2106
4353	племянница	2106
4354	посылка	2106
4355	премия	2105
4356	прервать	2105
4357	присоединяться	2104
4358	рыбка	2104
4359	злодей	2103
4360	розить	2102
4361	сражение	2102
4362	элейн	2101
4363	благотворительный	2100
4364	долбаный	2100
4365	недоразумение	2100
4366	сперма	2100
4367	зоопарк	2099
4368	столовая	2097
4369	юбка	2097
4370	привидение	2094
4371	иметься	2093
4372	туман	2093
4373	джеффри	2092
4374	рута	2092
4375	наличные	2089
4376	дю	2088
4377	патруль	2088
4378	повидать	2088
4379	дюжина	2086
4380	публичный	2085
4381	пытать	2085
4382	свитер	2085
4383	алиса	2083
4384	перелом	2083
4385	втянуть	2082
4386	гарантия	2082
4387	морг	2082
4388	пробить	2082
4389	уволиться	2082
4390	чон	2082
4391	неверный	2081
4392	сдача	2080
4393	уникальный	2079
4394	гордый	2078
4395	лоб	2076
4396	мэтти	2075
4397	бумажный	2073
4398	почему-то	2073
4399	администрация	2072
4400	пятнадцать	2072
4401	донни	2071
4402	стучать	2071
4403	порция	2070
4404	фишер	2070
4405	придерживаться	2069
4406	уолт	2069
4407	герцог	2068
4408	уэйн	2068
4409	хор	2068
4410	скромный	2067
4411	дуайт	2066
4412	контейнер	2064
4413	независимо	2062
4414	внешность	2060
4415	следствие	2058
4416	мышца	2057
4417	папаша	2057
4418	притащить	2057
4419	миранда	2056
4420	потеряться	2056
4421	править	2056
4422	прыжок	2056
4423	калеб	2055
4424	сдержать	2055
4425	морда	2054
4426	наследник	2053
4427	непременно	2053
4428	синяк	2053
4429	засада	2052
4430	получение	2052
4431	кассета	2050
4432	экономика	2048
4433	ассистент	2047
4434	обеспокоить	2047
4435	доброта	2045
4436	посольство	2045
4437	юноша	2045
4438	график	2044
4439	джа	2044
4440	бабочка	2043
4441	митчелла	2043
4442	вырастить	2042
4443	стойка	2041
4444	фрэнсис	2040
4445	биологический	2038
4446	кругом	2038
4447	утечка	2037
4448	этап	2036
4449	ковбой	2035
4450	берт	2034
4451	шейн	2034
4452	рыжий	2032
4453	балл	2031
4454	строительство	2031
4455	джозеф	2029
4456	официантка	2029
4457	умница	2028
4458	упрямый	2028
4459	изобрести	2026
4460	предотвратить	2026
4461	запрет	2025
4462	помолвка	2024
4463	договариваться	2023
4464	драма	2023
4465	заявлять	2022
4466	опера	2022
4467	вечерний	2021
4468	ин	2021
4469	пропускать	2021
4470	фиби	2021
4471	яма	2021
4472	исход	2019
4473	лекс	2019
4474	украшение	2019
4475	тусоваться	2018
4476	выбираться	2017
4477	отсутствовать	2017
4478	преодолеть	2016
4479	вдоль	2015
4480	племя	2015
4481	кэмерон	2013
4482	представиться	2013
4483	выживание	2012
4484	хранение	2011
4485	чип	2011
4486	давным-давно	2010
4487	повелитель	2009
4488	прибор	2009
4489	финал	2009
4490	холмс	2009
4491	невозможный	2005
4492	вставить	2004
4493	разрушать	2004
4494	наложить	2002
4495	наследство	2002
4496	повысить	2001
4497	содержание	2001
4498	прекратиться	2000
4499	целиком	2000
4500	бруклин	1999
4501	толстой	1999
4502	обращение	1998
4503	октябрь	1998
4504	оправдать	1997
4505	израиль	1993
4506	окончательно	1992
4507	вздыхать	1991
4508	свободно	1990
4509	причастный	1989
4510	местонахождение	1988
4511	сестрёнка	1987
4512	чипсы	1985
4513	горе	1983
4514	наступать	1983
4515	прерывать	1983
4516	мерлина	1982
4517	ритм	1982
4518	земной	1981
4519	тупик	1979
4520	арти	1978
4521	намекать	1978
4522	забраться	1977
4523	вломиться	1975
4524	прослушивание	1975
4525	осмотр	1974
4526	столица	1973
4527	винтовка	1972
4528	эллен	1971
4529	мэнни	1970
4530	пьер	1970
4531	действительность	1969
4532	медовый	1969
4533	орать	1968
4534	удостоверение	1968
4535	бедняга	1967
4536	молодость	1967
4537	скидка	1967
4538	чжи	1967
4539	вслух	1966
4540	заслуга	1965
4541	впрочем	1964
4542	доставлять	1964
4543	жизненный	1964
4544	отступить	1964
4545	копать	1963
4546	пересечь	1962
4547	проголосовать	1962
4548	корзина	1961
4549	папка	1961
4550	доклад	1960
4551	неожиданный	1960
4552	кристофер	1959
4553	покойник	1959
4554	рекорд	1959
4555	уронить	1959
4556	закат	1958
4557	механизм	1958
4558	ооо	1958
4559	нейт	1957
4560	почерк	1957
4561	чхв	1957
4562	дональд	1956
4563	предательство	1956
4564	сообщество	1956
4565	сочувствовать	1956
4566	минус	1955
4567	уоррен	1955
4568	голливуд	1954
4569	религиозный	1954
4570	ирак	1953
4571	наличие	1953
4572	производить	1953
4573	рэймонд	1953
4574	неудивительный	1951
4575	стыдиться	1951
4576	богатство	1950
4577	салон	1950
4578	физика	1950
4579	поправка	1948
4580	эль	1947
4581	драгоценность	1945
4582	тонна	1944
4583	уильямс	1944
4584	а-а	1943
4585	макг	1943
4586	дэниэл	1942
4587	небесный	1941
4588	свернуть	1941
4589	апрель	1937
4590	лавка	1937
4591	заразить	1935
4592	иллюзия	1935
4593	сарай	1935
4594	торговать	1934
4595	пожить	1932
4596	саша	1931
4597	микрофон	1930
4598	правление	1930
4599	разыскивать	1930
4600	соскучиться	1930
4601	дебби	1928
4602	олень	1925
4603	орёл	1925
4604	успешно	1925
4605	брук	1924
4606	печаль	1924
4607	щенок	1924
4608	дурь	1923
4609	пробраться	1923
4610	афганистан	1922
4611	мирный	1922
4612	осознавать	1922
4613	частица	1921
4614	д-р	1920
4615	осудить	1919
4616	альфа	1918
4617	салфетка	1918
4618	унести	1917
4619	сорвать	1916
4620	оркестр	1915
4621	поприветствовать	1915
4622	хорошенький	1915
4623	андре	1914
4624	грейсон	1914
4625	закрыться	1914
4626	командовать	1914
4627	намёк	1914
4628	филип	1914
4629	вырваться	1913
4630	чашечка	1913
4631	показатель	1912
4632	фермер	1912
4633	жестокость	1911
4634	разрушение	1910
4635	пиздец	1908
4636	сет	1908
4637	вели	1906
4638	сан-франциско	1906
4639	совершенный	1906
4640	прогнать	1905
4641	проголодаться	1905
4642	выгода	1903
4643	сфера	1902
4644	кармена	1900
4645	кекс	1900
4646	матушка	1900
4647	анонимный	1899
4648	увы	1899
4649	выясниться	1898
4650	овца	1898
4651	протянуть	1898
4652	стандартный	1898
4653	предчувствие	1897
4654	прокатиться	1897
4655	кредитный	1896
4656	приобрести	1896
4657	скотти	1896
4658	криминалист	1894
4659	стук	1894
4660	мокрый	1893
4661	немало	1893
4662	холод	1893
4663	тео	1892
4664	костёр	1891
4665	братишка	1889
4666	недавний	1889
4667	сущность	1888
4668	уборка	1888
4669	выдумать	1887
4670	перевернуть	1887
4671	бойфренд	1886
4672	ника	1886
4673	аккуратно	1885
4674	пас	1883
4675	алек	1882
4676	запуск	1882
4677	мошенничество	1881
4678	токио	1881
4679	строго	1879
4680	сидень	1878
4681	отвернуться	1877
4682	говнюк	1875
4683	положиться	1875
4684	разработать	1875
4685	доверить	1874
4686	загадочный	1874
4687	ложка	1874
4688	шкура	1874
4689	восстановление	1873
4690	помеха	1873
4691	ребёночек	1873
4692	здравствовать	1872
4693	удивлять	1872
4694	перепутать	1871
4695	бармен	1870
4696	толкнуть	1870
4697	завалить	1869
4698	тормоз	1869
4699	взрывчатка	1868
4700	кеннеди	1868
4701	мишень	1868
4702	зарегистрировать	1867
4703	звание	1866
4704	фрейзер	1866
4705	здравый	1865
4706	кружка	1865
4707	паб	1865
4708	разумно	1865
4709	вырубить	1864
4710	поль	1864
4711	цивилизация	1864
4712	диагноз	1863
4713	оборотень	1862
4714	пианино	1862
4715	мужество	1861
4716	наставник	1861
4717	преподавать	1861
4718	похититель	1860
4719	забеременеть	1859
4720	присниться	1859
4721	недовольный	1857
4722	следователь	1856
4723	бессмысленно	1855
4724	шмидт	1855
4725	моряк	1854
4726	стэнли	1854
4727	бабка	1853
4728	декстер	1852
4729	ноябрь	1852
4730	приказывать	1851
4731	закуска	1850
4732	чистить	1850
4733	заткнуть	1848
4734	калибр	1848
4735	мудрость	1848
4736	вырезать	1847
4737	захват	1847
4738	растить	1847
4739	сирый	1846
4740	холодное	1846
4741	девица	1845
4742	пустота	1845
4743	антонио	1843
4744	болтовня	1843
4745	валентина	1843
4746	нефть	1843
4747	исполнять	1842
4748	гибель	1841
4749	добыть	1841
4750	оборот	1841
4751	крейн	1839
4752	вмешаться	1838
4753	бекон	1837
4754	местность	1836
4755	ведро	1835
4756	дюйм	1835
4757	фотограф	1835
4758	кай	1834
4759	рюкзак	1834
4760	аж	1833
4761	молодёжь	1833
4762	дафнить	1832
4763	купиться	1832
4764	ритуал	1832
4765	спортзал	1832
4766	изабель	1831
4767	авеню	1830
4768	поэт	1829
4769	сюжет	1829
4770	монастырь	1828
4771	форд	1828
4772	шпионить	1828
4773	килограмм	1827
4774	лидия	1827
4775	синди	1827
4776	ха-ха	1827
4777	мука	1824
4778	полномочие	1824
4779	гвено	1823
4780	превосходный	1823
4781	предпринять	1823
4782	пчела	1823
4783	драгоценный	1822
4784	задушить	1822
4785	мастерская	1822
4786	сваливать	1822
4787	честность	1822
4788	мэдисон	1821
4789	стыд	1821
4790	мелисса	1820
4791	приветик	1820
4792	республика	1820
4793	гейл	1819
4794	мусорный	1819
4795	перспектива	1819
4796	светить	1819
4797	суждено	1819
4798	фишка	1818
4799	парнишка	1817
4800	выехать	1816
4801	голосовой	1816
4802	лад	1813
4803	посуда	1813
4804	дейзи	1812
4805	галерея	1811
4806	переводить	1811
4807	химия	1811
4808	аккуратный	1808
4809	турист	1808
4810	поссориться	1806
4811	учесть	1806
4812	вилла	1805
4813	даниэль	1805
4814	шишка	1805
4815	технический	1804
4816	артерия	1802
4817	одобрить	1802
4818	уэйд	1801
4819	засечь	1798
4820	скот	1798
4821	химический	1798
4822	передний	1797
4823	наткнуться	1796
4824	нахрен	1796
4825	малышок	1795
4826	отреагировать	1795
4827	счесть	1794
4828	мардж	1793
4829	стейся	1793
4830	жареный	1791
4831	крышка	1791
4832	село	1791
4833	клан	1789
4834	курок	1789
4835	скотч	1789
4836	маньяк	1788
4837	удивляться	1788
4838	возникать	1787
4839	исследовать	1787
4840	проглотить	1787
4841	укрытие	1786
4842	ра	1785
4843	вилли	1784
4844	втроём	1784
4845	пофига	1784
4846	цезарь	1784
4847	запрещать	1783
4848	кук	1783
4849	предназначить	1783
4850	упаковка	1783
4851	абсолютный	1781
4852	напрасно	1781
4853	джи	1780
4854	мощность	1779
4855	бейсбол	1778
4856	нельсон	1778
4857	шов	1778
4858	бейль	1777
4859	окружить	1777
4860	спланировать	1777
4861	гриффин	1776
4862	мобильник	1776
4863	приступать	1776
4864	разбиться	1776
4865	джулс	1775
4866	помолиться	1774
4867	протест	1774
4868	шерлок	1774
4869	направиться	1772
4870	фостер	1772
4871	артист	1771
4872	мудрый	1770
4873	старушка	1770
4874	выследить	1769
4875	китти	1769
4876	презерватив	1769
4877	выпь	1767
4878	лента	1767
4879	благотворительность	1766
4880	диета	1766
4881	игла	1766
4882	конрад	1766
4883	раненый	1766
4884	логан	1765
4885	мафия	1765
4886	дорожный	1764
4887	чувствительный	1763
4888	восьмой	1762
4889	грабить	1761
4890	логично	1760
4891	индейка	1759
4892	казнить	1759
4893	кончить	1759
4894	око	1759
4895	ле	1758
4896	жаждать	1757
4897	упражнение	1757
4898	клэя	1756
4899	контора	1756
4900	происхождение	1756
4901	шантажировать	1756
4902	паук	1755
4903	прозвище	1754
4904	шкафчик	1754
4905	франклин	1752
4906	распространяться	1751
4907	счастливчик	1751
4908	тсс	1751
4909	габи	1750
4910	обсуждение	1750
4911	рация	1750
4912	платформа	1749
4913	подключить	1747
4914	впустую	1745
4915	мёд	1745
4916	соперник	1745
4917	рей	1744
4918	просмотр	1743
4919	ген	1742
4920	посмотреть-ка	1742
4921	необычно	1741
4922	подчиняться	1741
4923	стоянка	1741
4924	перерезать	1740
4925	лорёл	1739
4926	аа	1738
4927	выезжать	1738
4928	замечание	1737
4929	ухаживать	1737
4930	подсказка	1736
4931	пятеро	1734
4932	останки	1733
4933	видный	1729
4934	пусто	1729
4935	сорваться	1729
4936	уделить	1729
4937	австралия	1727
4938	навести	1727
4939	наивный	1727
4940	патрульный	1727
4941	пропуск	1727
4942	покойный	1726
4943	комикс	1725
4944	ломать	1725
4945	отверстие	1725
4946	отступать	1725
4947	предполагаться	1725
4948	одинаково	1724
4949	архив	1722
4950	старт	1722
4951	анжел	1721
4952	аукцион	1721
4953	воздействие	1721
4954	йюй	1721
4955	грэм	1720
4956	крепость	1719
4957	леон	1719
4958	моральный	1718
4959	злость	1716
4960	такер	1716
4961	аллен	1715
4962	допросить	1715
4963	осень	1715
4964	харпер	1715
4965	вокзал	1714
4966	длина	1713
4967	ножка	1713
4968	уставиться	1713
4969	физически	1713
4970	активность	1712
4971	психологический	1712
4972	али	1711
4973	пение	1711
4974	постепенно	1711
4975	удостовериться	1711
4976	майлз	1710
4977	ожерелие	1709
4978	ус	1709
4979	зажечь	1708
4980	подобно	1706
4981	экстренный	1706
4982	верховный	1705
4983	аптека	1704
4984	переезд	1704
4985	вышвырнуть	1702
4986	информатор	1702
4987	куинна	1702
4988	уловка	1702
4989	исключительно	1701
4990	марсель	1701
4991	омар	1701
4992	кристиан	1700
4993	откровенный	1700
4994	нанимать	1699
4995	рекомендация	1699
4996	чжэ	1699
4997	декабрь	1698
4998	кора	1696
4999	бизнесмен	1693
5000	моча	1693
5001	пабло	1693
5002	металл	1692
5003	откровенно	1692
5004	помыть	1691
5005	пётр	1691
5006	топор	1690
5007	черепаха	1690
5008	вздумать	1688
5009	нить	1688
5010	паренёк	1688
5011	проявлять	1687
5012	стоун	1687
5013	констебль	1686
5014	терпеться	1686
5015	джинни	1685
5016	николас	1685
5017	полуночь	1684
5018	гнездо	1683
5019	заинтересованный	1683
5020	палуба	1683
5021	спороть	1683
5022	бесконечный	1682
5023	эмбер	1682
5024	прозвучать	1681
5025	хижина	1681
5026	закусочный	1680
5027	славно	1679
5028	запястье	1678
5029	палмера	1678
5030	романтично	1678
5031	оскорбить	1677
5032	препятствие	1677
5033	пригнуться	1677
5034	оторвать	1676
5035	оказывать	1675
5036	бургер	1674
5037	укол	1674
5038	будить	1673
5039	бардак	1672
5040	стейк	1672
5041	финч	1672
5042	обложка	1671
5043	обслуживание	1671
5044	статуя	1671
5045	удачно	1670
5046	уличный	1668
5047	эпоха	1668
5048	адмирал	1667
5049	джульетта	1667
5050	твёрдый	1666
5051	китаец	1665
5052	логика	1665
5053	молоток	1664
5054	отыскать	1664
5055	сообщник	1664
5056	касса	1663
5057	благословение	1662
5058	монах	1662
5059	привыкать	1662
5060	сми	1661
5061	лапша	1659
5062	потребность	1659
5063	потрясный	1658
5064	чемпионат	1658
5065	горячо	1657
5066	предположим	1657
5067	шелбить	1657
5068	посещение	1656
5069	рудить	1656
5070	давид	1655
5071	сапог	1655
5072	глупец	1654
5073	злобный	1654
5074	ирония	1654
5075	гриб	1653
5076	донор	1652
5077	текущий	1652
5078	выпускник	1650
5079	напрямую	1650
5080	пачка	1650
5081	тайно	1650
5082	катиться	1646
5083	элен	1646
5084	подумывать	1645
5085	поразительно	1644
5086	лука	1643
5087	январь	1643
5088	показ	1642
5089	альфред	1641
5090	кушать	1641
5091	уайт	1640
5092	увольнение	1640
5093	криминальный	1638
5094	дюк	1637
5095	разочарование	1636
5096	структура	1636
5097	таинственный	1636
5098	наполнить	1635
5099	стая	1635
5100	некогда	1634
5101	сосиска	1634
5102	чума	1634
5103	массовый	1633
5104	частота	1633
5105	бочка	1632
5106	значительный	1632
5107	обижаться	1632
5108	объявлять	1632
5109	пообщаться	1632
5110	прелестный	1632
5111	общественность	1631
5112	серебро	1631
5113	вытаскивать	1630
5114	марго	1629
5115	андерсон	1628
5116	покер	1628
5117	примета	1628
5118	рекламный	1628
5119	соответствие	1628
5120	продолжение	1627
5121	кишка	1626
5122	лме	1626
5123	переулок	1626
5124	провернуть	1626
5125	подсказать	1625
5126	сливка	1625
5127	электрический	1625
5128	отчаянно	1623
5129	банан	1622
5130	произведение	1622
5131	резко	1622
5132	семя	1621
5133	нуль	1620
5134	ау	1619
5135	джудить	1619
5136	мелодия	1619
5137	стрястись	1619
5138	сэнди	1619
5139	джилла	1618
5140	болото	1617
5141	вонючий	1617
5142	сайрусый	1617
5143	галлюцинация	1616
5144	отходить	1616
5145	помолвить	1616
5146	искусственный	1615
5147	камилла	1615
5148	розыск	1615
5149	плен	1614
5150	заблокировать	1613
5151	стаканчик	1613
5152	оскорбление	1612
5153	ток	1612
5154	улетать	1612
5155	рожа	1611
5156	схватка	1611
5157	томпсон	1611
5158	гол	1610
5159	коснуться	1610
5160	крутить	1610
5161	алкоголик	1609
5162	лапа	1609
5163	реджи	1609
5164	впечатляющий	1608
5165	дальний	1608
5166	заботить	1608
5167	пожертвование	1608
5168	царапина	1608
5169	вероника	1607
5170	кристи	1607
5171	ленний	1607
5172	эрина	1607
5173	адский	1606
5174	любопытство	1606
5175	чаевой	1606
5176	огда	1605
5177	готовность	1604
5178	бродяга	1603
5179	грипп	1603
5180	знакомиться	1603
5181	рыбалка	1603
5182	вдох	1601
5183	периметр	1601
5184	врезаться	1600
5185	гад	1600
5186	потолок	1600
5187	пик	1599
5188	разногласие	1599
5189	ральф	1599
5190	сложность	1599
5191	засыпать	1598
5192	аборт	1597
5193	отслеживать	1597
5194	питаться	1597
5195	родня	1597
5196	кислота	1596
5197	орех	1595
5198	страховой	1595
5199	нарочно	1592
5200	разделять	1592
5201	кэм	1591
5202	ключевой	1590
5203	ножницы	1589
5204	снайпер	1588
5205	чейза	1588
5206	генеральный	1587
5207	парад	1587
5208	намерить	1586
5209	грозить	1584
5210	слышь	1584
5211	предварительный	1583
5212	танк	1583
5213	аудитория	1581
5214	крючок	1581
5215	мыть	1581
5216	чтение	1581
5217	выкуп	1580
5218	доминик	1580
5219	митч	1580
5220	потенциальный	1580
5221	зануда	1579
5222	по-своему	1579
5223	раковина	1579
5224	рюй	1579
5225	противостоять	1578
5226	кирк	1577
5227	литература	1577
5228	филадельфия	1577
5229	щедрый	1577
5230	выразиться	1576
5231	пейдж	1576
5232	серебряный	1576
5233	доброволец	1575
5234	оплачивать	1575
5235	выкладывать	1574
5236	бык	1573
5237	порезать	1573
5238	пузырь	1573
5239	ромео	1570
5240	хобби	1570
5241	укус	1569
5242	хэй	1569
5243	хэллоуин	1568
5244	девятый	1567
5245	смотреть-ка	1567
5246	круглый	1566
5247	себ	1566
5248	эра	1566
5249	выдающийся	1565
5250	ребятки	1565
5251	зрелище	1564
5252	дем	1563
5253	машинка	1563
5254	презентация	1563
5255	шокировать	1563
5256	иль	1562
5257	пластинка	1562
5258	приманка	1562
5259	любящий	1561
5260	соболезнование	1561
5261	зарядить	1560
5262	мощь	1560
5263	плащ	1560
5264	пастор	1559
5265	слабак	1558
5266	тормозить	1558
5267	шуметь	1558
5268	доехать	1557
5269	кэсся	1557
5270	хит	1557
5271	доусон	1556
5272	запланировать	1556
5273	лемъ	1556
5274	преступность	1556
5275	флиртовать	1556
5276	флоррик	1556
5277	эвакуация	1556
5278	эстера	1555
5279	интрижка	1554
5280	судный	1554
5281	двести	1553
5282	дуть	1553
5283	духовный	1553
5284	потянуть	1552
5285	турнир	1552
5286	хант	1552
5287	заскочить	1551
5288	психопат	1551
5289	радиация	1551
5290	сотворить	1551
5291	аргумент	1550
5292	вылезти	1550
5293	блейк	1549
5294	минди	1549
5295	радиус	1549
5296	смесь	1549
5297	дрожать	1548
5298	грош	1547
5299	орбита	1547
5300	расстраивать	1546
5301	удовлетворить	1546
5302	редактироваться	1545
5303	богиня	1544
5304	еврейский	1544
5305	пресс-конференция	1544
5306	фр	1544
5307	триша	1543
5308	манхеттен	1542
5309	окружение	1542
5310	сирота	1541
5311	сфотографировать	1541
5312	автограф	1540
5313	волшебство	1540
5314	повестка	1540
5315	молить	1539
5316	шикарно	1539
5317	извлечь	1538
5318	разделиться	1538
5319	джинсы	1537
5320	паршивый	1537
5321	чистота	1537
5322	жир	1536
5323	кроули	1536
5324	ллойда	1536
5325	иностранный	1535
5326	профиль	1535
5327	ребро	1535
5328	ярмарка	1535
5329	взаимно	1534
5330	забор	1534
5331	прочий	1534
5332	разозлить	1533
5333	служащий	1533
5334	взятка	1532
5335	дружка	1532
5336	поджечь	1532
5337	резюме	1532
5338	аксель	1531
5339	бенний	1531
5340	взвод	1530
5341	сигара	1530
5342	допоздна	1529
5343	милль	1529
5344	нота	1529
5345	финансы	1528
5346	бессмысленный	1527
5347	пасибо	1527
5348	симон	1527
5349	уокер	1527
5350	герр	1526
5351	закрой	1526
5352	марихуана	1526
5353	подъём	1526
5354	римский	1526
5355	св	1526
5356	исторический	1525
5357	пи	1525
5358	прощание	1525
5359	униформа	1525
5360	докладывать	1524
5361	лотерея	1524
5362	ноа	1524
5363	нисколько	1522
5364	арча	1521
5365	спешка	1521
5366	любезно	1520
5367	почистить	1520
5368	мораль	1519
5369	храбрость	1518
5370	безразличный	1517
5371	избранный	1517
5372	крутиться	1517
5373	владение	1516
5374	преследование	1516
5375	уинстон	1516
5376	генератор	1515
5377	проезжать	1515
5378	заложить	1514
5379	мыслить	1514
5380	сконцентрироваться	1514
5381	враньё	1513
5382	риза	1513
5383	возить	1512
5384	жан	1512
5385	потенциал	1511
5386	рожать	1511
5387	чердак	1511
5388	видимость	1510
5389	опрос	1510
5390	погулять	1508
5391	независимый	1507
5392	отчасти	1507
5393	арестовывать	1506
5394	дизайн	1506
5395	британия	1503
5396	жар	1502
5397	слой	1501
5398	брэндон	1500
5399	по-видимому	1500
5400	возражение	1499
5401	отключиться	1499
5402	педик	1499
5403	приоритет	1499
5404	перестрелка	1498
5405	габриэль	1497
5406	приставать	1497
5407	запускать	1496
5408	карсон	1496
5409	колумбия	1496
5410	прямиком	1496
5411	секретарша	1496
5412	подружиться	1494
5413	пот	1494
5414	дача	1493
5415	создатель	1493
5416	насрать	1492
5417	трейлер	1490
5418	шелли	1490
5419	адамс	1489
5420	мелань	1489
5421	трудиться	1489
5422	фиона	1489
5423	жвачка	1488
5424	положительный	1488
5425	мрачный	1487
5426	бойда	1486
5427	дойло	1486
5428	консультация	1486
5429	тоннель	1486
5430	врезать	1485
5431	деннис	1485
5432	мерфь	1485
5433	челюсть	1485
5434	еле	1484
5435	клонить	1484
5436	насекомое	1484
5437	независимость	1484
5438	якобы	1484
5439	деб	1483
5440	затеять	1483
5441	прижать	1483
5442	упускать	1483
5443	форт	1483
5444	напрячь	1482
5445	скончаться	1482
5446	гарвард	1481
5447	догадка	1480
5448	посторонний	1480
5449	рукав	1480
5450	рядовой	1480
5451	оторваться	1479
5452	ледяной	1478
5453	приблизительно	1478
5454	арнольд	1477
5455	поворачивать	1477
5456	инопланетянин	1476
5457	разглядеть	1476
5458	гениально	1475
5459	эгоистичный	1475
5460	всплыть	1474
5461	креветка	1474
5462	нолан	1474
5463	погоня	1473
5464	проникновение	1473
5465	стефани	1473
5466	хлам	1473
5467	определение	1472
5468	подписывать	1472
5469	рог	1471
5470	шепард	1471
5471	выводить	1470
5472	политик	1469
5473	снести	1469
5474	наличка	1467
5475	чуткий	1467
5476	девственница	1466
5477	воу	1465
5478	кристалл	1465
5479	основываться	1465
5480	сантиметр	1465
5481	доступный	1464
5482	лук	1464
5483	аллах	1463
5484	вегас	1463
5485	одиннадцать	1462
5486	отослать	1462
5487	визитка	1461
5488	кодекс	1461
5489	сплетня	1461
5490	джанет	1460
5491	преподаватель	1460
5492	хуйня	1460
5493	влюбляться	1459
5494	карандаш	1457
5495	опубликовать	1457
5496	отсек	1457
5497	царство	1457
5498	вьетнам	1456
5499	забросить	1456
5500	смущать	1456
5501	удариться	1456
5502	ангела	1455
5503	кэлли	1455
5504	мн	1455
5505	дэннис	1453
5506	подраться	1453
5507	пожилой	1453
5508	слыхать	1453
5509	малкольм	1452
5510	непонятно	1452
5511	сумасшествие	1452
5512	трамп	1451
5513	деймона	1450
5514	куба	1450
5515	насладиться	1450
5516	саманта	1449
5517	вайогод	1448
5518	папин	1448
5519	дизайнер	1447
5520	сладость	1447
5521	броудить	1445
5522	оскорблять	1445
5523	попить	1445
5524	тяжкий	1445
5525	андреа	1443
5526	пикник	1443
5527	раздобыть	1443
5528	бенджамин	1442
5529	орлеан	1442
5530	субъект	1442
5531	хью	1442
5532	йоу	1441
5533	кэл	1441
5534	поставщик	1441
5535	ала	1440
5536	милосердие	1440
5537	бригада	1439
5538	добровольно	1439
5539	классика	1439
5540	кола	1439
5541	подобраться	1439
5542	разряд	1439
5543	тардис	1439
5544	натура	1438
5545	комплекс	1436
5546	пока-пока	1436
5547	вивиан	1435
5548	мостик	1435
5549	стащить	1434
5550	февраль	1434
5551	каюта	1433
5552	обнимать	1433
5553	паразит	1433
5554	подача	1433
5555	рухнуть	1433
5556	жать	1432
5557	конний	1432
5558	куст	1432
5559	насиловать	1432
5560	го	1431
5561	дункан	1431
5562	местоположение	1431
5563	незачем	1431
5564	унизить	1431
5565	бш	1430
5566	задержка	1430
5567	значительно	1430
5568	чендлера	1430
5569	червь	1430
5570	служебный	1429
5571	бега	1427
5572	вождение	1427
5573	мэдди	1427
5574	гарь	1426
5575	модный	1426
5576	олль	1426
5577	расположение	1426
5578	профсоюз	1425
5579	дебил	1424
5580	залив	1424
5581	невидимый	1424
5582	стипендия	1424
5583	изучение	1423
5584	коллинза	1423
5585	котёнок	1423
5586	купол	1423
5587	оо	1423
5588	трэвиснуть	1423
5589	внучка	1422
5590	барнс	1421
5591	бри	1421
5592	клиентка	1421
5593	опоздание	1421
5594	орошо	1421
5595	остин	1421
5596	подъехать	1421
5597	энджи	1421
5598	роба	1420
5599	супермаркет	1420
5600	твердить	1420
5601	урожай	1420
5602	миг	1419
5603	катушка	1418
5604	лягушка	1418
5605	подавить	1418
5606	кончаться	1417
5607	служанка	1417
5608	старуха	1417
5609	уголок	1417
5610	функция	1417
5611	ёй	1417
5612	нм	1416
5613	унитаз	1416
5614	хитрый	1416
5615	бренд	1415
5616	булочка	1415
5617	семестр	1415
5618	тряпка	1415
5619	очень-очень	1413
5620	клайд	1412
5621	уязвимый	1412
5622	хилла	1412
5623	конгрессмен	1411
5624	опытный	1409
5625	побочный	1409
5626	придумывать	1409
5627	сиэтл	1409
5628	случаем	1409
5629	экспертиза	1409
5630	дневный	1408
5631	лестер	1408
5632	расплатиться	1407
5633	волнение	1406
5634	жак	1406
5635	композитор	1406
5636	лодыжка	1406
5637	поместье	1406
5638	прайс	1406
5639	впрямь	1405
5640	преувеличивать	1405
5641	ураган	1405
5642	изначально	1404
5643	капуста	1404
5644	хозяйство	1404
5645	арчер	1403
5646	жюри	1403
5647	обречь	1403
5648	ку	1402
5649	прикольно	1402
5650	бинго	1401
5651	оглянуться	1401
5652	ассоциация	1399
5653	паста	1399
5654	поза	1399
5655	вовлечь	1397
5656	компенсация	1397
5657	обморок	1397
5658	телохранитель	1397
5659	тётушка	1397
5660	суровый	1394
5661	воспитывать	1393
5662	крейг	1393
5663	полль	1393
5664	усердно	1393
5665	наследие	1392
5666	ри	1392
5667	фредерик	1392
5668	джентельмен	1391
5669	заметка	1391
5670	трой	1391
5671	гай	1390
5672	декан	1390
5673	штуковина	1390
5674	насквозь	1389
5675	нацист	1389
5676	активный	1388
5677	останавливать	1388
5678	польстить	1388
5679	поп	1388
5680	ограничить	1387
5681	сопровождать	1386
5682	идиотский	1385
5683	мэнди	1385
5684	применение	1385
5685	сходиться	1384
5686	аплодисменты	1383
5687	вагон	1383
5688	жучок	1383
5689	сервер	1383
5690	соседство	1383
5691	барон	1382
5692	стивить	1382
5693	кейн	1381
5694	лоуренс	1381
5695	осмотреться	1381
5696	погнать	1381
5697	чрезвычайный	1381
5698	клер	1380
5699	тэд	1380
5700	кэри	1379
5701	спасательный	1379
5702	брик	1378
5703	сенат	1378
5704	философия	1378
5705	вождь	1377
5706	уничтожать	1377
5707	обидно	1376
5708	переносить	1376
5709	спаситель	1376
5710	трасса	1376
5711	выложить	1375
5712	диего	1375
5713	марио	1375
5714	отто	1375
5715	разработка	1375
5716	хон	1375
5717	вдвое	1374
5718	воспринять	1373
5719	стабильный	1373
5720	балкон	1372
5721	вудить	1372
5722	смирно	1372
5723	снизу	1372
5724	христианин	1372
5725	хуан	1372
5726	мигель	1371
5727	уточнить	1371
5728	браться	1370
5729	давненько	1370
5730	ролик	1370
5731	цвета	1370
5732	шотландия	1370
5733	ви	1369
5734	доходить	1369
5735	бухгалтер	1368
5736	припоминать	1368
5737	скотина	1368
5738	езда	1367
5739	разобрать	1367
5740	заправка	1366
5741	мексиканский	1366
5742	барбекю	1365
5743	критический	1365
5744	ки	1364
5745	узел	1364
5746	гю	1363
5747	пирожное	1363
5748	мюррей	1362
5749	низко	1362
5750	мэг	1361
5751	отчий	1361
5752	поначалу	1361
5753	выигрыш	1359
5754	бутерброд	1358
5755	зоуя	1358
5756	железо	1357
5757	измерение	1357
5758	диксон	1356
5759	записаться	1356
5760	комфортно	1356
5761	пульт	1356
5762	тревор	1356
5763	заметно	1355
5764	парик	1355
5765	пон	1355
5766	отклонить	1354
5767	студентка	1354
5768	формула	1354
5769	гром	1353
5770	мясник	1353
5771	ручной	1353
5772	тат	1353
5773	особенность	1352
5774	запасть	1351
5775	интуиция	1351
5776	расходиться	1351
5777	салливана	1351
5778	уэллс	1351
5779	бокс	1349
5780	как-будто	1349
5781	пони	1349
5782	сидя	1349
5783	сьюзи	1349
5784	воспитание	1348
5785	кинжал	1348
5786	ревность	1348
5787	федерация	1348
5788	ядро	1348
5789	дабы	1347
5790	рискованно	1347
5791	чуять	1346
5792	завоевать	1345
5793	задерживаться	1345
5794	высказать	1344
5795	перец	1344
5796	придержать	1344
5797	стадион	1344
5798	горизонт	1343
5799	заряд	1343
5800	мамаша	1343
5801	о-о	1343
5802	подстроить	1343
5803	флинн	1343
5804	бон	1342
5805	достаточный	1342
5806	круз	1342
5807	оперировать	1342
5808	сол	1342
5809	это-то	1342
5810	одобрять	1341
5811	сосуд	1341
5812	хирургия	1341
5813	хьюстон	1341
5814	ари	1340
5815	ву	1340
5816	демократия	1340
5817	лихорадка	1340
5818	прощаться	1340
5819	законно	1339
5820	усложнять	1339
5821	учебный	1339
5822	установка	1338
5823	шарп	1338
5824	даллас	1337
5825	наговорить	1337
5826	оон	1337
5827	блеск	1336
5828	кардинал	1336
5829	коляска	1336
5830	переход	1336
5831	челси	1336
5832	дэймона	1335
5833	занести	1335
5834	комедия	1335
5835	осколок	1335
5836	подцепить	1335
5837	заманить	1334
5838	рекс	1333
5839	динозавр	1332
5840	захватывать	1332
5841	привилегия	1332
5842	трусик	1332
5843	вмешательство	1331
5844	вредить	1331
5845	скука	1331
5846	совершенство	1331
5847	справка	1331
5848	проведение	1330
5849	избивать	1329
5850	колокол	1329
5851	моррис	1329
5852	порошок	1329
5853	магический	1328
5854	неверно	1328
5855	ячейка	1328
5856	должное	1327
5857	невиновность	1327
5858	ограничение	1327
5859	онлайн	1327
5860	перри	1327
5861	репортаж	1327
5862	фрая	1327
5863	гвоздь	1326
5864	дилер	1326
5865	ожог	1326
5866	бла	1325
5867	затея	1325
5868	помада	1325
5869	соблюдать	1325
5870	ёлка	1325
5871	дань	1324
5872	усыновление	1324
5873	искренний	1323
5874	подозрительно	1323
5875	термин	1323
5876	битый	1322
5877	вычислить	1322
5878	люцифер	1322
5879	хранитель	1322
5880	делить	1321
5881	дистанция	1321
5882	подробный	1321
5883	порох	1320
5884	расположить	1319
5885	эвелина	1319
5886	дживс	1318
5887	коготь	1318
5888	по-французски	1318
5889	повязка	1318
5890	зимой	1317
5891	лэйн	1317
5892	подвергать	1317
5893	чт	1317
5894	покушение	1316
5895	выметаться	1315
5896	джорджия	1315
5897	джуна	1315
5898	книжный	1315
5899	пегги	1315
5900	рейтинг	1315
5901	валери	1314
5902	несовершеннолетний	1314
5903	поддельный	1314
5904	темп	1314
5905	приглядывать	1313
5906	халат	1313
5907	предположительно	1312
5908	дико	1311
5909	поставка	1311
5910	пребывание	1311
5911	аромат	1310
5912	гнаться	1310
5913	бешенство	1309
5914	ива	1309
5915	отвлечься	1309
5916	превращать	1309
5917	гавайи	1308
5918	джодить	1308
5919	пауза	1308
5920	наступление	1307
5921	хищник	1307
5922	возлюбить	1306
5923	ранчо	1306
5924	донован	1305
5925	завязывать	1305
5926	каролина	1305
5927	перевозить	1304
5928	интеллект	1303
5929	портер	1303
5930	справедливый	1303
5931	таня	1303
5932	гарсия	1301
5933	ничтожество	1301
5934	поэзия	1301
5935	стандарт	1301
5936	объявиться	1299
5937	анджела	1298
5938	божественный	1297
5939	запросто	1296
5940	налоговый	1296
5941	путать	1296
5942	развиваться	1296
5943	сократить	1296
5944	айрис	1295
5945	глупить	1295
5946	угнать	1295
5947	демонстрация	1294
5948	панель	1294
5949	склонный	1294
5950	загрузить	1293
5951	потрясти	1293
5952	уговор	1293
5953	умник	1293
5954	вступать	1292
5955	истечь	1292
5956	оригинальный	1292
5957	епископ	1291
5958	коричневый	1291
5959	найлс	1291
5960	проведать	1290
5961	задерживать	1289
5962	конкурент	1289
5963	престарелый	1289
5964	печь	1288
5965	репетировать	1288
5966	поздравить	1287
5967	трижды	1287
5968	вклад	1286
5969	свалка	1286
5970	даром	1285
5971	тако	1285
5972	хантереть	1285
5973	бреннана	1284
5974	слежка	1284
5975	титул	1284
5976	учёт	1284
5977	беннет	1283
5978	лимон	1283
5979	частично	1283
5980	бэй	1281
5981	отдельно	1281
5982	отмечать	1281
5983	ворваться	1280
5984	контрабанда	1279
5985	корь	1279
5986	наказывать	1279
5987	спонсор	1279
5988	особняк	1278
5989	возомнить	1277
5990	сравнить	1277
5991	убеждение	1277
5992	дурачок	1276
5993	парламент	1276
5994	потрогать	1275
5995	шшш	1275
5996	гладко	1274
5997	лш	1274
5998	соблазнить	1274
5999	фактор	1272
6000	джемма	1271
6001	бернард	1270
6002	приблизиться	1270
6003	прокуратура	1270
6004	рапорт	1270
6005	осёл	1269
6006	хоуп	1269
6007	эллис	1268
6008	насильник	1267
6009	целиться	1267
6010	амелия	1266
6011	недооценивать	1266
6012	чили	1266
6013	борис	1265
6014	перси	1265
6015	умерший	1265
6016	устанавливать	1265
6017	шекспир	1265
6018	близость	1264
6019	пижама	1264
6020	приложение	1264
6021	лекси	1263
6022	пролить	1263
6023	постановка	1262
6024	утрата	1262
6025	датчик	1261
6026	лунный	1261
6027	незнакомый	1261
6028	эш	1261
6029	капсула	1260
6030	сканирование	1260
6031	ярд	1260
6032	облегчить	1259
6033	натан	1258
6034	размышлять	1257
6035	лезвие	1256
6036	кейтлина	1255
6037	теннис	1255
6038	рейган	1254
6039	цепочка	1254
6040	игровой	1253
6041	признаваться	1253
6042	раздавить	1253
6043	ран	1253
6044	выдвигаться	1252
6045	джошуа	1252
6046	лимузин	1252
6047	нелепый	1252
6048	персона	1252
6049	ветчина	1251
6050	кливленд	1251
6051	истекать	1250
6052	отметка	1250
6053	сытый	1250
6054	употреблять	1250
6055	взлететь	1249
6056	община	1249
6057	продумать	1249
6058	мочить	1248
6059	мур	1248
6060	уютный	1248
6061	жечь	1247
6062	подсказывать	1247
6063	фаза	1246
6064	вначале	1245
6065	категория	1245
6066	клей	1245
6067	нейтан	1245
6068	пересадка	1245
6069	собачка	1245
6070	столкновение	1245
6071	отрицательный	1244
6072	тесса	1244
6073	джойс	1242
6074	премьера	1242
6075	добавлять	1241
6076	проба	1241
6077	всюду	1240
6078	сандра	1240
6079	вдали	1239
6080	чен	1239
6081	сбыться	1238
6082	фонарь	1238
6083	франсуа	1238
6084	алтарь	1237
6085	распродажа	1237
6086	еимая	1236
6087	настоять	1236
6088	одобрение	1236
6089	чаша	1236
6090	погубить	1235
6091	что-что	1235
6092	перекрыть	1234
6093	диплом	1233
6094	манипулировать	1233
6095	послезавтра	1233
6096	раздавать	1233
6097	регистрация	1233
6098	сознаться	1233
6099	спастись	1233
6100	бункер	1232
6101	заявка	1232
6102	учреждение	1232
6103	каша	1231
6104	стелла	1231
6105	бах	1230
6106	кличка	1230
6107	ниоткуда	1230
6108	сися	1230
6109	стошнить	1230
6110	вдохновение	1229
6111	иззь	1229
6112	князь	1229
6113	реабилитация	1229
6114	боулинг	1228
6115	бро	1228
6116	йаи	1228
6117	мейсон	1228
6118	намеренно	1228
6119	анб	1227
6120	аризона	1227
6121	въехать	1227
6122	набирать	1227
6123	принятие	1227
6124	дейв	1226
6125	улучшить	1226
6126	огайо	1225
6127	подвинуться	1224
6128	ред	1223
6129	телек	1223
6130	простыня	1222
6131	сьюзен	1222
6132	тактика	1222
6133	алмаз	1221
6134	выспаться	1221
6135	жук	1221
6136	наладить	1221
6137	таймс	1221
6138	беккета	1220
6139	важность	1220
6140	дениз	1220
6141	завершение	1220
6142	мартини	1220
6143	предприятие	1220
6144	явление	1220
6145	пересмотреть	1219
6146	жёстко	1218
6147	обижать	1218
6148	вакцина	1217
6149	ладонь	1217
6150	мэттью	1217
6151	типичный	1217
6152	беверлить	1216
6153	коза	1215
6154	цыпочка	1215
6155	чао	1215
6156	двоюродный	1214
6157	кензи	1214
6158	отравление	1214
6159	сушить	1214
6160	кинотеатр	1213
6161	расставаться	1213
6162	спецназ	1213
6163	тужиться	1213
6164	бадди	1212
6165	могущественный	1212
6166	общежитие	1212
6167	стирать	1211
6168	всадник	1210
6169	катя	1210
6170	незаметно	1210
6171	покататься	1210
6172	нынче	1208
6173	пепел	1208
6174	аварийный	1207
6175	применить	1207
6176	дрейк	1206
6177	иммунитет	1206
6178	разгар	1206
6179	отозвать	1205
6180	фитц	1205
6181	фрагмент	1205
6182	верхом	1204
6183	затащить	1204
6184	защитный	1204
6185	кампус	1204
6186	лола	1204
6187	маэстро	1204
6188	нежели	1204
6189	шапка	1204
6190	швейцария	1204
6191	дельфин	1203
6192	неподходящий	1203
6193	уродливый	1203
6194	японец	1202
6195	соска	1201
6196	тоска	1201
6197	аль	1200
6198	переговорить	1200
6199	врасплох	1199
6200	масштаб	1199
6201	падре	1199
6202	бланк	1198
6203	двоить	1198
6204	заверить	1197
6205	баланс	1196
6206	задолжать	1196
6207	польша	1196
6208	ширлить	1196
6209	вилка	1195
6210	землетрясение	1195
6211	комбинация	1195
6212	навстречу	1195
6213	хакер	1195
6214	инициатива	1194
6215	подводить	1194
6216	прорыв	1193
6217	статистика	1193
6218	плита	1190
6219	винни	1189
6220	джерси	1189
6221	камин	1189
6222	лаура	1189
6223	отход	1188
6224	перехватить	1188
6225	выпилить	1187
6226	начальный	1187
6227	потихоньку	1187
6228	мр	1186
6229	па	1186
6230	вредный	1185
6231	максимальный	1185
6232	вагин	1184
6233	искра	1184
6234	психология	1184
6235	агрессивный	1183
6236	батарейка	1183
6237	ниггер	1183
6238	разлучить	1183
6239	спид	1183
6240	стрижка	1183
6241	вознаграждение	1182
6242	осуществить	1182
6243	следовательно	1182
6244	энтерпрайза	1182
6245	блог	1181
6246	некого	1181
6247	рехнуться	1181
6248	гейба	1180
6249	курьер	1180
6250	прислуга	1180
6251	барахло	1179
6252	достойно	1179
6253	койка	1179
6254	мюзикл	1179
6255	подгузник	1179
6256	смело	1179
6257	лысый	1178
6258	непростой	1178
6259	плавание	1178
6260	командующий	1177
6261	определять	1177
6262	чертовщина	1177
6263	вздох	1176
6264	воровство	1176
6265	пленник	1176
6266	побеспокоить	1176
6267	расстраиваться	1176
6268	больничный	1175
6269	миф	1174
6270	певец	1174
6271	тревожить	1174
6272	богач	1173
6273	давность	1173
6274	инвестор	1173
6275	материя	1173
6276	дебаты	1172
6277	колодец	1172
6278	развести	1172
6279	батарея	1171
6280	выставлять	1171
6281	гравитация	1171
6282	миленький	1171
6283	наблюдатель	1171
6284	неудобство	1171
6285	сун	1170
6286	телеграмма	1170
6287	банкир	1169
6288	бразилия	1169
6289	дороти	1168
6290	барабан	1167
6291	рыдать	1167
6292	страж	1167
6293	катрин	1166
6294	ария	1165
6295	дисциплина	1165
6296	оппа	1165
6297	позавтракать	1165
6298	реаъ	1164
6299	храниться	1164
6300	зараза	1163
6301	морис	1162
6302	обрадоваться	1162
6303	уборная	1162
6304	быстренько	1161
6305	глен	1161
6306	помидор	1161
6307	присяга	1161
6308	сатана	1161
6309	сель	1161
6310	стоя	1161
6311	киска	1160
6312	обама	1160
6313	уоллес	1160
6314	защищаться	1159
6315	мэл	1159
6316	одевать	1159
6317	чинить	1159
6318	эмоционально	1159
6319	выбрасывать	1158
6320	харт	1158
6321	кубок	1157
6322	лампочка	1157
6323	сеул	1157
6324	сильвер	1157
6325	хлопья	1157
6326	беглец	1156
6327	конфетка	1156
6328	лена	1156
6329	ривер	1156
6330	спичка	1156
6331	переслать	1155
6332	эллисон	1155
6333	гидеон	1154
6334	мел	1154
6335	разыгрывать	1154
6336	отчаянный	1153
6337	секция	1153
6338	стивенс	1153
6339	тетрадь	1153
6340	ходячий	1153
6341	противно	1152
6342	синхронизация	1152
6343	данте	1151
6344	красавец	1151
6345	макияж	1151
6346	мэйсон	1151
6347	терроризм	1151
6348	пожелание	1150
6349	уолкер	1150
6350	чин	1150
6351	шейла	1150
6352	артефакт	1149
6353	бросок	1148
6354	загнать	1148
6355	ирландский	1148
6356	пророк	1148
6357	спереди	1148
6358	гамбургер	1146
6359	лэнс	1146
6360	сочувствие	1146
6361	спортсмен	1146
6362	эволюция	1146
6363	календарь	1145
6364	лоу	1145
6365	миа	1145
6366	мора	1145
6367	оглядываться	1145
6368	эго	1145
6369	восстание	1144
6370	повзрослеть	1144
6371	цитата	1144
6372	дуглас	1143
6373	маргарита	1143
6374	мягко	1143
6375	обеспечение	1143
6376	портал	1143
6377	бендер	1142
6378	тор	1142
6379	экспедиция	1142
6380	отблагодарить	1141
6381	увлечься	1141
6382	фрост	1141
6383	генрих	1140
6384	прислушаться	1140
6385	ступенька	1140
6386	тронутый	1140
6387	единица	1139
6388	текила	1139
6389	шестеро	1139
6390	каблук	1138
6391	однозначно	1138
6392	торрес	1138
6393	десятилетие	1137
6394	навеки	1137
6395	надя	1137
6396	пособие	1137
6397	тая	1137
6398	влиятельный	1136
6399	всего-то	1136
6400	капрал	1136
6401	крюк	1136
6402	упс	1136
6403	джеф	1135
6404	отвергнуть	1135
6405	прилично	1135
6406	бутылочка	1134
6407	сюзан	1134
6408	юджин	1134
6409	бу	1133
6410	крот	1133
6411	чернила	1133
6412	орешек	1132
6413	фотографировать	1132
6414	оксфорд	1131
6415	подвергнуть	1131
6416	столетие	1130
6417	полегчать	1129
6418	снежный	1128
6419	толком	1128
6420	тренировать	1128
6421	выражать	1127
6422	гранат	1127
6423	катер	1127
6424	кейти	1127
6425	нико	1127
6426	скрипка	1127
6427	стареть	1127
6428	тэ	1127
6429	увольнять	1127
6430	балтимор	1126
6431	берти	1126
6432	выделить	1126
6433	барби	1125
6434	янки	1125
6435	ежедневно	1124
6436	разом	1124
6437	картель	1123
6438	антон	1122
6439	ныть	1122
6440	обследование	1122
6441	освещение	1121
6442	отделаться	1121
6443	устоять	1121
6444	крушение	1120
6445	лисбон	1120
6446	сильвия	1120
6447	отбой	1119
6448	свалиться	1119
6449	бернуть	1118
6450	вегаснуть	1118
6451	свидетельствовать	1118
6452	гастингс	1117
6453	завтракать	1117
6454	мда	1117
6455	саттон	1117
6456	скачка	1117
6457	египет	1116
6458	лир	1116
6459	маг	1116
6460	отплатить	1116
6461	помешанный	1116
6462	энтузиазм	1116
6463	пролететь	1115
6464	трещина	1115
6465	изгнать	1114
6466	развалиться	1114
6467	голд	1113
6468	джип	1113
6469	заблуждение	1113
6470	небезопасно	1113
6471	осмелиться	1112
6472	прикоснуться	1112
6473	шорты	1112
6474	гарднер	1111
6475	предвидеть	1111
6476	прилечь	1111
6477	угощаться	1111
6478	выпивать	1110
6479	расписаться	1110
6480	всемогущий	1109
6481	генетический	1109
6482	понести	1109
6483	поправить	1109
6484	утешение	1109
6485	джефферсон	1108
6486	лопата	1108
6487	скарлетта	1108
6488	стенка	1108
6489	арендовать	1107
6490	валяться	1107
6491	михаил	1107
6492	поручение	1107
6493	бумажка	1106
6494	ветка	1106
6495	возглавлять	1106
6496	ирландия	1106
6497	амбиция	1105
6498	литр	1105
6499	тимоти	1105
6500	радовать	1104
6501	нью-джерси	1103
6502	шерил	1103
6503	мерзость	1102
6504	разыскать	1102
6505	витамин	1101
6506	снотворный	1101
6507	хлопоты	1101
6508	агнес	1100
6509	атом	1100
6510	ной	1100
6511	разместить	1100
6512	фи	1100
6513	зять	1099
6514	нахер	1099
6515	устранить	1099
6516	ближний	1098
6517	ги	1098
6518	очаровательно	1098
6519	радар	1098
6520	супергерой	1098
6521	абсурд	1097
6522	влево	1097
6523	голубь	1097
6524	кабина	1097
6525	ничуть	1097
6526	понятный	1096
6527	эйнштейн	1096
6528	старость	1095
6529	фейерверк	1094
6530	кодить	1093
6531	наладиться	1093
6532	пропажа	1093
6533	даа	1092
6534	поуп	1092
6535	провалить	1092
6536	шантаж	1092
6537	здешний	1091
6538	ничья	1091
6539	песенка	1091
6540	пруд	1091
6541	сосать	1091
6542	хэйль	1091
6543	белок	1090
6544	иерусалим	1090
6545	изобретение	1090
6546	бэйль	1089
6547	кеннет	1089
6548	кина	1089
6549	касательно	1088
6550	марвин	1088
6551	мег	1088
6552	трезвый	1088
6553	щётка	1088
6554	выслать	1087
6555	говорящий	1087
6556	сравниться	1087
6557	эдгар	1087
6558	автоответчик	1086
6559	ебать	1086
6560	рафаэль	1086
6561	бруно	1085
6562	унаследовать	1085
6563	хизер	1085
6564	кружиться	1084
6565	регулярно	1083
6566	безупречный	1082
6567	малость	1082
6568	поить	1082
6569	прибывать	1082
6570	рождаться	1082
6571	спагетти	1082
6572	вердикт	1081
6573	вонь	1081
6574	вуд	1081
6575	замёрзнуть	1081
6576	предельно	1081
6577	призвать	1081
6578	фрау	1080
6579	негр	1079
6580	раздеваться	1079
6581	штаб-квартира	1079
6582	предлог	1078
6583	раздел	1078
6584	стальной	1078
6585	рыбак	1077
6586	сдерживать	1077
6587	слить	1077
6588	адреналин	1076
6589	дарси	1076
6590	просматривать	1076
6591	смертельно	1076
6592	избрать	1075
6593	логово	1075
6594	лора	1075
6595	отставать	1075
6596	скалли	1075
6597	учение	1075
6598	грамм	1074
6599	командный	1074
6600	поттер	1074
6601	стадо	1074
6602	дежурство	1073
6603	рвать	1073
6604	ром	1073
6605	грусть	1072
6606	нрав	1072
6607	пополам	1071
6608	содовый	1071
6609	блестяще	1070
6610	дантист	1070
6611	родительский	1070
6612	эдвардс	1070
6613	накрыть	1069
6614	орден	1069
6615	бейкер	1068
6616	пинок	1068
6617	блинчик	1067
6618	дженкинс	1067
6619	дикс	1067
6620	наброситься	1067
6621	оз	1067
6622	рентген	1067
6623	баффи	1066
6624	карма	1066
6625	критика	1066
6626	публично	1066
6627	ринг	1066
6628	бам	1065
6629	покрывать	1065
6630	тэйлор	1065
6631	дуэйн	1064
6632	сторонник	1064
6633	кокс	1063
6634	конёк	1063
6635	проявление	1063
6636	сбережение	1063
6637	уста	1063
6638	мун	1062
6639	сегодна	1062
6640	эзр	1062
6641	объединить	1061
6642	послужить	1061
6643	прицел	1061
6644	психический	1061
6645	психотерапевт	1061
6646	сострадание	1061
6647	непосредственно	1060
6648	денежный	1059
6649	набраться	1059
6650	позвоночник	1059
6651	популярность	1059
6652	тележка	1059
6653	брайена	1058
6654	поиметь	1058
6655	предосторожность	1058
6656	уолль	1058
6657	формальность	1057
6658	бордель	1056
6659	гармония	1056
6660	джоэл	1056
6661	похищать	1056
6662	похмелие	1056
6663	элвис	1056
6664	айвить	1055
6665	броситься	1055
6666	задолго	1055
6667	присылать	1055
6668	щека	1055
6669	великое	1054
6670	домохозяйка	1054
6671	ля	1054
6672	синтия	1054
6673	эпидемия	1054
6674	ясность	1054
6675	марля	1053
6676	поселиться	1053
6677	трофей	1053
6678	бейсбольный	1052
6679	ватсон	1052
6680	эхо	1052
6681	ветеринар	1051
6682	гамильтон	1051
6683	затылок	1051
6684	копаться	1051
6685	описывать	1051
6686	рэд	1051
6687	удивление	1051
6688	импульс	1050
6689	лос	1050
6690	стьюй	1050
6691	вскрыть	1049
6692	рассудок	1049
6693	спасатель	1049
6694	головка	1048
6695	передохнуть	1048
6696	редкость	1047
6697	сиять	1047
6698	сладкое	1047
6699	веский	1046
6700	переночевать	1046
6701	романтик	1046
6702	туалетный	1046
6703	объединиться	1045
6704	фюрер	1045
6705	временами	1044
6706	гонконг	1044
6707	метафора	1044
6708	мэрия	1044
6709	оргазм	1044
6710	порез	1044
6711	профи	1044
6712	разводиться	1044
6713	юность	1044
6714	вить	1043
6715	гибсон	1043
6716	дрова	1043
6717	колонка	1043
6718	монтить	1043
6719	развязать	1043
6720	различие	1043
6721	вольный	1042
6722	восстать	1042
6723	забитый	1042
6724	закопать	1042
6725	каллен	1042
6726	наготове	1042
6727	обручальный	1042
6728	хаммонд	1042
6729	хосе	1042
6730	цикл	1042
6731	еякх	1041
6732	лгунья	1041
6733	опуститься	1041
6734	пингвин	1041
6735	попкорн	1041
6736	равновесие	1041
6737	заживо	1040
6738	кандидатура	1040
6739	милочка	1040
6740	фе	1040
6741	шарф	1040
6742	преуспеть	1039
6743	заноза	1038
6744	сойтись	1038
6745	прим	1037
6746	син	1037
6747	соединение	1037
6748	удержаться	1037
6749	холден	1037
6750	шеф-повар	1037
6751	попка	1036
6752	танцор	1036
6753	традиционный	1036
6754	туда-сюда	1036
6755	чуточку	1035
6756	актив	1034
6757	веко	1034
6758	внезапный	1034
6759	келлер	1034
6760	перевозка	1034
6761	талия	1034
6762	вежливость	1033
6763	уитня	1033
6764	барба	1032
6765	пред	1032
6766	выплата	1031
6767	гроза	1031
6768	возиться	1030
6769	воспитать	1030
6770	закричать	1030
6771	джаз	1029
6772	здравоохранение	1029
6773	ниндзя	1029
6774	окончательный	1029
6775	грэйс	1028
6776	лыжа	1028
6777	половой	1028
6778	роскошный	1028
6779	спас	1028
6780	цветной	1028
6781	индустрия	1027
6782	кирпич	1027
6783	гениальный	1026
6784	поцеловаться	1026
6785	убеждённый	1026
6786	эльза	1026
6787	антуан	1025
6788	давний	1025
6789	дурочка	1025
6790	лейн	1025
6791	уорд	1025
6792	придавать	1024
6793	упорно	1024
6794	формально	1024
6795	наглость	1023
6796	шерсть	1023
6797	лживый	1022
6798	отражение	1022
6799	петля	1022
6800	а-а-а	1021
6801	дрон	1021
6802	инъекция	1021
6803	сера	1021
6804	обзор	1020
6805	сувенир	1020
6806	перевезти	1019
6807	подсудимый	1019
6808	посредник	1019
6809	разнообразие	1019
6810	рычаг	1019
6811	унижение	1019
6812	ча	1019
6813	будка	1018
6814	закрытие	1018
6815	идеал	1018
6816	йога	1018
6817	отменяться	1018
6818	братик	1017
6819	выключать	1017
6820	долой	1017
6821	уэс	1017
6822	слежение	1016
6823	таракан	1016
6824	хе	1016
6825	господний	1015
6826	грудной	1015
6827	продвинуться	1015
6828	фонтан	1015
6829	эльф	1015
6830	бренди	1014
6831	бэт	1014
6832	мия	1013
6833	отзыв	1013
6834	посередине	1013
6835	сорт	1013
6836	шахматы	1013
6837	айзек	1012
6838	баскетбол	1012
6839	бэтмена	1012
6840	десятый	1012
6841	напоминание	1012
6842	неловкий	1012
6843	опекун	1012
6844	проработать	1012
6845	сокращение	1012
6846	брачный	1011
6847	выдвинуть	1011
6848	деревянный	1011
6849	заинтересоваться	1011
6850	крамер	1010
6851	приговорить	1010
6852	призывать	1010
6853	широко	1010
6854	прослушка	1009
6855	госсекретарь	1008
6856	замешательство	1008
6857	запаниковать	1008
6858	карантин	1008
6859	прогноз	1008
6860	скелет	1008
6861	графиня	1007
6862	джаред	1007
6863	заклад	1007
6864	метка	1007
6865	подземный	1007
6866	пэт	1007
6867	эдита	1007
6868	балет	1006
6869	гейтс	1006
6870	кейс	1006
6871	прикалываться	1006
6872	бухта	1005
6873	здоровяк	1005
6874	повстанец	1005
6875	роскошь	1005
6876	усвоить	1005
6877	безумец	1004
6878	возглавить	1004
6879	мишка	1004
6880	табличка	1004
6881	хулиган	1004
6882	выживать	1003
6883	гён	1003
6884	инвалид	1003
6885	срыв	1003
6886	химчистка	1003
6887	медик	1002
6888	молочный	1002
6889	неожиданность	1002
6890	разыграть	1002
6891	распространение	1002
6892	сердцебиение	1002
6893	серить	1002
6894	угодить	1002
6895	бесконечно	1000
6896	джоанна	1000
6897	диноззый	1000
6898	лак	1000
6899	платок	1000
6900	беседовать	999
6901	леденец	999
6902	весить	998
6903	лифчик	998
6904	фейсбук	998
6905	г-жа	997
6906	сэкономить	997
6907	начеку	996
6908	присмотр	996
6909	пробежка	996
6910	запросить	995
6911	издалёка	995
6912	иран	995
6913	мерседес	995
6914	джема	994
6915	заражение	994
6916	лас-вегас	994
6917	побеседовать	994
6918	правитель	994
6919	продемонстрировать	994
6920	дотронуться	993
6921	вправо	992
6922	вынуть	992
6923	подбородок	992
6924	транспортный	992
6925	отнестись	991
6926	переделать	991
6927	ана	989
6928	вдохновить	989
6929	джудит	989
6930	замереть	989
6931	унизительно	989
6932	гу	988
6933	заморозить	988
6934	фокс	988
6935	дружеский	987
6936	матка	987
6937	одержимость	987
6938	хрупкий	987
6939	атомный	986
6940	биология	986
6941	комплект	986
6942	коммунист	985
6943	утешить	985
6944	хьюз	985
6945	нажимать	984
6946	светиться	984
6947	начистоту	983
6948	обход	983
6949	стерлинг	982
6950	архитектор	979
6951	беженец	979
6952	донести	979
6953	простуда	979
6954	пё	979
6955	револьвер	979
6956	аспирин	978
6957	грандиозный	978
6958	заразиться	978
6959	по-разному	978
6960	вплоть	977
6961	пожизненный	977
6962	помойка	977
6963	пророчество	977
6964	заголовок	976
6965	гавань	975
6966	паршиво	975
6967	прачечная	975
6968	скай	975
6969	треть	975
6970	чиновник	975
6971	бедствие	974
6972	клод	974
6973	наводка	974
6974	отстойный	974
6975	придать	974
6976	хьюго	974
6977	леонардо	973
6978	лимонад	973
6979	негде	973
6980	стероид	973
6981	бабло	972
6982	бродвей	972
6983	исполнитель	972
6984	ощутить	972
6985	покурить	972
6986	финансирование	972
6987	астрид	971
6988	каменный	971
6989	крыльцо	971
6990	обеспечивать	971
6991	посмеяться	971
6992	трек	971
6993	умение	971
6994	экземпляр	971
6995	заяц	970
6996	мара	970
6997	бич	969
6998	жилет	969
6999	жилец	969
7000	куриный	969
7001	металлический	969
7002	рейнольдс	969
7003	убеждать	969
7004	угощать	969
7005	диктор	968
7006	талисман	968
7007	доставаться	967
7008	обстоять	967
7009	певица	967
7010	подхватить	967
7011	слезть	967
7012	слоан	967
7013	автомобильный	966
7014	вытянуть	966
7015	забастовка	966
7016	опасаться	966
7017	терапевт	966
7018	бровь	965
7019	буш	965
7020	вытереть	965
7021	толстяк	965
7022	трясти	965
7023	агрессия	964
7024	взаперти	964
7025	осторожность	964
7026	забава	963
7027	пауэлла	963
7028	стирка	963
7029	десяток	962
7030	приготовление	962
7031	сыпь	962
7032	ху	962
7033	кт	961
7034	лабиринт	961
7035	обучить	961
7036	общий-то	961
7037	припомнить	961
7038	успокаивать	961
7039	дорис	960
7040	зависть	960
7041	нед	960
7042	раздевалка	960
7043	сходство	960
7044	теоретически	960
7045	арена	959
7046	гусь	959
7047	нэйт	959
7048	отмена	959
7049	клайв	958
7050	окружать	958
7051	подкупить	958
7052	реай	958
7053	неужто	957
7054	павел	957
7055	паром	957
7056	хавьер	957
7057	греческий	956
7058	заподозрить	956
7059	испугать	956
7060	пощадить	956
7061	пятёрка	956
7062	республиканец	956
7063	розыгрыш	956
7064	танцовщица	956
7065	выдаться	955
7066	инвестиция	955
7067	оперативник	955
7068	печенька	955
7069	квино	954
7070	надавить	954
7071	накормить	954
7072	психушка	954
7073	семейство	954
7074	сожрать	954
7075	араб	953
7076	отчим	953
7077	твиттер	953
7078	делишки	952
7079	заманчивый	952
7080	ховард	952
7081	газировка	951
7082	дейл	951
7083	крестьянин	951
7084	напролёт	951
7085	насмерть	951
7086	прошение	951
7087	старк	951
7088	фелисити	951
7089	эванс	951
7090	гленна	950
7091	инфаркт	950
7092	фонарик	950
7093	брендон	949
7094	изоляция	949
7095	математик	949
7096	пригород	949
7097	разузнать	949
7098	заявиться	948
7099	фантастический	948
7100	кондиционер	947
7101	нмю	947
7102	обезьянка	947
7103	паранойя	947
7104	помириться	947
7105	бремя	946
7106	привод	946
7107	тунец	946
7108	грустить	945
7109	детройт	945
7110	иголка	945
7111	секси	945
7112	вручить	944
7113	кашель	944
7114	окрестность	944
7115	тяжесть	944
7116	ук	944
7117	эбигейл	944
7118	аномалия	943
7119	латынь	943
7120	монк	943
7121	паула	943
7122	пирамида	943
7123	рико	943
7124	уголь	943
7125	эгоист	943
7126	британец	942
7127	венеция	942
7128	вздор	942
7129	иена	942
7130	конституция	942
7131	прикроить	942
7132	флэш	942
7133	эрня	942
7134	баллотироваться	941
7135	ирландец	941
7136	маяк	941
7137	милан	941
7138	монтгомери	941
7139	путешественник	941
7140	шарль	941
7141	дженис	940
7142	колорадо	940
7143	ладненький	940
7144	превосходительство	940
7145	сироп	940
7146	надуть	939
7147	капитал	938
7148	мастерство	938
7149	осложнение	938
7150	основатель	938
7151	бонд	937
7152	истерика	937
7153	поделить	937
7154	вправе	936
7155	изумительно	936
7156	ненастоящий	936
7157	прикосновение	936
7158	эффективный	936
7159	гон	935
7160	загадать	934
7161	обходиться	934
7162	плакат	934
7163	пизда	933
7164	расслышать	933
7165	спиртное	933
7166	упоминание	933
7167	шаттл	933
7168	выполнение	932
7169	нянька	932
7170	ветеран	931
7171	взнос	931
7172	возбуждать	931
7173	клаудия	931
7174	напечатать	931
7175	небось	931
7176	осесть	931
7177	отказывать	931
7178	подделать	931
7179	спускать	931
7180	забег	930
7181	кэмпбелла	930
7182	маркс	930
7183	всеобщий	929
7184	государь	929
7185	мелить	929
7186	сергей	929
7187	уберечь	929
7188	эммета	929
7189	вдохнуть	928
7190	кас	928
7191	монетка	928
7192	нафиг	928
7193	невредимый	928
7194	презирать	928
7195	сбивать	927
7196	соло	927
7197	квентин	926
7198	копьё	926
7199	подышать	926
7200	поругаться	926
7201	убедительный	926
7202	жадность	925
7203	продлиться	925
7204	столкнуть	925
7205	тэмми	925
7206	участь	925
7207	макароны	924
7208	альянс	923
7209	находка	923
7210	наёмник	923
7211	полпути	923
7212	джой	922
7213	задыхаться	922
7214	претензия	922
7215	тайминг	922
7216	иностранец	921
7217	кран	921
7218	накануне	921
7219	подменить	921
7220	предоставлять	921
7221	шэрон	921
7222	явный	921
7223	вращаться	920
7224	оранжевый	920
7225	освальд	920
7226	погибший	920
7227	раскрывать	920
7228	хот-дог	920
7229	звон	919
7230	мэрилин	919
7231	нежно	919
7232	рамон	919
7233	столб	919
7234	церковный	919
7235	греция	918
7236	злить	918
7237	картофель	918
7238	кепка	918
7239	лечиться	918
7240	портфель	918
7241	садовник	918
7242	чета	918
7243	обочина	917
7244	выявить	916
7245	графика	916
7246	европейский	916
7247	мясной	916
7248	апокалипсис	915
7249	неизбежно	915
7250	римлянин	915
7251	сговор	915
7252	сенсор	915
7253	известие	914
7254	реплика	914
7255	трогательно	914
7256	форман	914
7257	хулио	914
7258	дельта	912
7259	по-испански	912
7260	тропа	912
7261	престол	911
7262	девственность	910
7263	локоть	910
7264	одурачить	910
7265	правительственный	910
7266	срабатывать	910
7267	бл	909
7268	вулкан	909
7269	звено	909
7270	навечно	909
7271	ненормально	909
7272	охренеть	909
7273	паниковать	909
7274	шестьдесят	909
7275	двойник	908
7276	квитанция	908
7277	оригинал	908
7278	странность	908
7279	засадить	907
7280	люсьен	907
7281	подеваться	907
7282	смыться	907
7283	базза	906
7284	барьер	906
7285	гласить	906
7286	джамал	906
7287	отсчёт	906
7288	париться	906
7289	повозка	906
7290	прихватить	906
7291	развернуться	906
7292	тесно	906
7293	трент	906
7294	френк	906
7295	вентиляция	905
7296	дразнить	905
7297	канзас	905
7298	ожидаться	905
7299	зерно	904
7300	пуговица	904
7301	пьяница	904
7302	складываться	904
7303	сочетание	904
7304	уловить	904
7305	перемирие	903
7306	смыть	903
7307	спрыгнуть	903
7308	бин	902
7309	гоняться	902
7310	потрудиться	902
7311	пэтти	902
7312	грясти	901
7313	дикарь	901
7314	вопреки	900
7315	посмешище	900
7316	престон	900
7317	селина	900
7318	сопровождение	900
7319	грегори	899
7320	духовка	899
7321	итальянец	899
7322	парус	899
7323	рановато	899
7324	фара	898
7325	чжан	898
7326	виза	897
7327	расширить	897
7328	компромисс	896
7329	наносить	896
7330	сохранение	896
7331	скинуть	895
7332	то-то	895
7333	бритва	894
7334	инструктор	894
7335	исповедь	894
7336	праздничный	894
7337	з	893
7338	неуважение	893
7339	раскрой	893
7340	слезать	893
7341	сова	893
7342	эт	893
7343	аш	892
7344	бяе	892
7345	советский	892
7346	уборщик	892
7347	феникс	892
7348	чи	892
7349	провинция	891
7350	шафер	891
7351	гаррет	890
7352	активировать	889
7353	брэдлить	889
7354	проституция	889
7355	уна	889
7356	факультет	889
7357	хэл	889
7358	карло	888
7359	параноик	888
7360	сохраниться	888
7361	чудно	888
7362	беспомощный	887
7363	бунт	887
7364	гаррисон	887
7365	расставание	887
7366	адель	886
7367	запутать	886
7368	контрольный	886
7369	кортни	886
7370	радж	886
7371	реанимация	886
7372	спровоцировать	886
7373	входной	885
7374	кубик	885
7375	кукуруза	885
7376	вест	884
7377	дке	884
7378	надзор	884
7379	обезболивать	884
7380	сбиться	884
7381	гилберт	883
7382	гормон	883
7383	жулик	883
7384	летучий	883
7385	линн	883
7386	муравей	883
7387	пудинг	883
7388	рабство	883
7389	убедительно	883
7390	гигант	882
7391	йогурт	882
7392	канализация	882
7393	обалдеть	882
7394	обсуждаться	882
7395	пр	882
7396	смутить	882
7397	фанни	882
7398	бешеный	881
7399	рубен	881
7400	чудом	880
7401	матрас	879
7402	припарковаться	879
7403	монахиня	878
7404	супермен	878
7405	вводить	877
7406	мёрфь	877
7407	нереально	877
7408	творческий	877
7409	умудриться	877
7410	эддисон	877
7411	авраам	876
7412	концепция	876
7413	огнестрельный	876
7414	оправдывать	876
7415	проповедь	876
7416	чха	876
7417	покормить	875
7418	уэсли	875
7419	франсин	875
7420	ввс	874
7421	впредь	874
7422	передатчик	873
7423	мгновенно	872
7424	бойло	871
7425	грузовой	871
7426	католик	871
7427	лоренцо	871
7428	маркиз	871
7429	мышление	871
7430	андрей	870
7431	разрезать	870
7432	чистка	870
7433	глазок	869
7434	домогательство	869
7435	карлик	869
7436	покрепче	869
7437	сыворотка	869
7438	харрисон	869
7439	клюшка	868
7440	маловероятный	868
7441	рауль	868
7442	усыновить	868
7443	бессмыслица	867
7444	бойня	867
7445	величие	867
7446	печатать	867
7447	холт	867
7448	пентагон	866
7449	постучать	866
7450	пристать	866
7451	разбивать	866
7452	регион	866
7453	резкий	866
7454	утопить	866
7455	шиллинг	866
7456	бедность	865
7457	дёргаться	865
7458	ленивый	865
7459	поединок	865
7460	упаковать	865
7461	чудной	865
7462	шерри	865
7463	блокнот	864
7464	выдумка	864
7465	рвота	864
7466	азия	863
7467	говядина	863
7468	мелли	863
7469	мортить	863
7470	превзойти	863
7471	взбеситься	862
7472	куратор	862
7473	невинность	862
7474	сюзанна	862
7475	хиппи	862
7476	пантера	861
7477	тернер	861
7478	бакстер	860
7479	дебра	860
7480	монитор	860
7481	подлый	860
7482	свихнуться	860
7483	слабо	860
7484	дружелюбный	859
7485	дядюшка	859
7486	марафон	859
7487	пирожок	859
7488	проезд	859
7489	строка	859
7490	увлекаться	859
7491	возмутительно	858
7492	впорядок	858
7493	даваться	858
7494	желе	858
7495	изабелла	858
7496	молодчина	858
7497	педро	858
7498	спрос	858
7499	бурбон	857
7500	коль	857
7501	ну-ну	857
7502	определиться	857
7503	пенсильвания	857
7504	флинт	857
7505	цитировать	857
7506	затянуться	856
7507	тот-то	856
7508	кроссовок	855
7509	марси	855
7510	отвращение	855
7511	световой	855
7512	скорбь	855
7513	уведомление	855
7514	зажигалка	854
7515	зажим	854
7516	мусульманин	854
7517	обидеться	854
7518	тошнота	854
7519	газа	853
7520	допускать	853
7521	дуга	853
7522	икс	853
7523	морпех	853
7524	наруто	853
7525	поступление	853
7526	пошевеливаться	853
7527	рейн	853
7528	тревожный	853
7529	гудок	852
7530	лёгкое	852
7531	уйма	852
7532	джонас	851
7533	опередить	851
7534	оценивать	851
7535	сотрясение	851
7536	тупо	851
7537	этика	851
7538	джаспереть	850
7539	идти-ка	850
7540	омлет	850
7541	преступный	850
7542	тайком	850
7543	швеция	850
7544	безнадёжно	849
7545	дикона	849
7546	лис	849
7547	м-м	849
7548	николай	849
7549	приветствие	849
7550	уступить	849
7551	юстиция	849
7552	ввязаться	848
7553	высказаться	848
7554	индиана	848
7555	лила	848
7556	мороженный	848
7557	пехота	848
7558	полезть	848
7559	антибиотик	847
7560	жанна	847
7561	нищий	847
7562	расплата	847
7563	симмонс	847
7564	волосок	846
7565	завестись	846
7566	интерн	846
7567	любопытный	846
7568	перебор	846
7569	успевать	846
7570	гном	845
7571	горячее	845
7572	жрать	845
7573	увеличение	845
7574	учебник	845
7575	хелена	845
7576	привязанность	844
7577	вини	843
7578	кев	843
7579	письменный	843
7580	поимка	843
7581	предстать	843
7582	банкет	842
7583	кол	842
7584	смешить	842
7585	куколка	841
7586	хитрость	841
7587	анри	840
7588	накачать	840
7589	рейнджер	840
7590	сайласа	840
7591	санни	840
7592	сразиться	840
7593	ссылка	840
7594	хэтти	840
7595	многочисленный	839
7596	немногий	839
7597	припадок	839
7598	воплощение	838
7599	избиратель	838
7600	индийский	838
7601	инсульт	838
7602	ноэль	838
7603	по-быстрому	838
7604	пожать	838
7605	холостяк	838
7606	кидать	837
7607	плюнуть	837
7608	скакать	837
7609	береговой	836
7610	примерить	836
7611	рота	836
7612	уф	836
7613	наполеон	835
7614	сть	835
7615	трудить	835
7616	хэ	835
7617	испытательный	834
7618	майло	834
7619	оперативный	834
7620	содержимое	834
7621	вуаля	833
7622	ида	833
7623	корм	833
7624	мурашки	833
7625	половинка	833
7626	самочувствие	833
7627	совать	833
7628	альтернатива	832
7629	афера	832
7630	отсидеть	832
7631	положим	832
7632	дёшево	831
7633	пощада	831
7634	бонус	830
7635	борец	830
7636	бросаться	830
7637	утверждение	830
7638	хоронить	830
7639	вылетать	829
7640	вышка	829
7641	горный	829
7642	му	829
7643	сонный	829
7644	блэк	828
7645	выслушивать	828
7646	ганс	828
7647	изобразить	828
7648	квинна	828
7649	клинтон	828
7650	мадрид	828
7651	отнимать	828
7652	саммера	828
7653	дуэль	827
7654	вавилон	826
7655	купаться	826
7656	манёвр	826
7657	вакансия	824
7658	какашка	824
7659	кофейня	824
7660	похоронный	824
7661	бейтс	823
7662	заплакать	823
7663	одолеть	823
7664	рокк	823
7665	грязно	822
7666	ночка	822
7667	оболочка	822
7668	походить	822
7669	псевдоним	822
7670	романтичный	822
7671	чайник	822
7672	брукс	821
7673	твёрдо	821
7674	вообразить	820
7675	жуть	820
7676	латта	820
7677	психиатрический	820
7678	слияние	820
7679	великобритания	819
7680	семинар	819
7681	спенс	819
7682	сравнивать	819
7683	триста	819
7684	кетчуп	818
7685	любезность	818
7686	да-а	817
7687	джекс	817
7688	снаряжение	817
7689	долбать	816
7690	неуместно	816
7691	ньютон	816
7692	помереть	816
7693	куин	815
7694	назначать	815
7695	настрой	815
7696	пальчик	815
7697	порядочный	815
7698	тимми	815
7699	авто	814
7700	денвер	814
7701	клон	814
7702	водительский	813
7703	кёртис	813
7704	сено	813
7705	сибить	813
7706	элла	813
7707	зарезать	812
7708	опускать	812
7709	страстный	812
7710	циа	812
7711	элайдж	812
7712	лузер	811
7713	стремление	811
7714	ингрид	810
7715	малое	810
7716	хота	810
7717	апельсин	809
7718	командировка	809
7719	кристал	809
7720	месса	809
7721	морин	809
7722	предназначение	809
7723	проживание	809
7724	спартак	809
7725	реддингтон	807
7726	армстронг	806
7727	букет	806
7728	колебание	806
7729	нэш	806
7730	смокинг	806
7731	удовлетворение	806
7732	выкупить	805
7733	ласа	805
7734	майлс	805
7735	огонёк	805
7736	филлис	805
7737	гангстер	804
7738	кейль	804
7739	кило	804
7740	натуральный	804
7741	суета	804
7742	утратить	804
7743	школьник	804
7744	бриггс	803
7745	оттого	803
7746	рассмотрение	803
7747	токсин	803
7748	тори	803
7749	исполнительный	802
7750	сарказм	802
7751	сэ	802
7752	верхушка	801
7753	группировка	801
7754	кусаться	801
7755	расист	801
7756	шерман	801
7757	горшок	800
7758	жизненно	800
7759	колонна	800
7760	лиса	800
7761	аляска	799
7762	биография	799
7763	заснять	799
7764	корпоративный	799
7765	огга	799
7766	хвала	799
7767	допуск	798
7768	зажигать	798
7769	захватывающий	798
7770	поладить	798
7771	самец	798
7772	выгодно	797
7773	жадный	797
7774	запугать	797
7775	издавать	797
7776	миллс	797
7777	резня	797
7778	ецн	796
7779	инопланетный	796
7780	мирно	796
7781	титан	796
7782	возненавидеть	795
7783	газовый	795
7784	малдёр	795
7785	свинина	795
7786	бикини	794
7787	левон	794
7788	наслаждение	794
7789	флоренция	794
7790	авторитет	793
7791	бя	793
7792	валита	793
7793	колокольчик	793
7794	полость	793
7795	празднование	793
7796	франко	793
7797	джакузи	792
7798	карнавал	792
7799	мрт	792
7800	потомок	792
7801	развлечься	792
7802	резиденция	792
7803	чанга	792
7804	ют	792
7805	биопсия	791
7806	вляпаться	791
7807	подвергнуться	791
7808	умирающий	791
7809	видеонаблюдение	790
7810	душевный	790
7811	киллер	790
7812	поведать	790
7813	улучшение	790
7814	дн	789
7815	проспать	789
7816	толчок	789
7817	волков	788
7818	дедуля	788
7819	надоедать	788
7820	обломок	788
7821	обменять	788
7822	строчка	788
7823	тан	788
7824	ас	787
7825	джуниор	787
7826	законопроект	787
7827	седло	787
7828	собор	787
7829	увлечение	787
7830	цветочек	787
7831	девиз	786
7832	гуд	785
7833	женитьба	785
7834	миллионер	785
7835	прикидываться	785
7836	следом	785
7837	берк	784
7838	позволение	784
7839	разборка	784
7840	срань	784
7841	телик	784
7842	мороз	783
7843	напоследок	783
7844	скамейка	783
7845	щедро	783
7846	блум	782
7847	карри	782
7848	салют	782
7849	финальный	782
7850	бессмертный	781
7851	ет	781
7852	табак	781
7853	гонщик	780
7854	дворецкий	780
7855	добавка	780
7856	люциус	780
7857	механик	780
7858	стайлз	780
7859	ускорить	780
7860	вслед	779
7861	имидж	779
7862	кабель	779
7863	пятьсот	779
7864	реактор	779
7865	реб	779
7866	баня	778
7867	жасмина	778
7868	отпор	778
7869	пакистан	778
7870	руфус	778
7871	стю	778
7872	хайти	778
7873	барышня	777
7874	вымыть	777
7875	марина	777
7876	опора	777
7877	реми	777
7878	рэндалл	777
7879	студенческий	777
7880	призвание	776
7881	просидеть	776
7882	пустынь	776
7883	сунуть	776
7884	дотла	775
7885	портленд	775
7886	тгм	775
7887	вывезти	774
7888	дайана	774
7889	коронер	774
7890	испечь	773
7891	отбор	773
7892	повторимый	773
7893	майер	772
7894	пайпер	772
7895	пересечение	772
7896	уменьшить	772
7897	харди	772
7898	кг	771
7899	шприц	771
7900	ан	770
7901	дэнить	770
7902	рич	770
7903	таша	770
7904	вытворять	769
7905	идентифицировать	769
7906	искушение	769
7907	отменять	769
7908	робертс	769
7909	стукнуть	769
7910	автоматически	768
7911	безработный	768
7912	ингредиент	768
7913	ловко	768
7914	платёж	768
7915	попадаться	768
7916	пописать	768
7917	реконструкция	768
7918	канун	767
7919	лэнгли	767
7920	отклонение	767
7921	писаться	767
7922	производитель	767
7923	рио	767
7924	ба	766
7925	парашют	766
7926	передозировка	766
7927	повеситься	766
7928	последовательность	766
7929	берет	765
7930	кофеин	765
7931	мерзко	765
7932	прелестно	765
7933	привозить	765
7934	соломон	765
7935	сфокусироваться	765
7936	завладеть	764
7937	повторяться	764
7938	поди	764
7939	сблизиться	764
7940	ныне	763
7941	сканер	763
7942	таскать	763
7943	джиллиана	762
7944	карли	762
7945	стонать	762
7946	вручную	761
7947	месячный	761
7948	помощница	761
7949	спрячь	761
7950	эффективно	761
7951	возврат	760
7952	махать	760
7953	сплетница	760
7954	хамфри	760
7955	карев	759
7956	кертис	759
7957	клапан	759
7958	колбаса	759
7959	мс	759
7960	отсосать	759
7961	постоять-ка	759
7962	профессионально	759
7963	грек	758
7964	коррупция	758
7965	мол	758
7966	обучать	758
7967	оформить	758
7968	поздноватый	756
7969	сосредоточить	756
7970	туго	756
7971	вдохновлять	755
7972	зеро	755
7973	караоке	755
7974	конюшня	755
7975	понемногу	755
7976	часовой	755
7977	застукать	754
7978	квит	754
7979	льстить	754
7980	отвлекаться	754
7981	соображение	754
7982	химиотерапия	754
7983	яблочко	754
7984	конкуренция	753
7985	педаль	753
7986	чужое	753
7987	душить	752
7988	подслушать	752
7989	пойти-ка	752
7990	радуга	752
7991	разбойник	752
7992	ха-ха-ха	752
7993	влипнуть	751
7994	выскочить	751
7995	дэйзи	751
7996	лондонский	751
7997	магнус	751
7998	пластиковый	751
7999	полюс	751
8000	рузвельт	751
8001	винный	750
8002	капюшон	750
8003	локхарт	750
8004	топ	750
8005	тройка	750
8006	хвастаться	750
8007	кожаный	749
8008	ло	749
8009	повышать	749
8010	сущий	749
8011	факс	749
8012	юпитер	749
8013	карета	748
8014	хммм	748
8015	бегство	747
8016	выращивать	747
8017	капелька	747
8018	обет	747
8019	почтальон	747
8020	теперь-то	747
8021	чеснок	747
8022	джуда	746
8023	отрубить	746
8024	передаваться	746
8025	фри	746
8026	худой	746
8027	возбудить	745
8028	раввин	745
8029	батальон	744
8030	мусорк	744
8031	проводник	744
8032	анекдот	743
8033	здравие	743
8034	лейла	743
8035	линетта	743
8036	мета	743
8037	пауни	743
8038	полевой	743
8039	лошадка	742
8040	мими	742
8041	разоблачить	742
8042	флетчер	742
8043	экономический	742
8044	азартный	741
8045	волокно	741
8046	даррен	741
8047	марни	741
8048	матео	741
8049	склонность	741
8050	уотсон	741
8051	брайса	740
8052	ведение	740
8053	заводиться	740
8054	итана	740
8055	мичиган	740
8056	обычай	740
8057	подвох	740
8058	страхование	740
8059	увлечь	740
8060	вестись	739
8061	зелье	739
8062	лиама	739
8063	незадолго	739
8064	некто	739
8065	оля	739
8066	парализовать	739
8067	пена	739
8068	сжигать	739
8069	стон	739
8070	фриц	739
8071	лазарет	738
8072	роджерс	738
8073	частенько	738
8074	эйден	738
8075	восемьдесят	737
8076	липа	737
8077	неинтересный	737
8078	переворот	737
8079	пэрис	737
8080	беспилотник	736
8081	болтаться	736
8082	наса	736
8083	немногие	736
8084	облик	736
8085	патриот	736
8086	порода	736
8087	пробежать	736
8088	хадсон	736
8089	чхолить	736
8090	благодать	735
8091	бледный	735
8092	видеозапись	735
8093	мён	735
8094	панда	735
8095	предсказать	735
8096	семеро	735
8097	дмитрий	734
8098	милостивый	734
8099	вз	733
8100	гил	733
8101	ду	733
8102	косметика	733
8103	погибать	733
8104	ученица	733
8105	хара	733
8106	агенство	732
8107	апельсиновый	732
8108	загладить	732
8109	зашибиться	732
8110	многовато	732
8111	одо	732
8112	очарование	732
8113	строительный	732
8114	успокоительный	732
8115	усталость	732
8116	выздороветь	731
8117	должник	731
8118	мамуля	731
8119	направлять	731
8120	отражать	731
8121	подводный	731
8122	черёд	731
8123	аватар	730
8124	дожить	730
8125	располагаться	730
8126	бессильный	729
8127	вега	729
8128	задом	729
8129	келсый	729
8130	контекст	729
8131	подмога	729
8132	чу	729
8133	демократ	728
8134	курение	728
8135	нью-йоркский	728
8136	превыше	728
8137	пух	728
8138	робинсон	728
8139	спа	728
8140	гробница	727
8141	коннектикут	727
8142	проникать	727
8143	разбирательство	727
8144	человечность	727
8145	бриджито	726
8146	люсиль	726
8147	маскировка	726
8148	мириам	726
8149	несправедливость	726
8150	полина	726
8151	аллилуйя	725
8152	горка	725
8153	лорелай	725
8154	носок	725
8155	розаля	725
8156	кишечник	724
8157	обработать	724
8158	творение	724
8159	яблочный	724
8160	ядовитый	724
8161	входящий	723
8162	джеральд	723
8163	кирстен	723
8164	противоречить	723
8165	цыган	723
8166	чутьё	723
8167	олимпийский	722
8168	оп	722
8169	пройда	722
8170	разгадать	722
8171	рок-н-ролл	722
8172	скверный	722
8173	тиффаня	722
8174	тянуться	722
8175	антоний	721
8176	вблизи	721
8177	впасть	721
8178	найджела	721
8179	отставить	721
8180	порыв	721
8181	свинец	721
8182	ярко	721
8183	др	720
8184	отнюдь	720
8185	парикмахер	720
8186	перебивать	720
8187	разочаровывать	720
8188	решительно	720
8189	рональд	720
8190	спалить	720
8191	трансляция	720
8192	функционировать	720
8193	штора	720
8194	доспех	719
8195	замедлить	719
8196	проводиться	719
8197	руссо	719
8198	задаваться	718
8199	планирование	718
8200	семьдесят	718
8201	франц	718
8202	шляпка	718
8203	бел	717
8204	дискуссия	717
8205	изгнание	717
8206	мстить	717
8207	очаровать	717
8208	подкинуть	717
8209	прикольный	717
8210	эссе	717
8211	бэрри	716
8212	дак	716
8213	маккензи	716
8214	рассердиться	716
8215	свыше	716
8216	скорпион	716
8217	блефовать	715
8218	объём	715
8219	треугольник	715
8220	тьфу	715
8221	бэн	714
8222	довод	714
8223	конфиденциальность	714
8224	потеть	714
8225	нагрузка	713
8226	перемещение	713
8227	причал	713
8228	проигнорировать	713
8229	танго	713
8230	землянин	712
8231	словечко	712
8232	узкий	712
8233	канцлер	711
8234	лазер	711
8235	приниматься	711
8236	скользкий	711
8237	шах	711
8238	ши	711
8239	взойти	710
8240	глобальный	710
8241	личико	710
8242	марионетка	710
8243	передовой	710
8244	подиум	710
8245	торнадо	710
8246	боеприпас	709
8247	делец	709
8248	живопись	709
8249	коротышка	709
8250	пенс	709
8251	сочинение	709
8252	шедевр	709
8253	джосс	708
8254	еперь	708
8255	мексиканец	708
8256	офигенно	708
8257	пюре	708
8258	симпатия	708
8259	частность	708
8260	экстази	708
8261	даян	707
8262	сантьяго	707
8263	шланг	707
8264	эва	707
8265	грешник	706
8266	манчестер	706
8267	неприемлемый	706
8268	подтолкнуть	706
8269	позавчера	706
8270	старомодный	706
8271	алексис	705
8272	владыка	705
8273	мячик	705
8274	представимый	705
8275	судимость	705
8276	шоколадка	705
8277	аааа	704
8278	добираться	704
8279	звуковой	704
8280	пардон	704
8281	пораниться	704
8282	траектория	704
8283	аргентина	703
8284	астронавт	703
8285	виноград	703
8286	двинуться	703
8287	дипломат	703
8288	подложить	703
8289	подписаться	703
8290	отлить	702
8291	повторный	702
8292	поглотить	702
8293	семейка	702
8294	террористический	702
8295	прощальный	701
8296	размышление	701
8297	эннализ	701
8298	благородно	700
8299	затмение	700
8300	носитель	700
8301	вдобавок	699
8302	ворона	699
8303	обманщик	699
8304	феррари	699
8305	эвакуировать	699
8306	вено	698
8307	злоба	698
8308	командор	698
8309	отключаться	698
8310	отличить	698
8311	последователь	698
8312	поучаствовать	698
8313	минуть	697
8314	раш	697
8315	сучок	697
8316	шлюшка	697
8317	аня	696
8318	бартон	696
8319	бастер	696
8320	баттерс	696
8321	дэмиена	696
8322	жаклин	696
8323	зонд	696
8324	медальон	696
8325	познать	696
8326	полк	696
8327	сам-то	696
8328	сан-диего	696
8329	язва	696
8330	бактерия	695
8331	замужество	695
8332	мозговой	695
8333	проявляться	695
8334	роберто	695
8335	ковчег	694
8336	матильда	694
8337	обширный	694
8338	отговорить	694
8339	сэл	694
8340	уравнение	694
8341	частичка	694
8342	издание	693
8343	кадди	693
8344	круиз	693
8345	мёрдок	693
8346	наживка	693
8347	самозащита	693
8348	шлюпка	693
8349	голодать	692
8350	горчица	692
8351	квадрат	692
8352	переписка	692
8353	сажать	692
8354	совпасть	692
8355	специальность	692
8356	вобщий	691
8357	кгб	691
8358	краткий	691
8359	совершение	691
8360	старшина	691
8361	шу	691
8362	вслепую	690
8363	лосось	690
8364	нечасто	690
8365	олько	690
8366	роуд	690
8367	снизить	690
8368	сценарист	690
8369	чувствоваться	690
8370	чулок	690
8371	буквальный	689
8372	гвардия	689
8373	отговорка	689
8374	пивко	689
8375	поу	689
8376	янм	689
8377	восприятие	688
8378	воссоединение	688
8379	заклятие	688
8380	расклад	688
8381	соответственно	688
8382	шестнадцать	688
8383	шуточка	688
8384	высадить	687
8385	диалог	687
8386	лужа	687
8387	оттолкнуть	687
8388	позитивный	687
8389	пола	687
8390	рукопись	687
8391	губка	686
8392	лень	686
8393	магистр	686
8394	марта	686
8395	миска	686
8396	порадовать	686
8397	сталин	686
8398	уверенно	686
8399	атланта	685
8400	бенсон	685
8401	косяк	685
8402	наперёд	685
8403	по-немецки	685
8404	прибраться	685
8405	трястись	685
8406	хендерсон	685
8407	шанель	685
8408	шёлк	685
8409	бек	684
8410	жеребец	684
8411	забронировать	684
8412	излучение	684
8413	интерпол	684
8414	молча	684
8415	надин	684
8416	тик-так	684
8417	худо	684
8418	выражаться	683
8419	джоб	683
8420	кулиса	683
8421	купюра	683
8422	лопнуть	683
8423	подлец	683
8424	подробно	683
8425	грабёж	682
8426	бернс	681
8427	всмысл	681
8428	вь	681
8429	конференц-зал	681
8430	нехороший	681
8431	обыскивать	681
8432	краб	680
8433	полнолуние	680
8434	продвижение	680
8435	решимость	680
8436	стемнеть	680
8437	эдуард	680
8438	дэйл	679
8439	задержание	679
8440	канава	679
8441	квадратный	679
8442	френка	679
8443	анджело	678
8444	известность	678
8445	чжо	678
8446	амбар	677
8447	исследователь	677
8448	разнести	677
8449	сексуальность	677
8450	спец	677
8451	англ	676
8452	вражеский	676
8453	набить	676
8454	онечный	676
8455	раскусить	676
8456	святейшество	676
8457	чара	676
8458	пенелопа	675
8459	сиско	675
8460	таможня	675
8461	блузка	674
8462	гнить	674
8463	коли	674
8464	возрождение	673
8465	доченька	673
8466	медвежонок	673
8467	озаботить	673
8468	полюбоваться	673
8469	расстрелять	673
8470	ускользнуть	673
8471	ашер	672
8472	винчи	672
8473	джэк	672
8474	моцарт	672
8475	правдивый	672
8476	божечка	671
8477	длительный	671
8478	иуда	671
8479	кошачий	671
8480	лютереть	671
8481	наташа	671
8482	разбогатеть	671
8483	футболист	671
8484	ям	671
8485	гостеприимство	670
8486	мудила	670
8487	нюхать	670
8488	офигеть	670
8489	реджина	670
8490	вмс	669
8491	вс	669
8492	перекрёсток	669
8493	шнурок	669
8494	апелляция	668
8495	головорез	668
8496	замысел	668
8497	испуганный	668
8498	куш	668
8499	попадание	668
8500	френсис	668
8501	хай	668
8502	козырь	667
8503	опозорить	667
8504	прикол	667
8505	стефа	667
8506	торн	667
8507	франкенштейн	667
8508	часовня	667
8509	вероятный	666
8510	вылет	666
8511	деревенский	666
8512	магнит	666
8513	откуда-то	666
8514	почтение	666
8515	тэсса	666
8516	шумиха	666
8517	вражда	665
8518	выдумывать	665
8519	выезд	665
8520	выздоровление	665
8521	вэл	665
8522	головокружение	665
8523	джером	665
8524	модератор	665
8525	преподать	665
8526	уилфред	665
8527	щедрость	665
8528	юрисдикция	665
8529	гид	664
8530	пешка	664
8531	приставить	664
8532	динамит	663
8533	коммерческий	663
8534	мигом	663
8535	почём	663
8536	мадонна	662
8537	охотно	662
8538	охуенно	662
8539	по-хорошему	662
8540	фашист	662
8541	бухгалтерия	661
8542	втягивать	661
8543	зив	661
8544	пасха	661
8545	стопа	661
8546	хван	661
8547	забивать	660
8548	занятой	660
8549	какао	660
8550	кассандра	660
8551	лакс	660
8552	мириться	660
8553	взаимоотношение	659
8554	витрина	659
8555	вы-то	659
8556	гретхен	659
8557	комфорт	659
8558	поганый	659
8559	весенний	658
8560	готэма	658
8561	живьём	658
8562	осматривать	658
8563	свиной	658
8564	тыква	658
8565	гардероб	657
8566	долорес	657
8567	образоваться	657
8568	переписать	657
8569	покоиться	657
8570	сиделка	657
8571	скальпель	657
8572	сладенький	657
8573	шкала	657
8574	благополучие	656
8575	дуб	656
8576	звенеть	656
8577	культ	656
8578	лул	656
8579	причастность	656
8580	пёя	656
8581	точняк	656
8582	флоренса	656
8583	бенедикт	655
8584	бетси	655
8585	катрина	655
8586	переместить	655
8587	стенли	655
8588	тусовка	655
8589	иккинг	654
8590	иэн	654
8591	кусать	654
8592	онвелс	654
8593	расизм	654
8594	сохранность	654
8595	либби	653
8596	лёгкость	653
8597	мэрион	653
8598	отпущение	653
8599	тринадцать	653
8600	арахисовый	652
8601	бад	652
8602	лейся	652
8603	повесть	652
8604	прорваться	652
8605	райдер	652
8606	трущоба	652
8607	выпадать	651
8608	зто	651
8609	минни	651
8610	потрошитель	651
8611	талон	651
8612	выкопать	650
8613	даль	650
8614	детектор	650
8615	обвиняться	650
8616	подсознание	650
8617	ру	650
8618	терпеливый	650
8619	шить	650
8620	блокировать	649
8621	исправимый	649
8622	сундук	649
8623	желаемый	648
8624	мммм	648
8625	остро	648
8626	стихотворение	648
8627	тно	648
8628	возмездие	647
8629	ниточка	647
8630	ведать	646
8631	воск	646
8632	драть	646
8633	милиция	646
8634	нефтяной	646
8635	сойер	646
8636	жевать	645
8637	кое-куда	645
8638	освобождать	645
8639	откладывать	645
8640	поводок	645
8641	роланд	645
8642	семнадцать	645
8643	сортир	645
8644	частное	645
8645	валим	644
8646	интимный	644
8647	незамеченный	644
8648	неудачно	644
8649	опознание	644
8650	ален	643
8651	делла	643
8652	котик	643
8653	макнелли	643
8654	силовой	643
8655	сюзя	643
8656	даровать	642
8657	кореш	642
8658	отгул	642
8659	удаление	642
8660	яичко	642
8661	загар	641
8662	усталый	641
8663	ходатайство	641
8664	художественный	641
8665	чур	641
8666	амстердам	640
8667	вэнс	640
8668	героиня	640
8669	наводить	640
8670	отбросить	640
8671	рыться	640
8672	сбой	640
8673	убыток	640
8674	вызваться	639
8675	выяснять	639
8676	исключать	639
8677	каталог	639
8678	ричардс	639
8679	страстно	639
8680	загореться	638
8681	невежливый	638
8682	несложно	638
8683	остерегаться	638
8684	отключка	638
8685	отправка	638
8686	тёрнер	638
8687	байрон	637
8688	венера	637
8689	ман	637
8690	переживание	637
8691	петух	637
8692	так-так	637
8693	ух-ты	637
8694	я-	637
8695	боком	636
8696	вынуждать	636
8697	гранд	636
8698	диспетчер	636
8699	житься	636
8700	маккарти	636
8701	пресс	636
8702	просветить	636
8703	руина	636
8704	элиот	636
8705	анне	635
8706	валентин	635
8707	джедай	635
8708	дубль	635
8709	потереть	635
8710	устрица	635
8711	арт	634
8712	выходка	634
8713	вышибить	634
8714	додуматься	634
8715	дополнение	634
8716	ивонна	634
8717	мазь	634
8718	неприлично	634
8719	перебраться	634
8720	полмиллиона	634
8721	сабина	634
8722	водный	633
8723	выручить	633
8724	девяносто	633
8725	мерси	633
8726	напиваться	633
8727	восхищение	632
8728	отключение	632
8729	сабрина	632
8730	береть	631
8731	бэнкс	631
8732	кросби	631
8733	противоположный	631
8734	лорна	630
8735	мятежник	630
8736	промокнуть	630
8737	спасться	630
8738	троить	630
8739	турне	630
8740	арахис	629
8741	белля	629
8742	викинг	629
8743	гриль	629
8744	компенсировать	629
8745	лилля	629
8746	превосходство	629
8747	счёты	629
8748	фасоль	629
8749	аквариум	628
8750	апо	628
8751	династия	628
8752	зимний	628
8753	кура	628
8754	мат	628
8755	соболезновать	628
8756	тощий	628
8757	трансплантация	628
8758	бомж	627
8759	ведомо	627
8760	истый	627
8761	кладовка	627
8762	кроватка	627
8763	купон	627
8764	паоло	627
8765	поджог	627
8766	пул	627
8767	шифр	627
8768	ассистентка	626
8769	блейн	626
8770	огорчать	626
8771	пробиться	626
8772	хиро	626
8773	бедняк	625
8774	максимально	625
8775	раствор	625
8776	расшифровать	625
8777	совместно	625
8778	содержаться	625
8779	целость	625
8780	кросс	624
8781	обняться	624
8782	плесень	624
8783	поэма	624
8784	саид	624
8785	якоб	624
8786	благословенный	623
8787	гэвино	623
8788	дь	623
8789	заключать	623
8790	кантри	623
8791	крекер	623
8792	наркоманка	623
8793	опросить	623
8794	перебить	623
8795	призыв	623
8796	тёлка	623
8797	упад	623
8798	чже	623
8799	чёткий	623
8800	икра	622
8801	крона	622
8802	наверстать	622
8803	подлежать	622
8804	брет	621
8805	ган	621
8806	мери	621
8807	облава	621
8808	раздеться	621
8809	рикардо	621
8810	торжество	621
8811	ор	620
8812	подействовать	620
8813	тук	620
8814	элиза	620
8815	бриджет	619
8816	возбуждение	619
8817	компонент	619
8818	лечебница	619
8819	неаполь	619
8820	обработка	619
8821	тук-тук	619
8822	циско	619
8823	вл	618
8824	джулиета	618
8825	коротко	618
8826	крах	618
8827	народный	618
8828	очевидец	618
8829	сэйти	618
8830	тристан	618
8831	борг	617
8832	денежка	617
8833	догонять	617
8834	инициал	617
8835	поддаваться	617
8836	сетка	617
8837	гипноз	616
8838	наушник	616
8839	недоступный	616
8840	ослепнуть	616
8841	отис	616
8842	решающий	616
8843	самооборона	616
8844	узи	616
8845	вагнер	615
8846	ранита	615
8847	резинка	615
8848	рина	615
8849	секретность	615
8850	сжать	615
8851	телок	615
8852	угощение	615
8853	уолш	615
8854	ака	614
8855	детонатор	614
8856	дэ	614
8857	зик	614
8858	комета	614
8859	лонг	614
8860	припас	614
8861	пэк	614
8862	слюна	614
8863	сырой	614
8864	эмми	614
8865	водопад	613
8866	гипотетически	613
8867	дж	613
8868	клише	613
8869	матрица	613
8870	равить	613
8871	шмотки	613
8872	диллоно	612
8873	корейский	612
8874	курорт	612
8875	припарковать	612
8876	сняться	612
8877	тротуар	612
8878	вертеться	611
8879	высовываться	611
8880	интернат	611
8881	набросок	611
8882	посоветоваться	611
8883	принадлежность	611
8884	хиллари	611
8885	бэлла	610
8886	глушь	610
8887	коко	610
8888	копейка	610
8889	орало	610
8890	перебрать	610
8891	поговорка	610
8892	сонний	610
8893	тобиас	610
8894	застрелиться	609
8895	кэнди	609
8896	кэффри	609
8897	обуза	609
8898	превращение	609
8899	хайль	609
8900	хоккей	609
8901	администратор	608
8902	анит	608
8903	иосиф	608
8904	надзиратель	608
8905	пейтон	608
8906	ходжинс	608
8907	беатрис	607
8908	болезненно	607
8909	намереваться	607
8910	одноклассник	607
8911	персик	607
8912	природный	607
8913	прокат	607
8914	тройной	607
8915	туча	607
8916	шумно	607
8917	эдмунд	607
8918	юки	607
8919	яичница	607
8920	будильник	606
8921	воедино	606
8922	девон	606
8923	доу	606
8924	омега	606
8925	похудеть	606
8926	типично	606
8927	тревиснуть	606
8928	чертёж	606
8929	легион	605
8930	мрак	605
8931	обвинитель	605
8932	орсон	605
8933	по-любому	605
8934	понюхать	605
8935	поражать	605
8936	презрение	605
8937	троица	605
8938	червоточина	605
8939	эс	605
8940	вздуматься	604
8941	жорж	604
8942	исаак	604
8943	опнярн	604
8944	пейзаж	604
8945	разгуливать	604
8946	сударыня	604
8947	судорога	604
8948	четырнадцать	604
8949	ванда	603
8950	гостиный	603
8951	договорённость	603
8952	дьявольский	603
8953	маки	603
8954	морфин	603
8955	отброс	603
8956	пако	603
8957	тонуть	603
8958	вафля	602
8959	тайник	602
8960	флора	602
8961	шкатулка	602
8962	врнаш	601
8963	герман	601
8964	интрига	601
8965	ступень	601
8966	джулиетта	600
8967	ль	600
8968	обокрасть	600
8969	поппи	600
8970	порнография	600
8971	юрий	600
8972	ганнибал	599
8973	графство	599
8974	мех	599
8975	нмх	599
8976	слушатель	599
8977	белоснежок	598
8978	головоломка	598
8979	жетон	598
8980	честер	598
8981	эффективность	598
8982	белка	597
8983	буфет	597
8984	видеоигра	597
8985	забираться	597
8986	каппа	597
8987	нехватка	597
8988	категорически	596
8989	мутант	596
8990	нищета	596
8991	оскорбительно	596
8992	словарь	596
8993	улитка	596
8994	уха	596
8995	глотать	595
8996	деликатный	595
8997	кобра	595
8998	медикамент	595
8999	никсон	595
9000	обряд	595
9001	отъестись	595
9002	споткнуться	595
9003	срезать	595
9004	ворф	594
9005	дежурный	594
9006	испанец	594
9007	конечность	594
9008	наизусть	594
9009	самаритянин	594
9010	сломить	594
9011	чесаться	594
9012	эдвин	594
9013	диабет	593
9014	добродетель	593
9015	проповедник	593
9016	прятки	593
9017	тамара	593
9018	унижать	593
9019	бинга	592
9020	зов	592
9021	искупление	592
9022	карате	592
9023	олег	592
9024	прохладно	592
9025	разваливаться	592
9026	стажёр	592
9027	гадкий	591
9028	ебе	591
9029	клинок	591
9030	приёмная	591
9031	промышленность	591
9032	пёсик	591
9033	старинный	591
9034	хайд	591
9035	чел	591
9036	артиллерия	590
9037	гидра	590
9038	компас	590
9039	мразь	590
9040	поддаться	590
9041	простудиться	590
9042	сузить	590
9043	тс	590
9044	откопать	589
9045	ууу	589
9046	франциск	589
9047	вступление	588
9048	диаз	588
9049	завербовать	588
9050	кэссидеть	588
9051	незначительный	588
9052	оберегать	588
9053	полый	588
9054	попросту	588
9055	похвала	588
9056	бартовск	587
9057	взрывной	587
9058	кодовый	587
9059	поторапливаться	587
9060	скаут	587
9061	тролль	587
9062	чужак	587
9063	еб	586
9064	ебучий	586
9065	перу	586
9066	повторно	586
9067	ручей	586
9068	симона	586
9069	хлопок	586
9070	аванс	585
9071	бухло	585
9072	восемнадцать	585
9073	етс	585
9074	жаба	585
9075	забытый	585
9076	нана	585
9077	тыл	585
9078	химикат	585
9079	ястреб	585
9080	анди	584
9081	кружок	584
9082	нелегальный	584
9083	обслуживать	584
9084	проигрыш	584
9085	туз	584
9086	заглядывать	583
9087	корт	583
9088	лекса	583
9089	пидор	583
9090	трость	583
9091	уолл-стрит	583
9092	водиться	582
9093	жуков	582
9094	мадлен	582
9095	подстава	582
9096	райт	582
9097	распространиться	582
9098	съезд	582
9099	корделий	581
9100	мучиться	581
9101	прибить	581
9102	регин	581
9103	таверна	581
9104	уэст	581
9105	хватка	581
9106	дурно	580
9107	искупить	580
9108	лобстер	580
9109	мучительный	580
9110	нравитс	580
9111	самка	580
9112	экспресс	580
9113	девид	579
9114	кайлить	579
9115	кэп	579
9116	момый	579
9117	обри	579
9118	отразиться	579
9119	подглядывать	579
9120	ричмонд	579
9121	соображать	579
9122	амир	578
9123	блэйк	578
9124	еярэ	578
9125	керри	578
9126	паутина	578
9127	самурай	578
9128	сверхурочный	578
9129	неведение	577
9130	огненный	577
9131	отрицание	577
9132	алексей	576
9133	восход	576
9134	главарь	576
9135	даки	576
9136	подлодка	576
9137	попугай	576
9138	синклер	576
9139	слететь	576
9140	фортепиано	576
9141	беркли	575
9142	колдовство	575
9143	линга	575
9144	миссь	575
9145	обнаружение	575
9146	передвигаться	575
9147	повышенный	575
9148	прекращение	575
9149	прикинуть	575
9150	заботливый	574
9151	нежность	574
9152	некрасиво	574
9153	проживать	574
9154	рома	574
9155	сверхъестественный	574
9156	торонто	574
9157	удрать	574
9158	алабама	573
9159	ауть	573
9160	бёрк	573
9161	впутывать	573
9162	поляк	573
9163	тэдди	573
9164	хладнокровно	573
9165	чайка	573
9166	шутник	573
9167	владимир	572
9168	выглый	572
9169	диапазон	572
9170	достигать	572
9171	йнцдь	572
9172	непохожий	572
9173	нулевой	572
9174	оправиться	572
9175	перл	572
9176	сеньорита	572
9177	спайк	572
9178	альцгеймер	571
9179	будда	571
9180	взрываться	571
9181	вырубиться	571
9182	зан	571
9183	кварк	571
9184	мигрень	571
9185	наперекосяк	571
9186	напрягать	571
9187	подземелье	571
9188	пользователь	571
9189	спрингфилд	571
9190	чхан	571
9191	шапочка	571
9192	эндрюс	571
9193	берри	570
9194	заправлять	570
9195	кровоизлияние	570
9196	процветать	570
9197	сонбэ	570
9198	стабильность	570
9199	адриан	569
9200	боксёр	569
9201	вздремнуть	569
9202	морить	569
9203	наградить	569
9204	отрывок	569
9205	шёпотом	569
9206	бэнный	568
9207	газон	568
9208	камелот	568
9209	росся	568
9210	близкие	567
9211	напрокат	567
9212	патти	567
9213	рефлекс	567
9214	снятие	567
9215	харли	567
9216	бессмертие	566
9217	дрожь	566
9218	жаркое	566
9219	затрата	566
9220	испариться	566
9221	недостаточность	566
9222	низ	566
9223	переубедить	566
9224	рваться	566
9225	рн	566
9226	батончик	565
9227	декс	565
9228	миссисипи	565
9229	мучение	565
9230	посредством	565
9231	пощёчина	565
9232	заповедь	564
9233	иви	564
9234	капот	564
9235	клэри	564
9236	ларс	564
9237	опасение	564
9238	пищевой	564
9239	распознавание	564
9240	самоубийца	564
9241	запчасть	563
9242	заря	563
9243	инвалидный	563
9244	легавый	563
9245	сталь	563
9246	цепляться	563
9247	брызги	562
9248	диди	562
9249	напрягаться	562
9250	нэйтан	562
9251	он-то	562
9252	оти	562
9253	грести	561
9254	ейчас	561
9255	лесной	561
9256	ложа	561
9257	удо	561
9258	элита	561
9259	аша	560
9260	всемирный	560
9261	гамлет	560
9262	зажить	560
9263	неизбежный	560
9264	ольга	560
9265	почтить	560
9266	танцевальный	560
9267	вудс	559
9268	джинджер	559
9269	неудачница	559
9270	нилла	559
9271	объясниться	559
9272	ответчик	559
9273	противоядие	559
9274	сай	559
9275	стриптизёрша	559
9276	увлекательно	559
9277	фейри	559
9278	шип	559
9279	калинда	558
9280	лишать	558
9281	недопустимо	558
9282	ответный	558
9283	скульптура	558
9284	тяжко	558
9285	флешка	558
9286	эко	558
9287	ворон	557
9288	восстановиться	557
9289	загородный	557
9290	костный	557
9291	кыш	557
9292	механика	557
9293	множественный	557
9294	наврать	557
9295	охранный	557
9296	перкинс	557
9297	сенсация	557
9298	сноу	557
9299	вложение	556
9300	выпечка	556
9301	засудить	556
9302	расширение	556
9303	синь	556
9304	сфе	556
9305	трибунал	556
9306	эскорт	556
9307	басс	555
9308	былой	555
9309	влажный	555
9310	заметать	555
9311	лиа	555
9312	неоднократно	555
9313	подорвать	555
9314	развлекать	555
9315	сокол	555
9316	состязание	555
9317	токко	555
9318	фокусник	555
9319	штурм	555
9320	энрике	555
9321	мышка	554
9322	неуклюжий	554
9323	поистине	554
9324	свинка	554
9325	франциско	554
9326	эйб	554
9327	алименты	553
9328	благополучно	553
9329	вылитый	553
9330	демонстрировать	553
9331	досадный	553
9332	иллинойс	553
9333	кисть	553
9334	нокс	553
9335	обручить	553
9336	слать	553
9337	сопляк	553
9338	таймер	553
9339	бентли	552
9340	временный	552
9341	кишеть	552
9342	купа	552
9343	мудро	552
9344	мускул	552
9345	орь	552
9346	оттенок	552
9347	покрытие	552
9348	стиральный	552
9349	судмедэксперт	552
9350	уран	552
9351	катерина	551
9352	поворачиваться	551
9353	покорить	551
9354	проволока	551
9355	сказать-ка	551
9356	унпньна	551
9357	вой	550
9358	калория	550
9359	корка	550
9360	макка	550
9361	почитай	550
9362	сводный	550
9363	старейшина	550
9364	везучий	549
9365	дерзкий	549
9366	дуэт	549
9367	крокодил	549
9368	минь	549
9369	обогнать	549
9370	прошедшее	549
9371	тито	549
9372	шофер	549
9373	говор	548
9374	кабельный	548
9375	карлтон	548
9376	карманный	548
9377	малиб	548
9378	мачеха	548
9379	усмотрение	548
9380	выпрыгнуть	547
9381	зи	547
9382	колебаться	547
9383	коттедж	547
9384	применять	547
9385	рубеж	547
9386	трей	547
9387	шевелить	547
9388	электроника	547
9389	ва	546
9390	кривая	546
9391	строитель	546
9392	творчество	546
9393	упор	546
9394	фальшивка	546
9395	филиал	546
9396	хг	546
9397	христианский	546
9398	дамский	545
9399	маловатый	545
9400	мариса	545
9401	мыться	545
9402	субботний	545
9403	хорх	545
9404	андроид	544
9405	гримм	544
9406	лаять	544
9407	люкс	544
9408	мэтр	544
9409	опа	544
9410	попусту	544
9411	фильтр	544
9412	ханс	544
9413	гордо	543
9414	искатель	543
9415	лидий	543
9416	чед	543
9417	антенна	542
9418	грета	542
9419	грир	542
9420	едь	542
9421	избавляться	542
9422	свойство	542
9423	гимн	541
9424	джозить	541
9425	контактировать	541
9426	концентрация	541
9427	коулсон	541
9428	мэ	541
9429	насмешка	541
9430	нетрудно	541
9431	обрыв	541
9432	палач	541
9433	плав	541
9434	подражание	541
9435	родео	541
9436	рокко	541
9437	стройка	541
9438	шрифт	541
9439	биржа	540
9440	взрывать	540
9441	должок	540
9442	католический	540
9443	квинс	540
9444	намечаться	540
9445	откровение	540
9446	череда	540
9447	беннетт	539
9448	вояджер	539
9449	гетто	539
9450	зайка	539
9451	моссад	539
9452	сияние	539
9453	тессать	539
9454	алхимик	538
9455	астма	538
9456	гас	538
9457	голубка	538
9458	лайонела	538
9459	моз	538
9460	позаимствовать	538
9461	поклонница	538
9462	поразительный	538
9463	разрабатывать	538
9464	сандерс	538
9465	суицид	538
9466	жертвовать	537
9467	жюли	537
9468	калека	537
9469	ланча	537
9470	леви	537
9471	обаяние	537
9472	облом	537
9473	сутенёр	537
9474	тампон	537
9475	трагический	537
9476	эбеда	537
9477	грейся	536
9478	наглый	536
9479	отсос	536
9480	таксист	536
9481	этель	536
9482	бридж	535
9483	выбежать	535
9484	горилла	535
9485	дарвин	535
9486	дугала	535
9487	перемещаться	535
9488	стрелок	535
9489	тао	535
9490	тестирование	535
9491	турок	535
9492	хёк	535
9493	цифровой	535
9494	автоматический	534
9495	возместить	534
9496	климат	534
9497	монтана	534
9498	пани	534
9499	подобие	534
9500	поплавать	534
9501	сахарный	534
9502	секретно	534
9503	серьга	534
9504	фэй	534
9505	зонтик	533
9506	императрица	533
9507	паскаль	533
9508	плоский	533
9509	потому-что	533
9510	прерваться	533
9511	свершиться	533
9512	стэнфорд	533
9513	переодеваться	532
9514	поминки	532
9515	пристрастие	532
9516	пыл	532
9517	пэдди	532
9518	стукач	532
9519	континент	531
9520	пакетик	531
9521	флирт	531
9522	асдёр	530
9523	м-м-м	530
9524	нелли	530
9525	неприкосновенность	530
9526	психически	530
9527	сфотографироваться	530
9528	упасти	530
9529	э-э-э	530
9530	бесконечность	529
9531	дель	529
9532	роксить	529
9533	сибирь	529
9534	тоу	529
9535	угон	529
9536	шивон	529
9537	эрнесто	529
9538	агата	528
9539	дипломатический	528
9540	кён	528
9541	мэт	528
9542	недооценить	528
9543	орландо	528
9544	прототип	528
9545	сладко	528
9546	уау	528
9547	биг	527
9548	брэдить	527
9549	игорь	527
9550	комар	527
9551	отлучиться	527
9552	побегушки	527
9553	рыбный	527
9554	безупречно	526
9555	воистину	526
9556	георг	526
9557	комендантский	526
9558	неблагодарный	526
9559	огласка	526
9560	подогнать	526
9561	прививка	526
9562	реалити-шоу	526
9563	сестричка	526
9564	теряться	526
9565	фез	526
9566	боязнь	525
9567	ватикан	525
9568	коэн	525
9569	надёжно	525
9570	отработать	525
9571	пикап	525
9572	снижение	525
9573	управляться	525
9574	человечек	525
9575	бездельник	524
9576	лос-анжелеса	524
9577	лось	524
9578	лужайка	524
9579	медь	524
9580	облигация	524
9581	обменяться	524
9582	черри	524
9583	автокатастрофа	523
9584	амнезия	523
9585	выманить	523
9586	дкъ	523
9587	кроуфорд	523
9588	лен	523
9589	неофициально	523
9590	никола	523
9591	оргия	523
9592	пересекать	523
9593	планироваться	523
9594	упоминаться	523
9595	валерий	522
9596	вильям	522
9597	вульф	522
9598	заполнять	522
9599	непредсказуемый	522
9600	фернандо	522
9601	айова	521
9602	бесценный	521
9603	вкуснятина	521
9604	воскресный	521
9605	всевышний	521
9606	выписывать	521
9607	долли	521
9608	дот	521
9609	исцеление	521
9610	микроволновка	521
9611	носовой	521
9612	полечить	521
9613	помиловать	521
9614	сносить	521
9615	тейт	521
9616	внутренность	520
9617	воссоздать	520
9618	дакс	520
9619	лю	520
9620	свисток	520
9621	таз	520
9622	траур	520
9623	энергетический	520
9624	дааа	519
9625	первоклассный	519
9626	посвящение	519
9627	разлука	519
9628	соучастник	519
9629	сударь	519
9630	шайка	519
9631	акционер	518
9632	бронь	518
9633	бь	518
9634	данэма	518
9635	коллектив	518
9636	малик	518
9637	невад	518
9638	осведомить	518
9639	поскользнуться	518
9640	пробел	518
9641	рейд	518
9642	сборная	518
9643	сбываться	518
9644	тилк	518
9645	тяга	518
9646	желательно	517
9647	мэн	517
9648	посланник	517
9649	раз-два	517
9650	рэйлан	517
9651	трэйся	517
9652	тьс	517
9653	уго	517
9654	уэльс	517
9655	шейх	517
9656	голубеть	516
9657	лазание	516
9658	милтон	516
9659	осуждение	516
9660	рушиться	516
9661	таннер	516
9662	уместно	516
9663	элеонор	516
9664	вернона	515
9665	всадить	515
9666	крэк	515
9667	кью	515
9668	мор	515
9669	надвигаться	515
9670	убойный	515
9671	щель	515
9672	дрочить	514
9673	кажетс	514
9674	канат	514
9675	крохотный	514
9676	отбить	514
9677	постирать	514
9678	сечь	514
9679	усилить	514
9680	фиолетовый	514
9681	хоббс	514
9682	грэга	513
9683	заработок	513
9684	кристен	513
9685	лей	513
9686	мальчишник	513
9687	мечеть	513
9688	молодцом	513
9689	объединение	513
9690	особа	513
9691	передвижение	513
9692	податься	513
9693	порекомендовать	513
9694	прописать	513
9695	региональный	513
9696	фрид	513
9697	цкз	513
9698	герцогиня	512
9699	дэрил	512
9700	зачастую	512
9701	каньон	512
9702	киса	512
9703	мысленно	512
9704	недовольство	512
9705	последующий	512
9706	работёнка	512
9707	рейф	512
9708	шарм	512
9709	бакли	511
9710	данна	511
9711	кнут	511
9712	лэнг	511
9713	никита	511
9714	риггс	511
9715	серж	511
9716	склон	511
9717	удвоить	511
9718	уделять	511
9719	алистер	510
9720	дер	510
9721	фин	510
9722	джейд	509
9723	дробовик	509
9724	малькольм	509
9725	морфий	509
9726	мосс	509
9727	обновление	509
9728	ограниченный	509
9729	промах	509
9730	смотритель	509
9731	снаряд	509
9732	справочник	509
9733	аха	508
9734	брендать	508
9735	взлёт	508
9736	клифф	508
9737	конора	508
9738	предсказание	508
9739	разгромить	508
9740	разослать	508
9741	свитс	508
9742	тьы	508
9743	уд	508
9744	хокинс	508
9745	абу	507
9746	алгоритм	507
9747	бабино	507
9748	барлоу	507
9749	бнр	507
9750	водоросль	507
9751	мануэль	507
9752	поперёк	507
9753	промежуток	507
9754	раскаяние	507
9755	скопировать	507
9756	водичка	506
9757	достучаться	506
9758	карвера	506
9759	объ	506
9760	раскрытие	506
9761	сесиль	506
9762	тоник	506
9763	торг	506
9764	утешать	506
9765	анестезия	505
9766	вич	505
9767	жаркий	505
9768	клык	505
9769	одеколон	505
9770	поверх	505
9771	покрасить	505
9772	суша	505
9773	арни	504
9774	дирк	504
9775	йог	504
9776	марианна	504
9777	незамедлительно	504
9778	обезвредить	504
9779	сертификат	504
9780	томография	504
9781	уединение	504
9782	активно	503
9783	весть	503
9784	карусель	503
9785	конфиденциально	503
9786	лилит	503
9787	рёв	503
9788	уступать	503
9789	хлый	503
9790	бац	502
9791	гилмор	502
9792	десить	502
9793	дэррил	502
9794	изумительный	502
9795	исправиться	502
9796	пир	502
9797	риццоля	502
9798	роско	502
9799	сельский	502
9800	сердитый	502
9801	спасаться	502
9802	сыщик	502
9803	терминал	502
9804	аида	501
9805	подтвердиться	501
9806	прибрать	501
9807	прозвать	501
9808	рюмка	501
9809	соу	501
9810	тыс	501
9811	альф	500
9812	бай	500
9813	дьюй	500
9814	единство	500
9815	круглосуточно	500
9816	пирсон	500
9817	поселение	500
9818	фотоаппарат	500
9819	ч-что	500
9820	экономить	500
9821	енот	499
9822	занавес	499
9823	кой-то	499
9824	минимальный	499
9825	мотивация	499
9826	нло	499
9827	оформление	499
9828	погрузиться	499
9829	подло	499
9830	помахать	499
9831	преосвященство	499
9832	проблёмкий	499
9833	ушко	499
9834	альтернативный	498
9835	веровать	498
9836	доводить	498
9837	лай	498
9838	луиз	498
9839	маркос	498
9840	ои	498
9841	партнёрство	498
9842	батюшка	497
9843	влечение	497
9844	выдох	497
9845	зажигание	497
9846	напроситься	497
9847	передышка	497
9848	пластический	497
9849	пристегнуть	497
9850	сводиться	497
9851	вспотеть	496
9852	кроу	496
9853	переключить	496
9854	подключиться	496
9855	полова	496
9856	продукция	496
9857	пунш	496
9858	рабыня	496
9859	рнкэйн	496
9860	джони	495
9861	истребитель	495
9862	поддержание	495
9863	поплакать	495
9864	трибуна	495
9865	факел	495
9866	чжа	495
9867	андервуд	494
9868	гдеяэ	494
9869	зависать	494
9870	отцепиться	494
9871	присмотреться	494
9872	рено	494
9873	укрыться	494
9874	чувствительность	494
9875	аптечка	493
9876	ветвь	493
9877	дженить	493
9878	дотянуться	493
9879	лара	493
9880	покрывало	493
9881	поличное	493
9882	противоположность	493
9883	свистеть	493
9884	суждение	493
9885	тесный	493
9886	торопить	493
9887	эрнест	493
9888	наизнанку	492
9889	супружеский	492
9890	хах	492
9891	буна	491
9892	влагалище	491
9893	горожанин	491
9894	жилище	491
9895	издатель	491
9896	млн	491
9897	ориентация	491
9898	плотно	491
9899	проходимый	491
9900	чёртик	491
9901	выделяться	490
9902	гильза	490
9903	довестись	490
9904	занавеска	490
9905	манер	490
9906	николя	490
9907	поднос	490
9908	подставлять	490
9909	стучаться	490
9910	бип	489
9911	гомик	489
9912	декларация	489
9913	единорог	489
9914	интенсивный	489
9915	улыбочка	489
9916	чаемый	489
9917	шеннон	489
9918	баллон	488
9919	бетон	488
9920	велита	488
9921	индивидуальность	488
9922	котор	488
9923	лебедь	488
9924	мяу	488
9925	пити	488
9926	шляться	488
9927	банкомат	487
9928	варить	487
9929	волнующий	487
9930	воровка	487
9931	иммигрант	487
9932	максим	487
9933	моргнуть	487
9934	препятствовать	487
9935	признательность	487
9936	пронести	487
9937	сварить	487
9938	солидарность	487
9939	банка	486
9940	брайна	486
9941	даффи	486
9942	дурд	486
9943	купальник	486
9944	написание	486
9945	небезразличный	486
9946	противозаконно	486
9947	садик	486
9948	тоусый	486
9949	что-ли	486
9950	кентукк	485
9951	отчётливо	485
9952	пайк	485
9953	переливание	485
9954	секта	485
9955	уикенд	485
9956	фанатка	485
9957	эй-эй	485
9958	аналитик	484
9959	банни	484
9960	бетаня	484
9961	выплатить	484
9962	гениталии	484
9963	давать-давать	484
9964	деревенщина	484
9965	диджей	484
9966	заменять	484
9967	несерьёзно	484
9968	развернуть	484
9969	спаться	484
9970	удочка	484
9971	вестибюль	483
9972	девичник	483
9973	индастриз	483
9974	комик	483
9975	покопаться	483
9976	прок	483
9977	соревноваться	483
9978	сторож	483
9979	хейл	483
9980	анатомия	482
9981	анни	482
9982	батлер	482
9983	внедорожник	482
9984	возобновить	482
9985	групповой	482
9986	идиотизм	482
9987	избиение	482
9988	иоанн	482
9989	клерк	482
9990	настоятельно	482
9991	родственный	482
9992	скорбеть	482
9993	якорь	482
9994	аспект	481
9995	воткнуть	481
9996	доесть	481
9997	микроб	481
9998	огурец	481
9999	рояль	481
10000	тэнди	481
10001	фирменный	481
10002	антиквариат	480
10003	дайсон	480
10004	заход	480
10005	корица	480
10006	красить	480
10007	не-не-ич	480
10008	непонятный	480
10009	прослушать	480
10010	смешать	480
10011	сула	480
10012	ящерица	480
10013	ашкн	479
10014	завязка	479
10015	лик	479
10016	объединять	479
10017	подсесть	479
10018	практиковаться	479
10019	рагу	479
10020	адриана	478
10021	бауэр	478
10022	ганди	478
10023	еврейка	478
10024	по-русски	478
10025	предпочтение	478
10026	стояк	478
10027	умственно	478
10028	хаким	478
10029	абонент	477
10030	взглянуть-ка	477
10031	мес	477
10032	нвемэ	477
10033	нечаянно	477
10034	неясно	477
10035	ньюман	477
10036	разрез	477
10037	релиз	477
10038	рэйган	477
10039	слепнуть	477
10040	средь	477
10041	усмехаться	477
10042	аут	476
10043	буррито	476
10044	гонорар	476
10045	несчастливый	476
10046	отдельность	476
10047	подвиг	476
10048	пузырёк	476
10049	работодатель	476
10050	сматываться	476
10051	улов	476
10052	аппетитно	475
10053	голышом	475
10054	зелень	475
10055	кбр	475
10056	плотный	475
10057	синьорина	475
10058	смска	475
10059	тётка	475
10060	заколоть	474
10061	иванович	474
10062	легально	474
10063	насто	474
10064	невестка	474
10065	особь	474
10066	станцевать	474
10067	уилли	474
10068	устроенный	474
10069	водород	473
10070	обитать	473
10071	пикассо	473
10072	помнится	473
10073	похоть	473
10074	стигнуть	473
10075	альфи	472
10076	бетховен	472
10077	грохот	472
10078	любимчик	472
10079	марджорь	472
10080	нездоровиться	472
10081	обнимашка	472
10082	обыкновенный	472
10083	оправдываться	472
10084	погружение	472
10085	понаблюдать	472
10086	правоохранительный	472
10087	филлипа	472
10088	бритни	471
10089	криссь	471
10090	отсрочка	471
10091	погреб	471
10092	поинтересоваться	471
10093	свон	471
10094	тил	471
10095	типо	471
10096	указ	471
10097	аннабель	470
10098	гомосексуалист	470
10099	давный	470
10100	ен	470
10101	зрачок	470
10102	катетер	470
10103	пинта	470
10104	полоска	470
10105	поручиться	470
10106	броня	469
10107	вустер	469
10108	гадать	469
10109	конструкция	469
10110	обалденный	469
10111	оптимизм	469
10112	рисование	469
10113	сверх	469
10114	шампунь	469
10115	анкета	468
10116	армейский	468
10117	варгаснуть	468
10118	взаимодействие	468
10119	вычеркнуть	468
10120	далтон	468
10121	кавалер	468
10122	молекула	468
10123	пересекаться	468
10124	пожаловаться	468
10125	поправляться	468
10126	привязаться	468
10127	стелька	468
10128	увеличивать	468
10129	взор	467
10130	викарий	467
10131	дискриминация	467
10132	карин	467
10133	кик	467
10134	конг	467
10135	лайта	467
10136	ноуп	467
10137	пластырь	467
10138	превосходить	467
10139	продлить	467
10140	руперт	467
10141	сидней	467
10142	бёрдо	466
10143	воплотить	466
10144	дожидаться	466
10145	жизель	466
10146	кливер	466
10147	маккей	466
10148	морполый	466
10149	о-о-о	466
10150	прислушиваться	466
10151	пристань	466
10152	разделение	466
10153	уплыть	466
10154	хопкинс	466
10155	эгоистка	466
10156	ава	465
10157	бретта	465
10158	предписание	465
10159	рипнуть	465
10160	романтика	465
10161	сало	465
10162	тихонько	465
10163	трикси	465
10164	фараон	465
10165	финли	465
10166	хором	465
10167	баронесса	464
10168	брэнд	464
10169	дивизия	464
10170	коно	464
10171	мариана	464
10172	марисоль	464
10173	меж	464
10174	нифига	464
10175	оживить	464
10176	посильный	464
10177	прибавить	464
10178	са	464
10179	энд	464
10180	анжелика	463
10181	банально	463
10182	высокомерный	463
10183	записной	463
10184	лири	463
10185	нарушитель	463
10186	перевернуться	463
10187	пристально	463
10188	путин	463
10189	распечатка	463
10190	уиллис	463
10191	употребление	463
10192	бормотать	462
10193	бредить	462
10194	выключатель	462
10195	гарибальдь	462
10196	искренность	462
10197	линза	462
10198	наесться	462
10199	насос	462
10200	по-честному	462
10201	подбодрить	462
10202	прилив	462
10203	пьеро	462
10204	спираль	462
10205	съезжать	462
10206	шарлин	462
10207	ярлык	462
10208	анонимно	461
10209	блюз	461
10210	бульвар	461
10211	кабан	461
10212	капельница	461
10213	монтаж	461
10214	расс	461
10215	ронда	461
10216	сторонка	461
10217	ударный	461
10218	шанхай	461
10219	жесть	460
10220	качели	460
10221	мастерс	460
10222	подслушивать	460
10223	слюни	460
10224	струна	460
10225	дефицит	459
10226	опра	459
10227	поучиться	459
10228	теракт	459
10229	торпеда	459
10230	жила	458
10231	ладный-ладный	458
10232	ломаться	458
10233	мориарти	458
10234	овладеть	458
10235	ось	458
10236	ригсби	458
10237	китинг	457
10238	мельница	457
10239	обновить	457
10240	орегон	457
10241	отовсюду	457
10242	побороть	457
10243	сознательно	457
10244	тета	457
10245	филлипс	457
10246	чековый	457
10247	шпионаж	457
10248	ваня	456
10249	вооружение	456
10250	гарета	456
10251	джарвис	456
10252	дэя	456
10253	кабинка	456
10254	лишение	456
10255	мариона	456
10256	пташка	456
10257	распространять	456
10258	тери	456
10259	тик	456
10260	устраиваться	456
10261	централ	456
10262	алехандро	455
10263	бла-бла-бнуть	455
10264	дафна	455
10265	доводиться	455
10266	изолировать	455
10267	лилия	455
10268	личинка	455
10269	лсд	455
10270	нутро	455
10271	оригинально	455
10272	предавать	455
10273	приличие	455
10274	пристегнуться	455
10275	путаница	455
10276	сшить	455
10277	фигурка	455
10278	шш	455
10279	биби	454
10280	выписка	454
10281	депо	454
10282	джованни	454
10283	джорди	454
10284	кафетерий	454
10285	нелегально	454
10286	обезопасить	454
10287	ошибочно	454
10288	паралич	454
10289	питерсон	454
10290	сдвинуть	454
10291	счётчик	454
10292	хесус	454
10293	хойт	454
10294	черчилль	454
10295	арсенал	453
10296	блаженство	453
10297	вывеска	453
10298	запрыгивать	453
10299	изъять	453
10300	клок	453
10301	крестный	453
10302	нато	453
10303	обрушиться	453
10304	отметина	453
10305	питать	453
10306	проясниться	453
10307	раскопать	453
10308	франческо	453
10309	фрейд	453
10310	щи	453
10311	амиго	452
10312	брент	452
10313	глянуть-ка	452
10314	декорация	452
10315	деточка	452
10316	дтп	452
10317	жилить	452
10318	крастить	452
10319	памела	452
10320	радостный	452
10321	фоллс	452
10322	хезер	452
10323	василий	451
10324	запирать	451
10325	киото	451
10326	кларенс	451
10327	непобедимый	451
10328	педофил	451
10329	перехват	451
10330	портной	451
10331	претендент	451
10332	пэн	451
10333	разрешаться	451
10334	свечка	451
10335	джафф	450
10336	концовка	450
10337	критиковать	450
10338	материнский	450
10339	нахождение	450
10340	пилюля	450
10341	постер	450
10342	така	450
10343	шустрый	450
10344	эдуардо	450
10345	эспрессо	450
10346	ётота	450
10347	девственник	449
10348	дженсный	449
10349	ей-богу	449
10350	зевс	449
10351	метеорит	449
10352	мюллер	449
10353	навоз	449
10354	обдумывать	449
10355	пекло	449
10356	прикид	449
10357	раздать	449
10358	вчетвером	448
10359	горько	448
10360	квон	448
10361	коррекция	448
10362	ослабить	448
10363	ошиваться	448
10364	подбирать	448
10365	промыть	448
10366	сбавить	448
10367	селия	448
10368	скайлера	448
10369	толстовка	448
10370	удочерить	448
10371	войт	447
10372	ворчать	447
10373	вторгнуться	447
10374	лайон	447
10375	обыграть	447
10376	разложение	447
10377	рэйвено	447
10378	эрекция	447
10379	бернадетта	446
10380	бриттаня	446
10381	волосатый	446
10382	залить	446
10383	лнфера	446
10384	нихрен	446
10385	по-человечески	446
10386	светло	446
10387	утомительно	446
10388	христианство	446
10389	хё	446
10390	выгодный	445
10391	выдвигать	445
10392	гамма	445
10393	запрашивать	445
10394	калли	445
10395	ом	445
10396	патологоанатом	445
10397	провоцировать	445
10398	бдительность	444
10399	деньжата	444
10400	заклинить	444
10401	лоренс	444
10402	позорить	444
10403	притяжение	444
10404	расплачиваться	444
10405	читатель	444
10406	шимпанзе	444
10407	далек	443
10408	жизнеобеспечение	443
10409	замужний	443
10410	замышлять	443
10411	ку-ку	443
10412	мехико	443
10413	мистик	443
10414	расспрашивать	443
10415	скиннер	443
10416	теодор	443
10417	ариэль	442
10418	гипотеза	442
10419	да-да-да	442
10420	джанин	442
10421	драйв	442
10422	жертвоприношение	442
10423	завернуть	442
10424	замёрзлый	442
10425	квалификация	442
10426	листок	442
10427	людская	442
10428	мортон	442
10429	тиран	442
10430	увольняться	442
10431	шерон	442
10432	вермонт	441
10433	глазго	441
10434	дверной	441
10435	залечь	441
10436	инсулин	441
10437	крыться	441
10438	марокко	441
10439	митчел	441
10440	спектр	441
10441	специализироваться	441
10442	уорнер	441
10443	внушить	440
10444	вымышленный	440
10445	гибнуть	440
10446	истец	440
10447	кастро	440
10448	мао	440
10449	образовать	440
10450	опускаться	440
10451	отрастить	440
10452	пекарня	440
10453	проанализировать	440
10454	протеже	440
10455	распознать	440
10456	свидетельница	440
10457	сообща	440
10458	способствовать	440
10459	сэдить	440
10460	шеппард	440
10461	яеивевать	440
10462	вилма	439
10463	джефри	439
10464	зарядка	439
10465	миссури	439
10466	монреаль	439
10467	присвоить	439
10468	пугаться	439
10469	распространить	439
10470	рычать	439
10471	рэп	439
10472	сбоку	439
10473	сколь	439
10474	тво	439
10475	уза	439
10476	энзый	439
10477	вспять	438
10478	жалование	438
10479	миленько	438
10480	наподобие	438
10481	повиноваться	438
10482	резерв	438
10483	свежеть	438
10484	сирил	438
10485	щекотно	438
10486	экстрасенс	438
10487	ягода	438
10488	американка	437
10489	бэтти	437
10490	ваза	437
10491	вдвойне	437
10492	задействовать	437
10493	запоминать	437
10494	координатор	437
10495	насовсем	437
10496	необычайно	437
10497	сборище	437
10498	специя	437
10499	гильдия	436
10500	доминион	436
10501	медуза	436
10502	намекнуть	436
10503	поранить	436
10504	согрешить	436
10505	укрепить	436
10506	выкусить	435
10507	жерар	435
10508	иронично	435
10509	кали	435
10510	лобосой	435
10511	нейта	435
10512	опиум	435
10513	подловить	435
10514	рулить	435
10515	сента	435
10516	стить	435
10517	тссс	435
10518	хулиана	435
10519	ваз	434
10520	дариус	434
10521	джейс	434
10522	кенгуру	434
10523	кулон	434
10524	морковка	434
10525	неловкость	434
10526	палма	434
10527	скромность	434
10528	фрэнни	434
10529	азот	433
10530	аккумулятор	433
10531	аркадий	433
10532	висконсин	433
10533	грэй	433
10534	гуру	433
10535	петерсон	433
10536	правдоподобно	433
10537	свист	433
10538	спрячься	433
10539	спуск	433
10540	байка	432
10541	бюя	432
10542	ирина	432
10543	клубника	432
10544	лайм	432
10545	лёжа	432
10546	обниматься	432
10547	пугающе	432
10548	радиостанция	432
10549	разыскиваться	432
10550	расставить	432
10551	съедать	432
10552	торговаться	432
10553	удушение	432
10554	характеристика	432
10555	эйр	432
10556	вдалеке	431
10557	карий	431
10558	кэйся	431
10559	ларсен	431
10560	линден	431
10561	мэллори	431
10562	помыться	431
10563	расслабляться	431
10564	свен	431
10565	сильвестр	431
10566	телешоу	431
10567	триумф	431
10568	хэзер	431
10569	джил	430
10570	лояльность	430
10571	маникюр	430
10572	миша	430
10573	мэлли	430
10574	ручаться	430
10575	строение	430
10576	впускать	429
10577	выгонять	429
10578	джоэль	429
10579	илья	429
10580	кровопролитие	429
10581	лапать	429
10582	лоран	429
10583	наесть	429
10584	обои	429
10585	промахнуться	429
10586	террор	429
10587	финансировать	429
10588	хасан	429
10589	бесс	428
10590	бойд	428
10591	засекретить	428
10592	кашлять	428
10593	конце-конец	428
10594	липкий	428
10595	морковь	428
10596	пентхаус	428
10597	переборщить	428
10598	похвастаться	428
10599	скатерть	428
10600	такт	428
10601	хва	428
10602	хулия	428
10603	бланша	427
10604	ежели	427
10605	изолятор	427
10606	мультик	427
10607	потенциально	427
10608	родриго	427
10609	саск	427
10610	стремительно	427
10611	тикать	427
10612	гав	426
10613	катание	426
10614	коммуникация	426
10615	костюмчик	426
10616	лейбл	426
10617	немо	426
10618	неразумно	426
10619	никс	426
10620	отшить	426
10621	передвинуть	426
10622	радостно	426
10623	рубль	426
10624	сообразить	426
10625	спереть	426
10626	фиш	426
10627	холлис	426
10628	шёпот	426
10629	эйвон	426
10630	ави	425
10631	баркли	425
10632	галлагер	425
10633	германн	425
10634	кавалерия	425
10635	кольт	425
10636	отозваться	425
10637	падди	425
10638	по-взрослому	425
10639	сочетаться	425
10640	фланг	425
10641	хендрикс	425
10642	вырастать	424
10643	дюбуа	424
10644	елизавета	424
10645	клевета	424
10646	кэйт	424
10647	лилиан	424
10648	пробуждение	424
10649	ревнивый	424
10650	роббинс	424
10651	брехня	423
10652	генетически	423
10653	клив	423
10654	крикет	423
10655	мая	423
10656	мелодить	423
10657	мятеж	423
10658	погаснуть	423
10659	рагнары	423
10660	хлопать	423
10661	ангар	422
10662	джиный	422
10663	заесть	422
10664	зельда	422
10665	измерить	422
10666	импровизировать	422
10667	сальватор	422
10668	узреть	422
10669	вдовый	421
10670	втайне	421
10671	колыбель	421
10672	критик	421
10673	мм-хмма	421
10674	нихуй	421
10675	пеппер	421
10676	переполнить	421
10677	подарочек	421
10678	русло	421
10679	черви	421
10680	чулан	421
10681	шагать	421
10682	аккаунт	420
10683	анастасия	420
10684	барнаби	420
10685	везение	420
10686	викки	420
10687	вошь	420
10688	горький	420
10689	граффити	420
10690	калий	420
10691	коньяк	420
10692	лицемер	420
10693	нассау	420
10694	подрядчик	420
10695	рань	420
10696	роудс	420
10697	хихикать	420
10698	блестеть	419
10699	блю	419
10700	густав	419
10701	исправлять	419
10702	коробочка	419
10703	магазинчик	419
10704	нелла	419
10705	ой-ой	419
10706	рассчитать	419
10707	сайкс	419
10708	универ	419
10709	ханне	419
10710	хэммонд	419
10711	бэк	418
10712	верблюд	418
10713	джулиус	418
10714	затягивать	418
10715	значимость	418
10716	нобелевский	418
10717	оох	418
10718	предрассудок	418
10719	прихоть	418
10720	рассуждать	418
10721	суиня	418
10722	сэт	418
10723	амулет	417
10724	ахмед	417
10725	вносить	417
10726	вонг	417
10727	два-три	417
10728	дурень	417
10729	конфисковать	417
10730	кэндис	417
10731	парить	417
10732	пневмония	417
10733	произноситься	417
10734	содеять	417
10735	утомлять	417
10736	автобусный	416
10737	деленна	416
10738	клингон	416
10739	лава	416
10740	мегги	416
10741	мужественный	416
10742	памятник	416
10743	пятка	416
10744	тапочки	416
10745	ую	416
10746	бонжур	415
10747	габби	415
10748	зум	415
10749	линк	415
10750	монашка	415
10751	мы-то	415
10752	обходить	415
10753	отступление	415
10754	примирение	415
10755	следуемый	415
10756	ссуда	415
10757	ускорение	415
10758	анджелес	414
10759	ашк	414
10760	беситься	414
10761	воскрешение	414
10762	ислам	414
10763	кадиться	414
10764	майерс	414
10765	микроскоп	414
10766	моллюск	414
10767	похуй	414
10768	резиновый	414
10769	сполна	414
10770	темница	414
10771	юниона	414
10772	атлантик-сити	413
10773	бригадир	413
10774	восхождение	413
10775	вследствие	413
10776	грубить	413
10777	зафиксировать	413
10778	зо	413
10779	идентификация	413
10780	карлайла	413
10781	кимбереть	413
10782	листовка	413
10783	нэлла	413
10784	парадокс	413
10785	побриться	413
10786	подписание	413
10787	потусоваться	413
10788	пошевелиться	413
10789	прослушивать	413
10790	скачок	413
10791	смятение	413
10792	уведомить	413
10793	уиллом	413
10794	визг	412
10795	досягаемость	412
10796	коллинс	412
10797	кэролин	412
10798	мудить	412
10799	наркоторговец	412
10800	неуютный	412
10801	обеденный	412
10802	санчёс	412
10803	стеклянный	412
10804	андрэ	411
10805	гаити	411
10806	грубость	411
10807	избавление	411
10808	коста	411
10809	опровергнуть	411
10810	повторение	411
10811	рэнд	411
10812	фуллера	411
10813	чудак	411
10814	бернар	410
10815	дино	410
10816	запретный	410
10817	колдун	410
10818	парадный	410
10819	пленный	410
10820	подыскать	410
10821	порше	410
10822	прайд	410
10823	раскрыться	410
10824	суперинтендант	410
10825	целостность	410
10826	яоюяхан	410
10827	ден	409
10828	коварный	409
10829	кэппи	409
10830	лонний	409
10831	меньшинство	409
10832	насильно	409
10833	периодически	409
10834	созвать	409
10835	терраса	409
10836	ци	409
10837	иврит	408
10838	навид	408
10839	недопонимание	408
10840	нездоровый	408
10841	равенство	408
10842	рельс	408
10843	уговаривать	408
10844	бит	407
10845	болт	407
10846	джинн	407
10847	дэйль	407
10848	лэндрить	407
10849	отделить	407
10850	полдюжины	407
10851	постичь	407
10852	пучок	407
10853	разворачиваться	407
10854	скачать	407
10855	чучело	407
10856	вальс	406
10857	далия	406
10858	двойка	406
10859	йель	406
10860	крупно	406
10861	кухонный	406
10862	модно	406
10863	пеп	406
10864	почётный	406
10865	тащиться	406
10866	эмилио	406
10867	альма	405
10868	арлин	405
10869	арло	405
10870	бобо	405
10871	дюфа	405
10872	ирэна	405
10873	картофельный	405
10874	купе	405
10875	майонез	405
10876	нетрезвый	405
10877	отвага	405
10878	талбот	405
10879	трэвис	405
10880	усечь	405
10881	альберто	404
10882	кастрюля	404
10883	ковальск	404
10884	констанс	404
10885	луиджи	404
10886	мей	404
10887	мустанг	404
10888	нр	404
10889	отечь	404
10890	постой	404
10891	противоречие	404
10892	разглашать	404
10893	роллинс	404
10894	спазм	404
10895	транспортировка	404
10896	царица	404
10897	эгоизм	404
10898	введение	403
10899	везунчик	403
10900	винчестер	403
10901	дели	403
10902	дэбби	403
10903	леона	403
10904	лок	403
10905	лушать	403
10906	некомфортно	403
10907	понестись	403
10908	посвящаться	403
10909	принстон	403
10910	ренди	403
10911	сакраменто	403
10912	ступить	403
10913	якудз	403
10914	замочить	402
10915	копыто	402
10916	нееет	402
10917	покои	402
10918	полусмерть	402
10919	пылесос	402
10920	серёжка	402
10921	вопль	401
10922	вфхма	401
10923	гестапо	401
10924	девичий	401
10925	домино	401
10926	зачать	401
10927	напоить	401
10928	папарацци	401
10929	ракель	401
10930	сирия	401
10931	хиггинс	401
10932	вовсю	400
10933	воспаление	400
10934	всплеск	400
10935	герберт	400
10936	гюнтер	400
10937	джу	400
10938	досрочный	400
10939	кепнер	400
10940	моззь	400
10941	пиццерия	400
10942	подметить	400
10943	претендовать	400
10944	прочесать	400
10945	пята	400
10946	разновидность	400
10947	рудольф	400
10948	скамья	400
10949	хауз	400
10950	чат	400
10951	энджесть	400
10952	арабский	399
10953	байк	399
10954	винтёр	399
10955	загвоздка	399
10956	карцер	399
10957	мэннинга	399
10958	наряду	399
10959	немыслимо	399
10960	премьер	399
10961	розмари	399
10962	увеличиваться	399
10963	юлия	399
10964	глобал	398
10965	исследовательский	398
10966	мачо	398
10967	налёт	398
10968	петер	398
10969	смешивать	398
10970	фруктовый	398
10971	халатность	398
10972	хулить	398
10973	школьница	398
10974	айрин	397
10975	банкрот	397
10976	внешне	397
10977	гостевой	397
10978	гудини	397
10979	заместить	397
10980	заряжать	397
10981	компетенция	397
10982	мания	397
10983	наклейка	397
10984	приземление	397
10985	разрываться	397
10986	соединять	397
10987	феномен	397
10988	эдриена	397
10989	эффи	397
10990	аврора	396
10991	ади	396
10992	акр	396
10993	аттракцион	396
10994	вольт	396
10995	вэнди	396
10996	криста	396
10997	лгун	396
10998	пейджер	396
10999	потребление	396
11000	старание	396
11001	уолл	396
11002	хак	396
11003	брешь	395
11004	бритт	395
11005	брюшной	395
11006	джекка	395
11007	левша	395
11008	максина	395
11009	мэйбл	395
11010	оружейный	395
11011	откусить	395
11012	прыщ	395
11013	райна	395
11014	растерять	395
11015	сопля	395
11016	струсить	395
11017	царствие	395
11018	анархия	394
11019	баскетбольный	394
11020	запрограммировать	394
11021	истинно	394
11022	кэтти	394
11023	напоказ	394
11024	нах	394
11025	никчёмный	394
11026	оборачиваться	394
11027	ошейник	394
11028	полотно	394
11029	распоряжаться	394
11030	съёмочный	394
11031	финиш	394
11032	гостья	393
11033	издательство	393
11034	маккинли	393
11035	посторониться	393
11036	сакура	393
11037	склеп	393
11038	унвс	393
11039	флойда	393
11040	хавить	393
11041	эспозитый	393
11042	впоследствии	392
11043	дженет	392
11044	излишний	392
11045	модуль	392
11046	моше	392
11047	отцовство	392
11048	пилар	392
11049	пиноккио	392
11050	раздумье	392
11051	ток-шоу	392
11052	хокинг	392
11053	чистилище	392
11054	голограмма	391
11055	друзить	391
11056	животик	391
11057	кадиллак	391
11058	моисей	391
11059	назло	391
11060	неприязнь	391
11061	подавлять	391
11062	рнцдь	391
11063	тайм-аут	391
11064	уродина	391
11065	чернокожий	391
11066	апартамент	390
11067	вмешивать	390
11068	глина	390
11069	грим	390
11070	клин	390
11071	лоретта	390
11072	лхм	390
11073	песо	390
11074	познание	390
11075	предохранитель	390
11076	регби	390
11077	седой	390
11078	сс	390
11079	тея	390
11080	устрой	390
11081	айсберг	389
11082	банкротство	389
11083	беременная	389
11084	гадёныш	389
11085	густой	389
11086	дага	389
11087	датч	389
11088	железа	389
11089	одержать	389
11090	покуда	389
11091	синдикат	389
11092	стажировка	389
11093	философский	389
11094	эйд	389
11095	близняшка	388
11096	брошюра	388
11097	водяной	388
11098	вставлять	388
11099	гул	388
11100	исцелить	388
11101	конго	388
11102	невежество	388
11103	обрабатывать	388
11104	отстранение	388
11105	приобретение	388
11106	процветание	388
11107	славиться	388
11108	телескоп	388
11109	хилтон	388
11110	айк	387
11111	вонючка	387
11112	глазурь	387
11113	изысканный	387
11114	картман	387
11115	колея	387
11116	мойра	387
11117	морально	387
11118	мюя	387
11119	охотничий	387
11120	пнуть	387
11121	подавиться	387
11122	премного	387
11123	прострелить	387
11124	сенсеять	387
11125	бэрроу	386
11126	ввязываться	386
11127	вынос	386
11128	груша	386
11129	душка	386
11130	изволить	386
11131	кал	386
11132	кембридж	386
11133	лера	386
11134	мутация	386
11135	наливать	386
11136	норвегия	386
11137	овсянка	386
11138	постройка	386
11139	президентский	386
11140	редактура	386
11141	свысока	386
11142	таиланд	386
11143	шейный	386
11144	бессердечный	385
11145	вентилятор	385
11146	дре	385
11147	келси	385
11148	конвой	385
11149	мейбл	385
11150	миновать	385
11151	прачечный	385
11152	сбрасывать	385
11153	содействие	385
11154	уивер	385
11155	четыреста	385
11156	акать	384
11157	архиепископ	384
11158	жюльный	384
11159	золушка	384
11160	кейдж	384
11161	кузов	384
11162	леа	384
11163	лиланда	384
11164	объясняться	384
11165	потрахаться	384
11166	представляться	384
11167	ре	384
11168	самооценка	384
11169	сбег	384
11170	таблица	384
11171	чой	384
11172	эйв	384
11173	ашрэ	383
11174	дженифер	383
11175	еы	383
11176	зеландия	383
11177	коллина	383
11178	нацелиться	383
11179	норрис	383
11180	обозрение	383
11181	по-итальянск	383
11182	позабыть	383
11183	поспешный	383
11184	реймонд	383
11185	сессия	383
11186	стычка	383
11187	сырный	383
11188	у-у	383
11189	угрызение	383
11190	элеанора	383
11191	ягнёнок	383
11192	виолончель	382
11193	возмещение	382
11194	высказывание	382
11195	гарретта	382
11196	джетро	382
11197	затруднить	382
11198	изредка	382
11199	кимми	382
11200	марин	382
11201	накричать	382
11202	ништяк	382
11203	носилки	382
11204	отбивной	382
11205	паша	382
11206	портье	382
11207	реабилитационный	382
11208	сумерки	382
11209	татьяна	382
11210	чп	382
11211	блоха	381
11212	вишня	381
11213	вопить	381
11214	гретчен	381
11215	досада	381
11216	косточка	381
11217	марлоу	381
11218	недостойный	381
11219	пауль	381
11220	редж	381
11221	смертник	381
11222	тарик	381
11223	трепаться	381
11224	управиться	381
11225	ференга	381
11226	шлюз	381
11227	в-третьих	380
11228	вал	380
11229	всего-лишь	380
11230	защититься	380
11231	изюм	380
11232	ненужный	380
11233	онний	380
11234	отрицательно	380
11235	пластик	380
11236	прискорбный	380
11237	символизировать	380
11238	смахивать	380
11239	стопка	380
11240	судиться	380
11241	ченг	380
11242	шут	380
11243	эдисон	380
11244	эскобар	380
11245	бекета	379
11246	варп	379
11247	вымогательство	379
11248	гастон	379
11249	итого	379
11250	поклон	379
11251	потроха	379
11252	спинной	379
11253	стихия	379
11254	хотч	379
11255	чхи	379
11256	алфавит	378
11257	бюл	378
11258	воздержаться	378
11259	вписываться	378
11260	горацио	378
11261	гугл	378
11262	консульство	378
11263	напрасный	378
11264	начить	378
11265	нзт	378
11266	папуля	378
11267	подъезжать	378
11268	помалкивать	378
11269	расколоться	378
11270	распечатать	378
11271	фойе	378
11272	шалый	378
11273	шептать	378
11274	глупышка	377
11275	загрязнение	377
11276	зацепить	377
11277	изделие	377
11278	ламберт	377
11279	навязчивый	377
11280	непристойный	377
11281	нэд	377
11282	очищение	377
11283	постановление	377
11284	прокормить	377
11285	проступок	377
11286	связка	377
11287	строиться	377
11288	тогда-то	377
11289	урон	377
11290	филе	377
11291	хех	377
11292	айлин	376
11293	афина	376
11294	брюнетка	376
11295	выговор	376
11296	дисней	376
11297	дойла	376
11298	документальный	376
11299	заварить	376
11300	застегнуть	376
11301	инспекция	376
11302	ир	376
11303	йрн	376
11304	нуу	376
11305	объявляться	376
11306	подчеркнуть	376
11307	послужной	376
11308	притягивать	376
11309	протекать	376
11310	разоблачение	376
11311	русалка	376
11312	терренс	376
11313	фансаб-группа	376
11314	шевалье	376
11315	взаймы	375
11316	единственно	375
11317	изгой	375
11318	клеймо	375
11319	лазить	375
11320	логотип	375
11321	наводнение	375
11322	паркс	375
11323	пересечься	375
11324	пино	375
11325	погрузить	375
11326	подобать	375
11327	чудный	375
11328	воттак	374
11329	дикси	374
11330	диссертация	374
11331	клейтон	374
11332	леопард	374
11333	марло	374
11334	орион	374
11335	оса	374
11336	побои	374
11337	преобразование	374
11338	сервис	374
11339	сцепление	374
11340	харлан	374
11341	агрессивно	373
11342	бэ	373
11343	вообщий	373
11344	гоа	373
11345	дастить	373
11346	дерби	373
11347	ликёр	373
11348	лоусон	373
11349	мочиться	373
11350	мюдна	373
11351	по-крупному	373
11352	программный	373
11353	слоган	373
11354	собранный	373
11355	спецагент	373
11356	существенно	373
11357	фанатик	373
11358	хиллс	373
11359	эйс	373
11360	эла	373
11361	вкратце	372
11362	денис	372
11363	довезти	372
11364	домашка	372
11365	зазвонить	372
11366	константин	372
11367	маркетинг	372
11368	пекин	372
11369	по-тихому	372
11370	реветь	372
11371	ронить	372
11372	смягчить	372
11373	тесто	372
11374	чизбургер	372
11375	воображать	371
11376	диско	371
11377	издевательство	371
11378	кальций	371
11379	микеланджело	371
11380	непростительно	371
11381	нитка	371
11382	нотариус	371
11383	оливье	371
11384	пластика	371
11385	полис	371
11386	поровну	371
11387	преступница	371
11388	развивать	371
11389	саддам	371
11390	стэфан	371
11391	эксклюзивный	371
11392	бентон	370
11393	босиком	370
11394	великодушно	370
11395	выслеживать	370
11396	дания	370
11397	залететь	370
11398	качать	370
11399	перелёт	370
11400	рулетка	370
11401	тыкать	370
11402	улизнуть	370
11403	ушибиться	370
11404	дейта	369
11405	довольно-таки	369
11406	кимоно	369
11407	маня	369
11408	натурал	369
11409	олимпиада	369
11410	первоначальный	369
11411	подполковник	369
11412	расширяться	369
11413	рейх	369
11414	сатурн	369
11415	таять	369
11416	трезвость	369
11417	фергюсон	369
11418	хвостик	369
11419	эмилия	369
11420	банкнот	368
11421	барин	368
11422	запутанно	368
11423	кейный	368
11424	комод	368
11425	логана	368
11426	оградить	368
11427	страйк	368
11428	учуять	368
11429	велик	367
11430	взывать	367
11431	джентлить	367
11432	жираф	367
11433	жульничать	367
11434	ладушка	367
11435	моро	367
11436	натрий	367
11437	парковаться	367
11438	переполненный	367
11439	срать	367
11440	стэйся	367
11441	тонко	367
11442	убн	367
11443	выброс	366
11444	выкрасть	366
11445	джиджи	366
11446	знаток	366
11447	морозилка	366
11448	мсфмн	366
11449	наяву	366
11450	произвол	366
11451	птичий	366
11452	пэтси	366
11453	саммерс	366
11454	игил	365
11455	корди	365
11456	магистрат	365
11457	мхвецн	365
11458	отзываться	365
11459	отменный	365
11460	перепробовать	365
11461	по-детски	365
11462	пэрриш	365
11463	рыбачить	365
11464	свойственно	365
11465	сидр	365
11466	согреть	365
11467	тачдаун	365
11468	алхимия	364
11469	альфредо	364
11470	вмф	364
11471	забыться	364
11472	извне	364
11473	интерсекта	364
11474	лимит	364
11475	окраина	364
11476	ориентировка	364
11477	прина	364
11478	пшеница	364
11479	скважина	364
11480	сосчитать	364
11481	усыпить	364
11482	фортуна	364
11483	хилари	364
11484	вернер	363
11485	джей-пи	363
11486	освещать	363
11487	потный	363
11488	поцарапать	363
11489	превысить	363
11490	разведчик	363
11491	сумаидти	363
11492	тюряга	363
11493	ш-ш-ш	363
11494	я-я-й	363
11495	брэнди	362
11496	гнилой	362
11497	грубиян	362
11498	ломбард	362
11499	осенить	362
11500	отродье	362
11501	таро	362
11502	умышленно	362
11503	флеминг	362
11504	форест	362
11505	шеридать	362
11506	зодиак	361
11507	излечить	361
11508	имитировать	361
11509	лайтман	361
11510	моментально	361
11511	непрофессиональный	361
11512	переступить	361
11513	рассматриваться	361
11514	роже	361
11515	рэйн	361
11516	француженка	361
11517	фройляйн	361
11518	айра	360
11519	брок	360
11520	вебер	360
11521	ведомство	360
11522	вильямс	360
11523	вкладывать	360
11524	восстанавливать	360
11525	выделять	360
11526	греть	360
11527	заваль	360
11528	мумия	360
11529	негативный	360
11530	олива	360
11531	питомец	360
11532	поросёнок	360
11533	послушаться	360
11534	променять	360
11535	ссср	360
11536	стоматолог	360
11537	стриптиз	360
11538	финишный	360
11539	алжир	359
11540	битлз	359
11541	вращение	359
11542	могучий	359
11543	нортон	359
11544	ньюс	359
11545	огорчить	359
11546	паттерсон	359
11547	продолжиться	359
11548	рисовый	359
11549	савить	359
11550	стёрн	359
11551	удовлетворять	359
11552	батист	358
11553	блай	358
11554	волшебно	358
11555	высадка	358
11556	соломинка	358
11557	уводить	358
11558	блондин	357
11559	ирен	357
11560	камерон	357
11561	моррисон	357
11562	офигенный	357
11563	патрисия	357
11564	принуждать	357
11565	рю	357
11566	хук	357
11567	шерь	357
11568	ще	357
11569	безуспешно	356
11570	бохэннона	356
11571	зигфрид	356
11572	картрайт	356
11573	кроссворд	356
11574	крылышко	356
11575	лизать	356
11576	медиум	356
11577	монсеньор	356
11578	наслышан	356
11579	новак	356
11580	отбирать	356
11581	патер	356
11582	патриция	356
11583	превышение	356
11584	разбежаться	356
11585	робер	356
11586	сочельник	356
11587	труппа	356
11588	умничать	356
11589	хорн	356
11590	гарлем	355
11591	дешёвка	355
11592	исключая	355
11593	лнцс	355
11594	мюл	355
11595	ограничивать	355
11596	пря	355
11597	раздеть	355
11598	родственница	355
11599	сверчок	355
11600	стамбул	355
11601	та-да	355
11602	хённий	355
11603	гек	354
11604	гмючий	354
11605	компромат	354
11606	ливень	354
11607	лот	354
11608	моретти	354
11609	насмехаться	354
11610	овр	354
11611	рнф	354
11612	светский	354
11613	сэвидж	354
11614	храбро	354
11615	чудовищно	354
11616	врун	353
11617	даун	353
11618	ист-сайда	353
11619	крюгер	353
11620	кэтлина	353
11621	мисис	353
11622	нино	353
11623	пансион	353
11624	порча	353
11625	турция	353
11626	элиас	353
11627	благой	352
11628	джед	352
11629	дракула	352
11630	дэниелс	352
11631	жутковатый	352
11632	кэш	352
11633	подчиниться	352
11634	спорный	352
11635	стимул	352
11636	суеверие	352
11637	тау	352
11638	трюм	352
11639	четвертак	352
11640	арно	351
11641	взаправду	351
11642	лайнус	351
11643	лапочка	351
11644	отчитываться	351
11645	пандора	351
11646	поклоняться	351
11647	торжественно	351
11648	фундамент	351
11649	чез	351
11650	андерс	350
11651	бордо	350
11652	вдаваться	350
11653	каноэ	350
11654	коврик	350
11655	невидимка	350
11656	по-дружески	350
11657	сас	350
11658	соваться	350
11659	чун	350
11660	блевать	349
11661	богатенький	349
11662	борджиа	349
11663	ганна	349
11664	гоаулд	349
11665	готовка	349
11666	гудвино	349
11667	звездолёт	349
11668	консул	349
11669	лёт	349
11670	новобранец	349
11671	окова	349
11672	отопление	349
11673	пулемёт	349
11674	райса	349
11675	свифт	349
11676	угробить	349
11677	бельгия	348
11678	болезненный	348
11679	зависнуть	348
11680	зарегистрироваться	348
11681	канадский	348
11682	макино	348
11683	набитый	348
11684	наркоз	348
11685	неразглашение	348
11686	освежить	348
11687	отражаться	348
11688	парниша	348
11689	порка	348
11690	постельный	348
11691	пратта	348
11692	пьетро	348
11693	уолдорф	348
11694	числиться	348
11695	безнадёжный	347
11696	буфер	347
11697	весы	347
11698	взбодриться	347
11699	гвидо	347
11700	делегация	347
11701	дерзость	347
11702	донагой	347
11703	дубина	347
11704	ежегодный	347
11705	лиэнн	347
11706	молотый	347
11707	нака	347
11708	одноразовый	347
11709	отвергать	347
11710	проткнуть	347
11711	пу	347
11712	пюг	347
11713	украина	347
11714	хэппи	347
11715	чехов	347
11716	анхель	346
11717	ая	346
11718	воспитанный	346
11719	доделать	346
11720	евгений	346
11721	издержка	346
11722	культурный	346
11723	мафиози	346
11724	наклониться	346
11725	разговорить	346
11726	решка	346
11727	смутно	346
11728	ступня	346
11729	существенный	346
11730	фрэн	346
11731	хол	346
11732	безобразие	345
11733	душный	345
11734	жребий	345
11735	кендра	345
11736	лосьон	345
11737	мочевой	345
11738	нельз	345
11739	олафа	345
11740	погасить	345
11741	потренироваться	345
11742	преграда	345
11743	свергнуть	345
11744	тщательный	345
11745	уборщица	345
11746	христов	345
11747	шизофрения	345
11748	баррет	344
11749	бетта	344
11750	болтун	344
11751	гаюс	344
11752	даниель	344
11753	крэйга	344
11754	медичи	344
11755	опираться	344
11756	осподить	344
11757	отрыв	344
11758	подлинный	344
11759	предвыборный	344
11760	припереться	344
11761	приспособиться	344
11762	слив	344
11763	специализация	344
11764	хораса	344
11765	что-ж	344
11766	энджела	344
11767	ветерок	343
11768	всецело	343
11769	джер	343
11770	дотти	343
11771	м-с	343
11772	макси	343
11773	обставить	343
11774	петлить	343
11775	подвергаться	343
11776	сопрано	343
11777	сяо	343
11778	тора	343
11779	уилкс	343
11780	хоук	343
11781	альфонсо	342
11782	блеф	342
11783	вшить	342
11784	гиль	342
11785	кид	342
11786	лэрри	342
11787	мюнхен	342
11788	паковать	342
11789	плот	342
11790	пупсик	342
11791	размножаться	342
11792	старикан	342
11793	стокгольм	342
11794	фантастически	342
11795	холестерин	342
11796	экспонат	342
11797	бритьё	341
11798	бублик	341
11799	бытие	341
11800	вестен	341
11801	издать	341
11802	исключительный	341
11803	коби	341
11804	обитатель	341
11805	отпад	341
11806	пат	341
11807	приковать	341
11808	прокатить	341
11809	реоепэ	341
11810	тоть	341
11811	укладываться	341
11812	азва	340
11813	аллан	340
11814	бранч	340
11815	двадцатка	340
11816	джорж	340
11817	завет	340
11818	записываться	340
11819	зацепиться	340
11820	капитализм	340
11821	квартирка	340
11822	марисс	340
11823	отвязаться	340
11824	предсказывать	340
11825	разжечь	340
11826	салем	340
11827	сато	340
11828	седрик	340
11829	тайм	340
11830	телесный	340
11831	эббс	340
11832	базар	339
11833	глюк	339
11834	гриндейл	339
11835	джекпот	339
11836	джэйк	339
11837	запереться	339
11838	кесарев	339
11839	костелло	339
11840	ксандёр	339
11841	манго	339
11842	мозоль	339
11843	морщина	339
11844	напортачить	339
11845	повтор	339
11846	пошевелить	339
11847	сага	339
11848	сгодиться	339
11849	селфи	339
11850	староста	339
11851	тотчас	339
11852	украсить	339
11853	усрачок	339
11854	экг	339
11855	антидот	338
11856	вилсон	338
11857	выбивать	338
11858	джус	338
11859	еые	338
11860	кабаре	338
11861	кукурузный	338
11862	магнитный	338
11863	наугад	338
11864	обмениваться	338
11865	поддать	338
11866	сильви	338
11867	срывать	338
11868	телосложение	338
11869	трос	338
11870	айдахо	337
11871	деклан	337
11872	дориан	337
11873	квадрант	337
11874	лама	337
11875	мачете	337
11876	сантан	337
11877	сем	337
11878	скофилд	337
11879	тугой	337
11880	умыться	337
11881	устав	337
11882	хиль	337
11883	цунами	337
11884	алиш	336
11885	бреннер	336
11886	брысь	336
11887	ванильный	336
11888	вбить	336
11889	грохнуть	336
11890	гэбриел	336
11891	дворянин	336
11892	засека	336
11893	изрядно	336
11894	оглохнуть	336
11895	осьминог	336
11896	отцовский	336
11897	понизить	336
11898	сантос	336
11899	хадар	336
11900	чемберс	336
11901	что-бы	336
11902	шататься	336
11903	вольф	335
11904	га	335
11905	галлон	335
11906	годфри	335
11907	дейли	335
11908	дес	335
11909	капельку	335
11910	кастиэль	335
11911	корра	335
11912	ланс	335
11913	негатив	335
11914	необыкновенный	335
11915	передряга	335
11916	плитка	335
11917	подлинность	335
11918	растаять	335
11919	ребятишки	335
11920	старлинга	335
11921	тусить	335
11922	флейта	335
11923	форбс	335
11924	франс	335
11925	хэрриета	335
11926	адлер	334
11927	ало	334
11928	беззубик	334
11929	бесспорный	334
11930	дора	334
11931	кларисса	334
11932	минобороны	334
11933	наследница	334
11934	ползти	334
11935	посвящать	334
11936	раскалываться	334
11937	резервация	334
11938	седан	334
11939	штанишки	334
11940	это-	334
11941	брокколи	333
11942	брюссель	333
11943	видимый	333
11944	гарриета	333
11945	гибрид	333
11946	диктатор	333
11947	залазить	333
11948	клад	333
11949	легендарный	333
11950	майли	333
11951	мартинез	333
11952	нейтрализовать	333
11953	нью-мексико	333
11954	перальт	333
11955	по-крайней	333
11956	понос	333
11957	пропаганда	333
11958	распасться	333
11959	ро	333
11960	тенденция	333
11961	удобство	333
11962	уля	333
11963	унция	333
11964	элегантный	333
11965	юбилей	333
11966	бревно	332
11967	голландия	332
11968	горошек	332
11969	задевать	332
11970	йохан	332
11971	каспер	332
11972	копенгаген	332
11973	корсак	332
11974	олух	332
11975	организатор	332
11976	планка	332
11977	правка	332
11978	тостер	332
11979	харри	332
11980	хассан	332
11981	шведский	332
11982	дэш	331
11983	зала	331
11984	кипеть	331
11985	клео	331
11986	креймера	331
11987	кровяной	331
11988	любоваться	331
11989	магнитофон	331
11990	накидка	331
11991	объяснимый	331
11992	омерзительно	331
11993	пайнс	331
11994	разрешиться	331
11995	самоуничтожение	331
11996	фиговый	331
11997	чрезмерно	331
11998	аура	330
11999	буллка	330
12000	грааль	330
12001	граната	330
12002	завеса	330
12003	затруднительный	330
12004	молоть	330
12005	пехотинец	330
12006	покраснеть	330
12007	посох	330
12008	рам	330
12009	самоуважение	330
12010	северайда	330
12011	трип	330
12012	чайный	330
12013	чудненький	330
12014	энергетика	330
12015	азиат	329
12016	аллея	329
12017	веселеть	329
12018	встречный	329
12019	дебс	329
12020	заведовать	329
12021	овальный	329
12022	переварить	329
12023	причитаться	329
12024	расстегнуть	329
12025	сальса	329
12026	скромно	329
12027	тромб	329
12028	червяк	329
12029	атлантика	328
12030	безответственно	328
12031	волнительный	328
12032	выжать	328
12033	джоффри	328
12034	инстаграм	328
12035	калифорнийский	328
12036	метрополис	328
12037	начальница	328
12038	оззь	328
12039	плавно	328
12040	плаз	328
12041	походка	328
12042	прилавок	328
12043	реагирование	328
12044	сесилия	328
12045	срываться	328
12046	три-четыре	328
12047	чрево	328
12048	шаров	328
12049	эдо	328
12050	акий	327
12051	бмв	327
12052	ващий	327
12053	вдребезги	327
12054	гризли	327
12055	джузеппе	327
12056	динь	327
12057	клинический	327
12058	крэйн	327
12059	кхм	327
12060	материк	327
12061	мельком	327
12062	набережная	327
12063	наталья	327
12064	покушать	327
12065	посчастливиться	327
12066	публикация	327
12067	развеяться	327
12068	растеряться	327
12069	старка	327
12070	тайсон	327
12071	точь-в-точь	327
12072	форум	327
12073	чокнуться	327
12074	шумный	327
12075	але	326
12076	аннабет	326
12077	западня	326
12078	зигга	326
12079	исполняться	326
12080	ловкий	326
12081	маскарад	326
12082	маус	326
12083	никой	326
12084	нюх	326
12085	оуэнс	326
12086	погрязнуть	326
12087	предпринимать	326
12088	сжалиться	326
12089	стимулировать	326
12090	трах	326
12091	франческа	326
12092	чадо	326
12093	эпинефрина	326
12094	айда	325
12095	бильярд	325
12096	гипс	325
12097	зашить	325
12098	мечтание	325
12099	незнать	325
12100	парковый	325
12101	первенец	325
12102	хэрриот	325
12103	баллард	324
12104	гринго	324
12105	доун	324
12106	заблуждаться	324
12107	кратко	324
12108	кромвель	324
12109	ласка	324
12110	норт	324
12111	персональный	324
12112	погодь	324
12113	пэйся	324
12114	сь	324
12115	театральный	324
12116	упокой	324
12117	ухудшаться	324
12118	айлс	323
12119	ангел-хранитель	323
12120	вцепиться	323
12121	депортировать	323
12122	егодна	323
12123	звинить	323
12124	новинка	323
12125	партизан	323
12126	пасти	323
12127	переключатель	323
12128	поблажка	323
12129	позаниматься	323
12130	порознь	323
12131	продуктовый	323
12132	разгадка	323
12133	сброс	323
12134	сгорать	323
12135	слепо	323
12136	ушибить	323
12137	фотосессия	323
12138	хартлить	323
12139	акс	322
12140	бесследно	322
12141	вица	322
12142	воздействовать	322
12143	джайлз	322
12144	заждаться	322
12145	засветиться	322
12146	значимый	322
12147	кирка	322
12148	лиллиана	322
12149	мана	322
12150	мартышка	322
12151	милосердный	322
12152	надобность	322
12153	немногое	322
12154	отчаяться	322
12155	развлечь	322
12156	смазка	322
12157	тахикардия	322
12158	теннесси	322
12159	торжественный	322
12160	хребет	322
12161	включаться	321
12162	влезать	321
12163	глэдис	321
12164	жительство	321
12165	зажать	321
12166	заначка	321
12167	кака	321
12168	маунт	321
12169	навалиться	321
12170	привлекательно	321
12171	радиоактивный	321
12172	раздражить	321
12173	рамси	321
12174	ромеро	321
12175	рулет	321
12176	рупия	321
12177	сифилис	321
12178	тель-авив	321
12179	уединиться	321
12180	фидель	321
12181	хантлить	321
12182	эй-эй-эя	321
12183	энсин	321
12184	бинт	320
12185	выдерживать	320
12186	дежурить	320
12187	запрыгнуть	320
12188	крабовый	320
12189	напарница	320
12190	отведать	320
12191	примитивный	320
12192	сговориться	320
12193	сн	320
12194	штык	320
12195	африканский	319
12196	гамбург	319
12197	диас	319
12198	заглушить	319
12199	илан	319
12200	ит	319
12201	мь	319
12202	откос	319
12203	очесть	319
12204	поразвлечься	319
12205	посёлок	319
12206	приберечь	319
12207	резина	319
12208	саванна	319
12209	сеймур	319
12210	сиджей	319
12211	словить	319
12212	сурово	319
12213	айленд	318
12214	быков	318
12215	варвар	318
12216	вещичка	318
12217	виселица	318
12218	воздержание	318
12219	гендиректор	318
12220	гмюеьэ	318
12221	годность	318
12222	ежегодно	318
12223	здраствовать	318
12224	искупаться	318
12225	кузнец	318
12226	морс	318
12227	неизвестность	318
12228	писк	318
12229	плюшевый	318
12230	поберечь	318
12231	подвозить	318
12232	промазать	318
12233	робинс	318
12234	трусливый	318
12235	угомониться	318
12236	фридрих	318
12237	чико	318
12238	шер	318
12239	щелчок	318
12240	бэйкер	317
12241	джий	317
12242	джульета	317
12243	дов	317
12244	домработница	317
12245	кастинг	317
12246	лоно	317
12247	лэнгстон	317
12248	мелинда	317
12249	носорог	317
12250	праведный	317
12251	санитар	317
12252	святилище	317
12253	сосна	317
12254	вылить	316
12255	д-да	316
12256	дроид	316
12257	лох	316
12258	остроумно	316
12259	отталкивать	316
12260	поэтому-то	316
12261	расселла	316
12262	сестрица	316
12263	схожий	316
12264	условно	316
12265	уяснить	316
12266	цде	316
12267	элвин	316
12268	велено	315
12269	винстон	315
12270	деваться	315
12271	диппер	315
12272	мегатрон	315
12273	неразбериха	315
12274	нестабильный	315
12275	предназначаться	315
12276	предсмертный	315
12277	простыть	315
12278	сингапур	315
12279	стильно	315
12280	альбер	314
12281	аравия	314
12282	баш	314
12283	болдуин	314
12284	ботаник	314
12285	вверху	314
12286	дэниель	314
12287	клюнуть	314
12288	контрабандист	314
12289	коронация	314
12290	кх	314
12291	матиас	314
12292	проктор	314
12293	существующий	314
12294	тоф	314
12295	урсула	314
12296	устареть	314
12297	хикс	314
12298	часок	314
12299	элитный	314
12300	эрп	314
12301	акка	313
12302	баран	313
12303	герпес	313
12304	думаться	313
12305	журналистка	313
12306	закрепить	313
12307	комментировать	313
12308	мако	313
12309	маячок	313
12310	медиа	313
12311	милдред	313
12312	номерной	313
12313	отсталый	313
12314	офелия	313
12315	раф	313
12316	сентиментальный	313
12317	скетч	313
12318	собственноручно	313
12319	удушье	313
12320	фейт	313
12321	философ	313
12322	даймонд	312
12323	дурачиться	312
12324	капучиный	312
12325	кароль	312
12326	малец	312
12327	мемуары	312
12328	негодник	312
12329	плавка	312
12330	порядочность	312
12331	послышаться	312
12332	сборник	312
12333	сочинить	312
12334	супергёрло	312
12335	хкх	312
12336	шоу-бизнес	312
12337	эверест	312
12338	анжело	311
12339	багдад	311
12340	веббер	311
12341	нуна	311
12342	сквер	311
12343	темпл	311
12344	только-только	311
12345	хоффман	311
12346	эймс	311
12347	бессонница	310
12348	бифштекс	310
12349	блу	310
12350	бьянка	310
12351	вата	310
12352	виолетта	310
12353	гомера	310
12354	карина	310
12355	клинт	310
12356	клиффорд	310
12357	кристоф	310
12358	некомпетентность	310
12359	округа	310
12360	постарелый	310
12361	потомство	310
12362	предварительно	310
12363	придача	310
12364	приютить	310
12365	пёлтый	310
12366	руиз	310
12367	хвататься	310
12368	более-менее	309
12369	болеутоляющий	309
12370	валюта	309
12371	воришка	309
12372	городишко	309
12373	давино	309
12374	дарнелла	309
12375	дорь	309
12376	ил	309
12377	карим	309
12378	колготки	309
12379	колетта	309
12380	лейк	309
12381	муза	309
12382	настольный	309
12383	опюбдеть	309
12384	осборн	309
12385	поговаривать	309
12386	психоз	309
12387	разворот	309
12388	ринго	309
12389	рукопожатие	309
12390	саломея	309
12391	соответствующий	309
12392	умора	309
12393	адалинда	308
12394	асфальт	308
12395	взбить	308
12396	вивьен	308
12397	дог	308
12398	дружков	308
12399	жалюзи	308
12400	кока-кола	308
12401	кэдить	308
12402	кэйти	308
12403	нянчиться	308
12404	подсобка	308
12405	сауна	308
12406	трагично	308
12407	хип-хоп	308
12408	эйдать	308
12409	анкэие	307
12410	бенуа	307
12411	будапешт	307
12412	джоани	307
12413	дыхательный	307
12414	кое-где	307
12415	компаньон	307
12416	корё	307
12417	лайза	307
12418	маккуин	307
12419	марумо	307
12420	нотабеноид	307
12421	озможный	307
12422	осознание	307
12423	отвёртка	307
12424	параграф	307
12425	скарлета	307
12426	скип	307
12427	спой	307
12428	спрингс	307
12429	ультразвук	307
12430	швабра	307
12431	ягуар	307
12432	бейонс	306
12433	боженька	306
12434	глодать	306
12435	горох	306
12436	лни	306
12437	надрез	306
12438	начинающий	306
12439	непривычно	306
12440	пенить	306
12441	плюс-минус	306
12442	по-японски	306
12443	порезаться	306
12444	сморкать	306
12445	созвониться	306
12446	старичок	306
12447	удалиться	306
12448	шана	306
12449	эйч	306
12450	электрик	306
12451	взлетать	305
12452	выкидыш	305
12453	дакота	305
12454	диспетчерская	305
12455	закурить	305
12456	ина	305
12457	мх	305
12458	новорождённый	305
12459	переждать	305
12460	развить	305
12461	реган	305
12462	сомнительный	305
12463	сохо	305
12464	суетиться	305
12465	улечься	305
12466	фрей	305
12467	чемоданчик	305
12468	буг	304
12469	гонять	304
12470	исправление	304
12471	капон	304
12472	марчелло	304
12473	мессия	304
12474	моран	304
12475	неисправность	304
12476	пребыть	304
12477	предостаточно	304
12478	преподнести	304
12479	рейвено	304
12480	тесть	304
12481	триппа	304
12482	уинслоу	304
12483	уставать	304
12484	форель	304
12485	франсис	304
12486	хитро	304
12487	элси	304
12488	всемирно	303
12489	голубчик	303
12490	гуннар	303
12491	джиня	303
12492	дэб	303
12493	жемчуг	303
12494	кровообращение	303
12495	кувшин	303
12496	наименее	303
12497	неполадка	303
12498	посрать	303
12499	прилетать	303
12500	свиток	303
12501	тошный	303
12502	узы	303
12503	фартук	303
12504	хэйвена	303
12505	эн	303
12506	юнайтед	303
12507	вальтер	302
12508	вибрация	302
12509	воротник	302
12510	дюваля	302
12511	здрастить	302
12512	знамя	302
12513	иан	302
12514	иден	302
12515	колье	302
12516	лав	302
12517	лата	302
12518	прочный	302
12519	раздражение	302
12520	рэдлить	302
12521	сиятельство	302
12522	шкипер	302
12523	альфонс	301
12524	безрассудно	301
12525	вживую	301
12526	дарлин	301
12527	зачитать	301
12528	зейн	301
12529	кирби	301
12530	маша	301
12531	наблюдаться	301
12532	осведомитель	301
12533	освежиться	301
12534	отважный	301
12535	очистка	301
12536	панк	301
12537	побороться	301
12538	погладить	301
12539	пометить	301
12540	проучить	301
12541	пуэрто-рико	301
12542	сик	301
12543	странник	301
12544	ся	301
12545	танака	301
12546	тофер	301
12547	тоша	301
12548	уил	301
12549	университетский	301
12550	элегантно	301
12551	эпицентр	301
12552	яков	301
12553	батя	300
12554	бистро	300
12555	божественно	300
12556	бронежилет	300
12557	далековато	300
12558	джейджей	300
12559	забежать	300
12560	исабля	300
12561	колько	300
12562	линдсеять	300
12563	нырнуть	300
12564	олбаня	300
12565	разводить	300
12566	рушить	300
12567	рюл	300
12568	ускользать	300
12569	флинна	300
12570	хоппер	300
12571	ын-ить	300
12572	экзотический	300
12573	вай	299
12574	валенсия	299
12575	взбесить	299
12576	жюля	299
12577	и-и	299
12578	колоться	299
12579	неподвижно	299
12580	осада	299
12581	пивной	299
12582	побуждение	299
12583	преемник	299
12584	самообладание	299
12585	сердечко	299
12586	эдно	299
12587	авиация	298
12588	киллиана	298
12589	ленточка	298
12590	монако	298
12591	носик	298
12592	порождать	298
12593	прекращаться	298
12594	рипа	298
12595	санто	298
12596	симпатично	298
12597	фиаско	298
12598	царить	298
12599	шато	298
12600	алейкума	297
12601	впервой	297
12602	герб	297
12603	геркулес	297
12604	даги	297
12605	джейня	297
12606	дюнана	297
12607	занятно	297
12608	котоко	297
12609	лойз	297
12610	не-не	297
12611	небрежно	297
12612	новоселье	297
12613	отвозить	297
12614	перепихнуться	297
12615	посыльный	297
12616	проводы	297
12617	склероз	297
12618	хэнсон	297
12619	цукас	297
12620	ангус	296
12621	вглубь	296
12622	врываться	296
12623	гатереть	296
12624	гель	296
12625	зуд	296
12626	клип	296
12627	кобба	296
12628	консервы	296
12629	линч	296
12630	напрочь	296
12631	нокаут	296
12632	пересчитать	296
12633	по-мужски	296
12634	поливать	296
12635	послушный	296
12636	тестостерон	296
12637	трактор	296
12638	шульц	296
12639	бесчисленный	295
12640	весельчак	295
12641	взглый	295
12642	вымысел	295
12643	девятнадцать	295
12644	досрочно	295
12645	запрещаться	295
12646	мид	295
12647	мрачно	295
12648	объектив	295
12649	по-старому	295
12650	повседневный	295
12651	поппинс	295
12652	посему	295
12653	прентисса	295
12654	проститься	295
12655	сдуреть	295
12656	скутер	295
12657	суфле	295
12658	сыночек	295
12659	сэмюэль	295
12660	толща	295
12661	топать	295
12662	утащить	295
12663	фарс	295
12664	абдул	294
12665	абель	294
12666	акушерка	294
12667	банша	294
12668	видеокамера	294
12669	дэви	294
12670	животный	294
12671	инсценировать	294
12672	испробовать	294
12673	йести	294
12674	попахивать	294
12675	приближение	294
12676	психопатка	294
12677	себастиан	294
12678	токра	294
12679	харбор	294
12680	чаёк	294
12681	электростанция	294
12682	бронкс	293
12683	бёрнс	293
12684	вымереть	293
12685	гражданство	293
12686	декер	293
12687	клуня	293
12688	люсия	293
12689	много-много	293
12690	наварро	293
12691	плющ	293
12692	протез	293
12693	раскопка	293
12694	рискованный	293
12695	рё	293
12696	сооружение	293
12697	треск	293
12698	улисес	293
12699	чжуна	293
12700	штурвал	293
12701	дадли	292
12702	детектив-инспектор	292
12703	каир	292
12704	кунг-фу	292
12705	налогоплательщик	292
12706	нда	292
12707	нейтана	292
12708	параметр	292
12709	парсонс	292
12710	плотина	292
12711	психика	292
12712	пэйдж	292
12713	стог	292
12714	тодать	292
12715	транс	292
12716	флаера	292
12717	фьюри	292
12718	холстед	292
12719	чм	292
12720	что-	292
12721	щрнцн	292
12722	адольф	291
12723	артаньян	291
12724	возразить	291
12725	генриетта	291
12726	громкость	291
12727	демпси	291
12728	диагностик	291
12729	дробь	291
12730	квантовый	291
12731	покровитель	291
12732	пострелять	291
12733	принадлежащий	291
12734	сак	291
12735	сиссь	291
12736	сложноватый	291
12737	согреться	291
12738	социопат	291
12739	стянуть	291
12740	туше	291
12741	аналогично	290
12742	верна	290
12743	девчушка	290
12744	девчёнка	290
12745	дорин	290
12746	кэлвин	290
12747	мушка	290
12748	нет-нет-нет-нуть	290
12749	отрываться	290
12750	подполье	290
12751	потепление	290
12752	предугадать	290
12753	принтер	290
12754	пулевой	290
12755	сакс	290
12756	хёный	290
12757	ёта	290
12758	аббатство	289
12759	бенджи	289
12760	влад	289
12761	воробей	289
12762	гекко	289
12763	гым	289
12764	дословно	289
12765	доступно	289
12766	людовик	289
12767	мг	289
12768	наполнять	289
12769	опережать	289
12770	охренительный	289
12771	паинька	289
12772	пибодить	289
12773	по-китайски	289
12774	притворство	289
12775	рейлан	289
12776	рейч	289
12777	филдс	289
12778	ченнинга	289
12779	аах	288
12780	блюдечко	288
12781	граймс	288
12782	дружно	288
12783	жозе	288
12784	макбет	288
12785	мэделина	288
12786	мэтисон	288
12787	неделька	288
12788	оооо	288
12789	попрактиковаться	288
12790	приемлемый	288
12791	разрывать	288
12792	рифмоваться	288
12793	увеличиться	288
12794	уинна	288
12795	ультиматум	288
12796	усердный	288
12797	хейден	288
12798	хэрри	288
12799	бинокль	287
12800	вобщий-то	287
12801	груп	287
12802	дикки	287
12803	дискотека	287
12804	доррита	287
12805	йозеф	287
12806	катарин	287
12807	комендант	287
12808	марлин	287
12809	мартинес	287
12810	ознакомиться	287
12811	олсный	287
12812	отличать	287
12813	стабильно	287
12814	тире	287
12815	угнетать	287
12816	эббот	287
12817	бабник	286
12818	вестон	286
12819	вещица	286
12820	делимый	286
12821	джерь	286
12822	дит	286
12823	мартен	286
12824	моне	286
12825	мэгать	286
12826	обиженный	286
12827	ой-ой-ой	286
12828	пришить	286
12829	провожать	286
12830	растерянность	286
12831	рыбьенога	286
12832	самозванец	286
12833	хенрик	286
12834	холланд	286
12835	бан	285
12836	банджо	285
12837	выкурить	285
12838	вытирать	285
12839	дарби	285
12840	дженнингс	285
12841	изящно	285
12842	клаудиа	285
12843	клочок	285
12844	мазка	285
12845	макнамар	285
12846	мемориал	285
12847	настороже	285
12848	оспорить	285
12849	отремонтировать	285
12850	попридержать	285
12851	прямо-таки	285
12852	решаться	285
12853	славой	285
12854	шапиро	285
12855	шнур	285
12856	библиотекарь	284
12857	брейверман	284
12858	возродить	284
12859	грабли	284
12860	замолкнуть	284
12861	иаков	284
12862	инь	284
12863	криптон	284
12864	муниципалитет	284
12865	найта	284
12866	недурно	284
12867	оплакивать	284
12868	переводиться	284
12869	передоз	284
12870	пери	284
12871	поглощать	284
12872	подзаработать	284
12873	похуделый	284
12874	правопорядок	284
12875	привкус	284
12876	риверс	284
12877	скрип	284
12878	темнеть	284
12879	усиливаться	284
12880	фрейя	284
12881	харриета	284
12882	читаемый	284
12883	шварц	284
12884	эйлина	284
12885	ягодица	284
12886	внушать	283
12887	выговориться	283
12888	глупенький	283
12889	зефир	283
12890	инвестировать	283
12891	караул	283
12892	ненси	283
12893	несладко	283
12894	пауэрс	283
12895	пеппино	283
12896	пустышка	283
12897	сплошь	283
12898	спреть	283
12899	суперзвезда	283
12900	угорь	283
12901	фоля	283
12902	абсурдно	282
12903	аэродром	282
12904	вольфганг	282
12905	грандиозно	282
12906	драматично	282
12907	жужжание	282
12908	замять	282
12909	казать	282
12910	келвин	282
12911	кендалл	282
12912	лажа	282
12913	лошадиный	282
12914	навигатор	282
12915	недоумок	282
12916	онрнлс	282
12917	очутиться	282
12918	поджарить	282
12919	посто	282
12920	предубеждение	282
12921	прикурить	282
12922	раздельно	282
12923	рептилия	282
12924	слоун	282
12925	унвеьэ	282
12926	шик	282
12927	штамм	282
12928	арам	281
12929	артуро	281
12930	делий	281
12931	джей-джей	281
12932	диалект	281
12933	ишь	281
12934	линди	281
12935	матья	281
12936	морт	281
12937	скрудж	281
12938	срочность	281
12939	уняться	281
12940	фелиция	281
12941	ходжес	281
12942	валентино	280
12943	голдберг	280
12944	горючий	280
12945	жарить	280
12946	жилой	280
12947	николс	280
12948	пасовать	280
12949	слейтереть	280
12950	стабилизировать	280
12951	стефано	280
12952	фарго	280
12953	шпионка	280
12954	шурин	280
12955	вздохнуть	279
12956	гевино	279
12957	задумка	279
12958	козлов	279
12959	малолетний	279
12960	махонь	279
12961	мелвин	279
12962	миллиграмм	279
12963	наехать	279
12964	охватывать	279
12965	рычание	279
12966	снежок	279
12967	хун	279
12968	эстель	279
12969	ангелочек	278
12970	барак	278
12971	бутч	278
12972	выплачивать	278
12973	вьы	278
12974	гра	278
12975	джареда	278
12976	жером	278
12977	китон	278
12978	мизинец	278
12979	настройка	278
12980	послушать-ка	278
12981	потусить	278
12982	правота	278
12983	прецедент	278
12984	спонтанно	278
12985	трудноватый	278
12986	трудовой	278
12987	фух	278
12988	эстебать	278
12989	брэтта	277
12990	бэкк	277
12991	гадко	277
12992	гарак	277
12993	зайчик	277
12994	корнелла	277
12995	лэйся	277
12996	мятый	277
12997	наповал	277
12998	петиция	277
12999	превышать	277
13000	ранг	277
13001	спад	277
13002	спусковой	277
13003	теа	277
13004	тысячелетие	277
13005	уносить	277
13006	цветочный	277
13007	шевроле	277
13008	элементарно	277
13009	бали	276
13010	данбар	276
13011	дейва	276
13012	затруднение	276
13013	ингалятор	276
13014	каплан	276
13015	крофт	276
13016	лавочка	276
13017	мобь	276
13018	обследовать	276
13019	помин	276
13020	порадоваться	276
13021	пэйтон	276
13022	ройс	276
13023	торнтон	276
13024	тувок	276
13025	угодник	276
13026	умничка	276
13027	фаулера	276
13028	хайтс	276
13029	шасси	276
13030	авиакомпания	275
13031	бекетта	275
13032	бесстрашный	275
13033	бис	275
13034	боно	275
13035	венец	275
13036	гамбоа	275
13037	джемейн	275
13038	дженерало	275
13039	джимбо	275
13040	договорить	275
13041	ками	275
13042	кемп	275
13043	малютка	275
13044	массачусетс	275
13045	пищать	275
13046	попотеть	275
13047	преднамеренно	275
13048	различить	275
13049	сани	275
13050	санчез	275
13051	саудовский	275
13052	святиться	275
13053	тауэр	275
13054	трезво	275
13055	уайли	275
13056	уинтер	275
13057	хуесос	275
13058	эверетта	275
13059	альбукерка	274
13060	вызволить	274
13061	дэмиан	274
13062	женевьев	274
13063	жозефина	274
13064	коленка	274
13065	локвуд	274
13066	немедля	274
13067	пайн	274
13068	патрис	274
13069	потоп	274
13070	расспросить	274
13071	рента	274
13072	ромни	274
13073	трик	274
13074	тянутый	274
13075	углерод	274
13076	юридически	274
13077	андреас	273
13078	андрес	273
13079	боуя	273
13080	влечь	273
13081	гока	273
13082	дефект	273
13083	дэйвить	273
13084	жидкий	273
13085	зубок	273
13086	избирательный	273
13087	ларк	273
13088	медитация	273
13089	микс	273
13090	мохаммед	273
13091	насчитать	273
13092	непредумышленный	273
13093	нэт	273
13094	обитание	273
13095	окошко	273
13096	потрясение	273
13097	родж	273
13098	саботаж	273
13099	силия	273
13100	стрип	273
13101	уолден	273
13102	уёбок	273
13103	безнаказанный	272
13104	бэмбить	272
13105	воскресить	272
13106	галло	272
13107	добывать	272
13108	ирвинга	272
13109	кэй	272
13110	лия	272
13111	нильс	272
13112	ношение	272
13113	откровенность	272
13114	пли	272
13115	реализовать	272
13116	складывать	272
13117	трико	272
13118	уилера	272
13119	форресть	272
13120	хладнокровный	272
13121	ходьба	272
13122	эф	272
13123	яйцеклетка	272
13124	атлант	271
13125	бингли	271
13126	вейл	271
13127	великан	271
13128	витать	271
13129	выкарабкаться	271
13130	данкан	271
13131	диснейленд	271
13132	игнасио	271
13133	кок	271
13134	космо	271
13135	лутор	271
13136	перекрёстный	271
13137	переполох	271
13138	пианист	271
13139	разбирать	271
13140	хейс	271
13141	яблоня	271
13142	агос	270
13143	алла	270
13144	астероид	270
13145	бабах	270
13146	братва	270
13147	геморрой	270
13148	данфи	270
13149	джорджина	270
13150	маучий	270
13151	микаэл	270
13152	мэйджор	270
13153	неспроста	270
13154	обманщица	270
13155	плясать	270
13156	продолжительность	270
13157	удел	270
13158	хиллзти	270
13159	щрнл	270
13160	яецндмъ	270
13161	анализировать	269
13162	аннулировать	269
13163	даунтон	269
13164	достопримечательность	269
13165	итон	269
13166	кларксон	269
13167	опробовать	269
13168	потому-то	269
13169	преждевременно	269
13170	рок-звезда	269
13171	сопроводить	269
13172	стержень	269
13173	тод	269
13174	упрятать	269
13175	амбер	268
13176	безжалостно	268
13177	бортовый	268
13178	буффало	268
13179	воз	268
13180	григорий	268
13181	дени	268
13182	депутат	268
13183	екатерина	268
13184	йоко	268
13185	люд	268
13186	маркёр	268
13187	парамедик	268
13188	пи-пи	268
13189	подозреваться	268
13190	пристанище	268
13191	просто-	268
13192	распорядок	268
13193	сдержаться	268
13194	слишком-то	268
13195	солис	268
13196	спектереть	268
13197	старикашка	268
13198	фрик	268
13199	элайза	268
13200	дичь	267
13201	катлера	267
13202	коллегия	267
13203	коттон	267
13204	литтл	267
13205	маккорд	267
13206	мияга	267
13207	разъяснить	267
13208	расслаблять	267
13209	роскошно	267
13210	сингл	267
13211	хилёд	267
13212	вона	266
13213	дебют	266
13214	индекс	266
13215	ликвидировать	266
13216	лобби	266
13217	лс	266
13218	мать-одиночка	266
13219	митинг	266
13220	охуеть	266
13221	пастырь	266
13222	первоначально	266
13223	позировать	266
13224	потаскуха	266
13225	ришар	266
13226	рэндольф	266
13227	спам	266
13228	спирт	266
13229	уик-энд	266
13230	энида	266
13231	юсуф	266
13232	близиться	265
13233	жакет	265
13234	закружиться	265
13235	кранты	265
13236	м-да	265
13237	майра	265
13238	нахал	265
13239	планшет	265
13240	побегать	265
13241	портфолио	265
13242	предначертать	265
13243	рапунцель	265
13244	румыния	265
13245	сомнительно	265
13246	шекель	265
13247	эверь	265
13248	ар	264
13249	афины	264
13250	высокомерие	264
13251	габриеля	264
13252	доггетта	264
13253	еи	264
13254	иган	264
13255	исландия	264
13256	кван	264
13257	крещение	264
13258	лютер	264
13259	мерсера	264
13260	нагло	264
13261	нян	264
13262	образно	264
13263	ови	264
13264	псиный	264
13265	рашид	264
13266	рэмбо	264
13267	смелеть	264
13268	соперничать	264
13269	торп	264
13270	торчвуд	264
13271	уладиться	264
13272	франсуаза	264
13273	хантер	264
13274	цианид	264
13275	ша	264
13276	возвратиться	263
13277	выбыть	263
13278	выдыхать	263
13279	выпалить	263
13280	грейнджер	263
13281	дениэл	263
13282	дополнительно	263
13283	дуться	263
13284	дюбюй	263
13285	жарковатый	263
13286	когурё	263
13287	лайнела	263
13288	навряд	263
13289	нотация	263
13290	ограждение	263
13291	паршивец	263
13292	риторический	263
13293	розный	263
13294	ротик	263
13295	тэтчер	263
13296	уродец	263
13297	шарон	263
13298	безрезультатно	262
13299	дозор	262
13300	жемчужина	262
13301	звукозапись	262
13302	колбить	262
13303	крейсер	262
13304	мисак	262
13305	непрерывно	262
13306	неразборчивый	262
13307	опрометчивый	262
13308	положительно	262
13309	португалия	262
13310	рассказчик	262
13311	расступиться	262
13312	самодовольный	262
13313	срубить	262
13314	чакотэя	262
13315	элай	262
13316	аджосся	261
13317	амели	261
13318	винченцо	261
13319	голди	261
13320	дебора	261
13321	жан-пьер	261
13322	заразный	261
13323	лапка	261
13324	люля	261
13325	многообещающий	261
13326	мозлить	261
13327	начос	261
13328	перстень	261
13329	расцвет	261
13330	рубить	261
13331	рэ	261
13332	свидетельский	261
13333	сосунок	261
13334	старомодно	261
13335	трещать	261
13336	эммм	261
13337	агония	260
13338	антидепрессант	260
13339	бардачок	260
13340	бульон	260
13341	вдаль	260
13342	внутривенно	260
13343	годный	260
13344	джеметь	260
13345	закругляться	260
13346	исп	260
13347	кармайкл	260
13348	киль	260
13349	кюдмн	260
13350	лепесток	260
13351	мондо	260
13352	н-нет	260
13353	окружающие	260
13354	осло	260
13355	основательно	260
13356	питерс	260
13357	прага	260
13358	пьянство	260
13359	разминуться	260
13360	ресторанчик	260
13361	ривз	260
13362	сэнсэя	260
13363	уу	260
13364	фалькон	260
13365	хэдди	260
13366	хэлен	260
13367	чудище	260
13368	бом	259
13369	вселиться	259
13370	гонг	259
13371	ирис	259
13372	карлсон	259
13373	козлиный	259
13374	комиссионный	259
13375	конкурировать	259
13376	лио	259
13377	матрос	259
13378	нихер	259
13379	обитель	259
13380	потушить	259
13381	рёбрышко	259
13382	стэнтон	259
13383	стюардесса	259
13384	щий	259
13385	яо	259
13386	алонсо	258
13387	блейка	258
13388	брифинг	258
13389	вэн	258
13390	грегсон	258
13391	декюрэ	258
13392	золотце	258
13393	зонт	258
13394	иммиграция	258
13395	нарцисс	258
13396	обрезание	258
13397	оккупация	258
13398	пляжный	258
13399	по-новому	258
13400	пролезть	258
13401	противозачаточный	258
13402	различать	258
13403	рамос	258
13404	ризотто	258
13405	сберечь	258
13406	солнечно	258
13407	трумать	258
13408	тыковка	258
13409	чеджу	258
13410	ё-моё	258
13411	авокадо	257
13412	алох	257
13413	башир	257
13414	брэдшоу	257
13415	венделла	257
13416	гинея	257
13417	горевать	257
13418	дюрана	257
13419	зиг	257
13420	лазейка	257
13421	максвелл	257
13422	очно	257
13423	ощупь	257
13424	патмор	257
13425	плейбой	257
13426	притон	257
13427	расколоть	257
13428	слизняк	257
13429	солано	257
13430	сочинять	257
13431	спинка	257
13432	умело	257
13433	физик	257
13434	шнайдер	257
13435	аннет	256
13436	арбуз	256
13437	бедэ	256
13438	благородство	256
13439	боков	256
13440	вайнона	256
13441	властелин	256
13442	все-равно	256
13443	додж	256
13444	званый	256
13445	исповедаться	256
13446	колдунья	256
13447	надумать	256
13448	нелепость	256
13449	никлаус	256
13450	помилование	256
13451	пополнить	256
13452	предвкушение	256
13453	преследователь	256
13454	разочек	256
13455	ромь	256
13456	состо	256
13457	хаим	256
13458	хатч	256
13459	взрослеть	255
13460	гастроль	255
13461	капкан	255
13462	като	255
13463	кэрен	255
13464	лаури	255
13465	лотерейный	255
13466	любимец	255
13467	манч	255
13468	наркодилер	255
13469	неладный	255
13470	поджелудочный	255
13471	роса	255
13472	сэндс	255
13473	уксус	255
13474	членство	255
13475	абби	254
13476	бриз	254
13477	вист	254
13478	дюрант	254
13479	зойло	254
13480	налицо	254
13481	оладья	254
13482	похвально	254
13483	рама	254
13484	родинка	254
13485	сансет	254
13486	сента-мари	254
13487	слэйд	254
13488	сродни	254
13489	супергерл	254
13490	сфорец	254
13491	тернера	254
13492	уборный	254
13493	фоторобот	254
13494	хата	254
13495	швейцар	254
13496	шестьсот	254
13497	альтман	253
13498	атлас	253
13499	бас	253
13500	варение	253
13501	всего-навсего	253
13502	грибок	253
13503	дарья	253
13504	интерфейс	253
13505	иоланда	253
13506	йо-йо	253
13507	лестный	253
13508	магда	253
13509	миллиардер	253
13510	мотереть	253
13511	но-	253
13512	отстаивать	253
13513	подражатель	253
13514	пожирать	253
13515	развеять	253
13516	распускать	253
13517	рывок	253
13518	тумбочка	253
13519	ущелие	253
13520	физкультура	253
13521	херман	253
13522	ами	252
13523	вплотную	252
13524	глори	252
13525	гомерчик	252
13526	гр	252
13527	джэя	252
13528	макото	252
13529	мосби	252
13530	парикмахерская	252
13531	пасифика	252
13532	поздоровиться	252
13533	показываться	252
13534	покинутый	252
13535	поспешно	252
13536	прибавка	252
13537	разрушитель	252
13538	филипс	252
13539	харрингтон	252
13540	хорошо-хорошо	252
13541	хуанит	252
13542	бесподобный	251
13543	бюстгальтер	251
13544	валиум	251
13545	вольфрам	251
13546	деррик	251
13547	деяние	251
13548	дискомфорт	251
13549	заинтриговать	251
13550	замертво	251
13551	кавано	251
13552	кинозвезда	251
13553	комбинезон	251
13554	косвенный	251
13555	мауи	251
13556	медлить	251
13557	мэриленд	251
13558	настойчиво	251
13559	натаниэль	251
13560	пародия	251
13561	плантация	251
13562	ригби	251
13563	родерик	251
13564	сокс	251
13565	соперничество	251
13566	уколоть	251
13567	ут	251
13568	ферг	251
13569	фрэда	251
13570	хельга	251
13571	цинциннать	251
13572	шелл	251
13573	шоры	251
13574	эпштейн	251
13575	бпелъ	250
13576	выпутаться	250
13577	гласс	250
13578	гудеть	250
13579	джулианный	250
13580	ия	250
13581	кинни	250
13582	коля	250
13583	кошмарный	250
13584	крепыш	250
13585	леннокс	250
13586	макгарретта	250
13587	научно	250
13588	нечисто	250
13589	петрович	250
13590	разведдать	250
13591	рино	250
13592	сдерживаться	250
13593	стро	250
13594	титаник	250
13595	филли	250
13596	хэйс	250
13597	чейня	250
13598	боско	249
13599	выясняться	249
13600	джейнвеять	249
13601	диктовать	249
13602	докучать	249
13603	дрилла	249
13604	запечатлеть	249
13605	кал-эл	249
13606	карьер	249
13607	ксавье	249
13608	лукреция	249
13609	мудрец	249
13610	нигер	249
13611	обрез	249
13612	перила	249
13613	плэнуть	249
13614	ползать	249
13615	развеселить	249
13616	реквизит	249
13617	роад	249
13618	ругать	249
13619	рэйч	249
13620	слиться	249
13621	ссадина	249
13622	торо	249
13623	уступка	249
13624	училище	249
13625	хаузер	249
13626	химик	249
13627	эмерсон	249
13628	бульдог	248
13629	веллер	248
13630	гарсиа	248
13631	довольствоваться	248
13632	зависимый	248
13633	заезд	248
13634	зрелость	248
13635	капать	248
13636	начисто	248
13637	обговорить	248
13638	пахать	248
13639	пинать	248
13640	плотник	248
13641	прошедший	248
13642	пяепея	248
13643	скал	248
13644	типаж	248
13645	тоня	248
13646	трусиха	248
13647	уродство	248
13648	утихнуть	248
13649	хёрли	248
13650	шим	248
13651	аудио	247
13652	вейн	247
13653	владелица	247
13654	всплывать	247
13655	гуантанамо	247
13656	джейкобс	247
13657	диктофон	247
13658	домысел	247
13659	инди	247
13660	конфедерация	247
13661	льгота	247
13662	маноть	247
13663	невольно	247
13664	нервировать	247
13665	неспособность	247
13666	обязывать	247
13667	прайма	247
13668	селёст	247
13669	стгма	247
13670	сухо	247
13671	тоба	247
13672	трусость	247
13673	тут-то	247
13674	узор	247
13675	фан	247
13676	френний	247
13677	хоу	247
13678	австрия	246
13679	ассистировать	246
13680	безоговорочно	246
13681	брасс	246
13682	вламываться	246
13683	гепатит	246
13684	гивенс	246
13685	играться	246
13686	косим	246
13687	ларсон	246
13688	леопольд	246
13689	лобовой	246
13690	напряжённо	246
13691	ням	246
13692	пастух	246
13693	пожизненно	246
13694	посходить	246
13695	пресвятой	246
13696	пробудить	246
13697	проинформировать	246
13698	ридлить	246
13699	самуэль	246
13700	таити	246
13701	тосковать	246
13702	трепет	246
13703	тщеславие	246
13704	фибс	246
13705	шашка	246
13706	ёб	246
13707	винил	245
13708	воскреснуть	245
13709	география	245
13710	дверца	245
13711	девятьсот	245
13712	дейвис	245
13713	дельгадый	245
13714	загрузка	245
13715	киф	245
13716	колдёр	245
13717	мустафа	245
13718	наивно	245
13719	наставить	245
13720	недоверие	245
13721	ничтожный	245
13722	ночлег	245
13723	отделять	245
13724	отмыть	245
13725	параллельно	245
13726	прихожая	245
13727	редактирование	245
13728	руфь	245
13729	сомали	245
13730	спирс	245
13731	тель	245
13732	тов	245
13733	ушиб	245
13734	чудик	245
13735	балбес	244
13736	бёртон	244
13737	варвара	244
13738	возрастать	244
13739	гладить	244
13740	джафар	244
13741	докопаться	244
13742	жирдяй	244
13743	здоровенный	244
13744	каттереть	244
13745	киборг	244
13746	марди	244
13747	превратно	244
13748	спикер	244
13749	умножить	244
13750	управть	244
13751	усов	244
13752	фсб	244
13753	хани	244
13754	арк	243
13755	брайтон	243
13756	вегетарианец	243
13757	гриффита	243
13758	деть	243
13759	ерт	243
13760	жульничество	243
13761	йейтс	243
13762	казанов	243
13763	комок	243
13764	невинно	243
13765	неестественно	243
13766	неть	243
13767	нтс	243
13768	обозначать	243
13769	охх	243
13770	пасс	243
13771	представть	243
13772	проветриться	243
13773	прокол	243
13774	прокомментировать	243
13775	размечтаться	243
13776	ресслера	243
13777	сафари	243
13778	сказываться	243
13779	титька	243
13780	ультра	243
13781	цемент	243
13782	щипец	243
13783	адвокатский	242
13784	атлантиса	242
13785	выручка	242
13786	гарза	242
13787	дайна	242
13788	злоупотребление	242
13789	значиться	242
13790	кипа	242
13791	кляйн	242
13792	лицемерие	242
13793	мешочек	242
13794	миллиметр	242
13795	назваться	242
13796	нейрохирург	242
13797	нейтральный	242
13798	оплошность	242
13799	преисподняя	242
13800	пресс-релиз	242
13801	решительный	242
13802	так-так-так	242
13803	уоу	242
13804	фэйри	242
13805	швейцарский	242
13806	адрианна	241
13807	барный	241
13808	безмерно	241
13809	брейти	241
13810	брокер	241
13811	вильгельм	241
13812	вулф	241
13813	гарден	241
13814	главнокомандующий	241
13815	дзен	241
13816	людвиг	241
13817	маленько	241
13818	медбрат	241
13819	минг	241
13820	накопиться	241
13821	обстрел	241
13822	тайлер	241
13823	танцпол	241
13824	убито	241
13825	филлори	241
13826	химя	241
13827	чандлера	241
13828	английски	240
13829	аттестат	240
13830	бэби	240
13831	вето	240
13832	въезд	240
13833	годзилла	240
13834	джейный	240
13835	дилемма	240
13836	злюка	240
13837	йод	240
13838	кров	240
13839	лом	240
13840	лопёс	240
13841	мэддокс	240
13842	немножечко	240
13843	нескоро	240
13844	ноша	240
13845	отсылка	240
13846	протестировать	240
13847	рассеянный	240
13848	сакэ	240
13849	саммит	240
13850	фен	240
13851	хейзел	240
13852	шалавый	240
13853	широ	240
13854	яеаъ	240
13855	бальзам	239
13856	веб-сайт	239
13857	ворошить	239
13858	гарви	239
13859	джослиный	239
13860	дорота	239
13861	касаемо	239
13862	крайность	239
13863	краудёр	239
13864	куб	239
13865	неполный	239
13866	перес	239
13867	притом	239
13868	пробежаться	239
13869	разгребать	239
13870	станок	239
13871	уолтерс	239
13872	вдоволь	238
13873	выполнимый	238
13874	депозит	238
13875	дрейпер	238
13876	ищейка	238
13877	лидировать	238
13878	лидс	238
13879	лорейн	238
13880	лорина	238
13881	невзирая	238
13882	невилла	238
13883	понапрасну	238
13884	пристроить	238
13885	саттереть	238
13886	списать	238
13887	такой-то	238
13888	тами	238
13889	терпеливо	238
13890	тис	238
13891	тэйт	238
13892	фердинанд	238
13893	финни	238
13894	анонимность	237
13895	ашкю	237
13896	барабанщик	237
13897	бриланда	237
13898	вебстер	237
13899	вовнутрь	237
13900	гий	237
13901	дуло	237
13902	женя	237
13903	зацикливаться	237
13904	йнмевмн	237
13905	котлета	237
13906	лакей	237
13907	локсли	237
13908	охрененно	237
13909	подписчик	237
13910	провенз	237
13911	рейли	237
13912	табло	237
13913	тупость	237
13914	уинни	237
13915	фрисби	237
13916	э-эй	237
13917	экс	237
13918	айга	236
13919	акир	236
13920	антитело	236
13921	бертрам	236
13922	выкрутиться	236
13923	вычисление	236
13924	замутить	236
13925	звини	236
13926	кристине	236
13927	марлен	236
13928	мэдлина	236
13929	насущный	236
13930	обручиться	236
13931	отбывать	236
13932	притчард	236
13933	ты-	236
13934	унни	236
13935	балаган	235
13936	визуальный	235
13937	восемьсот	235
13938	гематома	235
13939	глазеть	235
13940	джейти	235
13941	джуд	235
13942	забегаловка	235
13943	йонас	235
13944	монолог	235
13945	морзе	235
13946	неуверенность	235
13947	оливка	235
13948	патент	235
13949	полцена	235
13950	почесть	235
13951	симмс	235
13952	сноб	235
13953	урезать	235
13954	урна	235
13955	хам	235
13956	шаман	235
13957	энять	235
13958	адресовать	234
13959	арчибальд	234
13960	бочонок	234
13961	брандо	234
13962	брэйти	234
13963	вайс	234
13964	вульгарно	234
13965	гэбриэла	234
13966	дарк	234
13967	детально	234
13968	залп	234
13969	карп	234
13970	кетрина	234
13971	колечко	234
13972	коллекционер	234
13973	корреспондент	234
13974	кумир	234
13975	наравне	234
13976	ола	234
13977	отвертеться	234
13978	охраняться	234
13979	ощущаться	234
13980	пенна	234
13981	пригрозить	234
13982	рамный	234
13983	растяпа	234
13984	салями	234
13985	сигаретка	234
13986	соловей	234
13987	стричь	234
13988	тортик	234
13989	уиллоу	234
13990	халк	234
13991	чхэ	234
13992	эксплуатация	234
13993	ёти	234
13994	аорта	233
13995	асдс	233
13996	бедолага	233
13997	безболезненно	233
13998	годовой	233
13999	гроуть	233
14000	гук	233
14001	дозволить	233
14002	евангелие	233
14003	ипотека	233
14004	кадет	233
14005	клюв	233
14006	корзинка	233
14007	косячок	233
14008	кровоточить	233
14009	мэлори	233
14010	навигация	233
14011	непостижимо	233
14012	оппозиция	233
14013	пересохлый	233
14014	поберечься	233
14015	посиделки	233
14016	приданое	233
14017	прирождённый	233
14018	прочищать	233
14019	садист	233
14020	силь	233
14021	швырнуть	233
14022	щрнр	233
14023	эмс	233
14024	бергер	232
14025	боунс	232
14026	вернутьс	232
14027	верняк	232
14028	вибрировать	232
14029	восстановимый	232
14030	восхитить	232
14031	гиббонс	232
14032	глотнуть	232
14033	гмювхра	232
14034	горди	232
14035	горечь	232
14036	гювести	232
14037	загадочно	232
14038	заживать	232
14039	идентичный	232
14040	изя	232
14041	каор	232
14042	конда	232
14043	крестовый	232
14044	лидерство	232
14045	манипуляция	232
14046	миртло	232
14047	мисти	232
14048	мэтьюс	232
14049	обладатель	232
14050	отклоняться	232
14051	отпугнуть	232
14052	поместиться	232
14053	свинин	232
14054	удаль	232
14055	удалять	232
14056	хичкок	232
14057	цыц	232
14058	шарлатан	232
14059	элоиза	232
14060	ааааа	231
14061	армандо	231
14062	брайант	231
14063	брекет	231
14064	брошь	231
14065	бурно	231
14066	вдовец	231
14067	дарл	231
14068	донахью	231
14069	зашкаливать	231
14070	каре	231
14071	каток	231
14072	кексик	231
14073	корн	231
14074	коса	231
14075	мариус	231
14076	махинация	231
14077	мышонок	231
14078	наока	231
14079	одр	231
14080	олд	231
14081	повздорить	231
14082	похер	231
14083	правонарушение	231
14084	раздаться	231
14085	роллинг	231
14086	сказаться	231
14087	смайлик	231
14088	сплетничать	231
14089	старбакс	231
14090	тренировочный	231
14091	ури	231
14092	хоп	231
14093	яйюгюк	231
14094	аки	230
14095	атташе	230
14096	вписаться	230
14097	готье	230
14098	дилаурентис	230
14099	жульен	230
14100	кирана	230
14101	кпп	230
14102	краса	230
14103	лунатик	230
14104	марджерь	230
14105	мендоза	230
14106	натурально	230
14107	начинка	230
14108	незнакомка	230
14109	неразлучный	230
14110	нреж	230
14111	о-оу	230
14112	палермо	230
14113	по-арабски	230
14114	прочистить	230
14115	ровер	230
14116	рохелио	230
14117	салага	230
14118	сандро	230
14119	сантино	230
14120	склоняться	230
14121	слоновый	230
14122	сопоставить	230
14123	стрип-клуб	230
14124	эвакуироваться	230
14125	эди	230
14126	андо	229
14127	бриться	229
14128	возникновение	229
14129	выгореть	229
14130	гребанный	229
14131	днм	229
14132	душевая	229
14133	дэнис	229
14134	лион	229
14135	локк	229
14136	манекен	229
14137	мэйся	229
14138	нат	229
14139	начо	229
14140	очаровашка	229
14141	парна	229
14142	пегий	229
14143	принс	229
14144	проблематично	229
14145	психологически	229
14146	робертсон	229
14147	рыть	229
14148	сильвий	229
14149	хаммера	229
14150	абигейл	228
14151	банановый	228
14152	валентайна	228
14153	венгрия	228
14154	венсан	228
14155	водопровод	228
14156	гарт	228
14157	дудка	228
14158	ио	228
14159	кале	228
14160	кандалы	228
14161	крестик	228
14162	мейер	228
14163	мунь	228
14164	наряжаться	228
14165	ням-нь	228
14166	определяться	228
14167	пирсинг	228
14168	предъявлять	228
14169	продвигать	228
14170	птаха	228
14171	рср	228
14172	свекровь	228
14173	сесила	228
14174	сно	228
14175	тельма	228
14176	фландерс	228
14177	хастингс	228
14178	частичный	228
14179	энакина	228
14180	арамис	227
14181	баллистика	227
14182	берто	227
14183	блондиночка	227
14184	вечерком	227
14185	воссоединиться	227
14186	восходить	227
14187	джонси	227
14188	запугивать	227
14189	застенчивый	227
14190	избитый	227
14191	мидж	227
14192	морроу	227
14193	пам	227
14194	пип	227
14195	полежать	227
14196	пэ	227
14197	ричардсон	227
14198	связный	227
14199	силуэт	227
14200	сингера	227
14201	слабеть	227
14202	снижаться	227
14203	стерео	227
14204	томатный	227
14205	трамвай	227
14206	тушить	227
14207	узда	227
14208	фа	227
14209	фродый	227
14210	хлоп	227
14211	холя	227
14212	часики	227
14213	шардон	227
14214	элеонора	227
14215	бампер	226
14216	ботан	226
14217	булла	226
14218	васкеза	226
14219	голландец	226
14220	дауни	226
14221	дяденька	226
14222	йи	226
14223	корсет	226
14224	кофейный	226
14225	лнъ	226
14226	надувной	226
14227	неро	226
14228	оазис	226
14229	обнажённый	226
14230	перечить	226
14231	покров	226
14232	привлекательность	226
14233	разогреть	226
14234	реванш	226
14235	фора	226
14236	хупереть	226
14237	эрнст	226
14238	абрахам	225
14239	аппендицит	225
14240	арендный	225
14241	банч	225
14242	барретта	225
14243	безоружный	225
14244	близ	225
14245	выдержка	225
14246	еилай	225
14247	инес	225
14248	кед	225
14249	лектереть	225
14250	малявка	225
14251	накамур	225
14252	онйя	225
14253	перегнуть	225
14254	писательница	225
14255	пожрать	225
14256	построение	225
14257	предсказуемый	225
14258	проехаться	225
14259	пустошь	225
14260	рейнолдс	225
14261	сезам	225
14262	сокрытие	225
14263	теннисный	225
14264	тэйсть	225
14265	утроба	225
14266	фарфор	225
14267	франциска	225
14268	хармона	225
14269	хг-гть	225
14270	хеллоуин	225
14271	храпеть	225
14272	эркюля	225
14273	анус	224
14274	блонди	224
14275	враждебность	224
14276	врн-рн	224
14277	гуща	224
14278	десмонд	224
14279	домёдзь	224
14280	крысиный	224
14281	линде	224
14282	маккартень	224
14283	настучать	224
14284	облегчать	224
14285	оптимист	224
14286	охлаждение	224
14287	патрулировать	224
14288	подписываться	224
14289	присцилл	224
14290	рнаня	224
14291	сальто	224
14292	самолюбие	224
14293	сано	224
14294	склонить	224
14295	слизь	224
14296	тирания	224
14297	турбо	224
14298	утвердить	224
14299	френч	224
14300	фрикаделька	224
14301	херб	224
14302	хетти	224
14303	энж	224
14304	юнис	224
14305	аллё	223
14306	балда	223
14307	веллингтон	223
14308	гарнизон	223
14309	град	223
14310	густаво	223
14311	дастина	223
14312	древо	223
14313	ема	223
14314	задира	223
14315	затянуть	223
14316	кети	223
14317	кончик	223
14318	крикнуть	223
14319	лока	223
14320	маменькин	223
14321	мечтатель	223
14322	наглец	223
14323	нисса	223
14324	ничегошеньки	223
14325	подчинить	223
14326	проболтаться	223
14327	риггинс	223
14328	родригес	223
14329	роуэн	223
14330	сейчас-то	223
14331	смехотворно	223
14332	смитти	223
14333	тгс	223
14334	тиг	223
14335	тпру	223
14336	уменьшаться	223
14337	чапман	223
14338	чарльстон	223
14339	человек-паук	223
14340	анатолий	222
14341	ачжосся	222
14342	безмозглый	222
14343	благословлять	222
14344	блайта	222
14345	великолепие	222
14346	влететь	222
14347	героизм	222
14348	зед	222
14349	каламбур	222
14350	людмила	222
14351	малия	222
14352	нба	222
14353	обаятельный	222
14354	обозвать	222
14355	переманить	222
14356	плазма	222
14357	прибежать	222
14358	прилагаться	222
14359	разбросать	222
14360	ридж	222
14361	свонсон	222
14362	табу	222
14363	тарзан	222
14364	хироша	222
14365	хота-дог	222
14366	цыганка	222
14367	эллиса	222
14368	аббат	221
14369	бреда	221
14370	брюстер	221
14371	джерард	221
14372	женева	221
14373	известить	221
14374	карра	221
14375	кхан	221
14376	монт	221
14377	напевать	221
14378	нарываться	221
14379	никудышный	221
14380	пепперони	221
14381	повышаться	221
14382	покаяться	221
14383	предприниматель	221
14384	прийдеть	221
14385	прикупить	221
14386	пустовать	221
14387	семьсот	221
14388	тереть	221
14389	уплата	221
14390	флакон	221
14391	фотографироваться	221
14392	хроника	221
14393	борн	220
14394	брюхо	220
14395	выдохнуться	220
14396	гинеколог	220
14397	гог	220
14398	гордыня	220
14399	дартс	220
14400	довера	220
14401	замкнутый	220
14402	здаров	220
14403	изойти	220
14404	кладовая	220
14405	клаудио	220
14406	логически	220
14407	макбрайд	220
14408	обезуметь	220
14409	обнародовать	220
14410	опасть	220
14411	отрава	220
14412	перевестись	220
14413	переза	220
14414	по-нашему	220
14415	приостановить	220
14416	сногсшибательный	220
14417	спасительница	220
14418	сучонок	220
14419	фиск	220
14420	чаепитие	220
14421	шредер	220
14422	бес	219
14423	билдинга	219
14424	гасся	219
14425	гэ	219
14426	джет	219
14427	ды	219
14428	комп	219
14429	ксвие	219
14430	лэйк	219
14431	макдональд	219
14432	минас	219
14433	наезд	219
14434	напряжённый	219
14435	нелогично	219
14436	нессать	219
14437	неэтичный	219
14438	нно	219
14439	обезвоживание	219
14440	обьяснить	219
14441	отыграться	219
14442	перехитрить	219
14443	прометей	219
14444	растяжение	219
14445	реалистично	219
14446	рольф	219
14447	рубин	219
14448	смешанный	219
14449	уныло	219
14450	финляндия	219
14451	шив	219
14452	яростно	219
14453	атос	218
14454	аудиенция	218
14455	викодин	218
14456	дабла	218
14457	единогласно	218
14458	изменник	218
14459	койот	218
14460	магнум	218
14461	макбить	218
14462	мощно	218
14463	напрашиваться	218
14464	нацбезопасность	218
14465	неизменно	218
14466	необыкновенно	218
14467	объективно	218
14468	оптимистично	218
14469	ос	218
14470	пинг-понг	218
14471	позлить	218
14472	покорный	218
14473	попытать	218
14474	потакать	218
14475	проповедовать	218
14476	разлом	218
14477	рутина	218
14478	тайра	218
14479	тесновато	218
14480	турецкий	218
14481	уоттс	218
14482	фрэдди	218
14483	хо-хо	218
14484	художница	218
14485	цып	218
14486	шинига	218
14487	этакий	218
14488	дслюч	217
14489	карстен	217
14490	кушетка	217
14491	лэнить	217
14492	марлон	217
14493	милуока	217
14494	мифология	217
14495	наведение	217
14496	обрюхатить	217
14497	онщрнлс	217
14498	понарошку	217
14499	поощрять	217
14500	проложить	217
14501	распад	217
14502	распятие	217
14503	руни	217
14504	спальный	217
14505	трио	217
14506	уследить	217
14507	фелипа	217
14508	феррис	217
14509	фортепьяно	217
14510	фридман	217
14511	храбрец	217
14512	энжесть	217
14513	аневризма	216
14514	берка	216
14515	битком	216
14516	блер	216
14517	вайоминг	216
14518	вейра	216
14519	дождик	216
14520	еле-еле	216
14521	жучков	216
14522	йеле	216
14523	копировать	216
14524	круть	216
14525	куантико	216
14526	марв	216
14527	молин	216
14528	не-ет	216
14529	плакса	216
14530	подвеска	216
14531	привлекаться	216
14532	разлить	216
14533	сдвиг	216
14534	скопление	216
14535	смиренно	216
14536	совместить	216
14537	стервятник	216
14538	талли	216
14539	тамми	216
14540	фитч	216
14541	хм-м	216
14542	хрипеть	216
14543	чмо	216
14544	чэд	216
14545	эксклюзив	216
14546	бару	215
14547	блант	215
14548	вестерн	215
14549	вольво	215
14550	воспроизвести	215
14551	гавриил	215
14552	гудман	215
14553	домовладелец	215
14554	дуля	215
14555	кельвин	215
14556	колоть	215
14557	косичка	215
14558	лотти	215
14559	мерка	215
14560	мумбай	215
14561	навек	215
14562	наследственный	215
14563	обосраться	215
14564	парикмахерский	215
14565	пинк	215
14566	политически	215
14567	проделка	215
14568	румпель	215
14569	сандвич	215
14570	секьюрити	215
14571	страшноватый	215
14572	упростить	215
14573	ускоритель	215
14574	хлоя	215
14575	хэйвено	215
14576	цыпочки	215
14577	эликсир	215
14578	алкаш	214
14579	аттикус	214
14580	барбух	214
14581	блядский	214
14582	воспретить	214
14583	вскрывать	214
14584	гитарист	214
14585	глушитель	214
14586	джокер	214
14587	договаривать	214
14588	дть	214
14589	замдиректора	214
14590	зверски	214
14591	инстинктивно	214
14592	кассир	214
14593	квантико	214
14594	кошечка	214
14595	лопеза	214
14596	моралеса	214
14597	мятный	214
14598	нехило	214
14599	ницше	214
14600	обзавестись	214
14601	пек	214
14602	пер	214
14603	публиковать	214
14604	реле	214
14605	сквайр	214
14606	совладать	214
14607	счастливица	214
14608	сьерра	214
14609	трахнуться	214
14610	уполномочить	214
14611	хрома	214
14612	шопинг	214
14613	шэннона	214
14614	ёко	214
14615	бездельничать	213
14616	вихрь	213
14617	выть	213
14618	гонолулу	213
14619	громила	213
14620	двд	213
14621	демэ	213
14622	жанета	213
14623	завал	213
14624	запасной	213
14625	ип	213
14626	каллум	213
14627	канзас-сити	213
14628	кимур	213
14629	мохитый	213
14630	неслыханно	213
14631	озарение	213
14632	пальма	213
14633	подправить	213
14634	пунктик	213
14635	пюгб	213
14636	разболеться	213
14637	соевый	213
14638	султан	213
14639	тэрри	213
14640	федерико	213
14641	широта-широта	213
14642	шугар	213
14643	эффектно	213
14644	аппендикс	212
14645	биение	212
14646	вегетарианка	212
14647	видок	212
14648	вспыльчивый	212
14649	галлахер	212
14650	геноцид	212
14651	гомес	212
14652	кленнэма	212
14653	контактный	212
14654	кукольный	212
14655	люциуса	212
14656	мститель	212
14657	нии	212
14658	огурчик	212
14659	оспаривать	212
14660	осчастливить	212
14661	придетс	212
14662	прочность	212
14663	располагать	212
14664	родригеза	212
14665	рюйн	212
14666	сандалия	212
14667	тонг	212
14668	трёв	212
14669	украдкой	212
14670	умолкнуть	212
14671	унять	212
14672	усиливать	212
14673	фондю	212
14674	ченс	212
14675	шермана	212
14676	бегун	211
14677	браунинг	211
14678	венок	211
14679	враждебно	211
14680	вырываться	211
14681	грозный	211
14682	забавлять	211
14683	запор	211
14684	захоронение	211
14685	клайна	211
14686	копнуть	211
14687	коулман	211
14688	куиня	211
14689	кулинария	211
14690	леонить	211
14691	либерти	211
14692	накопить	211
14693	неспокойно	211
14694	нурия	211
14695	обогреватель	211
14696	она-то	211
14697	откладываться	211
14698	паганеля	211
14699	перенаправить	211
14700	поразмыслить	211
14701	постыдный	211
14702	примириться	211
14703	рассмешить	211
14704	рем	211
14705	реформа	211
14706	рошель	211
14707	страничка	211
14708	флорес	211
14709	формана	211
14710	хитомь	211
14711	черновик	211
14712	астор	210
14713	безобидный	210
14714	ва-банк	210
14715	взобраться	210
14716	впору	210
14717	всезнайка	210
14718	геракл	210
14719	грейти	210
14720	дарт	210
14721	дезодорант	210
14722	демократический	210
14723	джасперо	210
14724	еисай	210
14725	завершиться	210
14726	заверять	210
14727	имение	210
14728	капитолий	210
14729	колпак	210
14730	комптон	210
14731	консьерж	210
14732	лейкемия	210
14733	марсел	210
14734	мирить	210
14735	мундир	210
14736	мэлоун	210
14737	навалом	210
14738	наета	210
14739	нэн	210
14740	плеер	210
14741	по-американск	210
14742	преувеличение	210
14743	привлечение	210
14744	пробный	210
14745	психиатрия	210
14746	соединиться	210
14747	спарка	210
14748	теренс	210
14749	универсальный	210
14750	упадок	210
14751	флоранс	210
14752	цилиндр	210
14753	экономия	210
14754	вакуум	209
14755	весточка	209
14756	восхищать	209
14757	вычистить	209
14758	гага	209
14759	деррил	209
14760	звучание	209
14761	кабриолет	209
14762	капуть	209
14763	клеопатра	209
14764	медосмотр	209
14765	мико	209
14766	милостыня	209
14767	неудобный	209
14768	нонсенс	209
14769	образцовый	209
14770	обслужить	209
14771	остывать	209
14772	подсознательно	209
14773	поохотиться	209
14774	прада	209
14775	спока	209
14776	уайлдёр	209
14777	укрепление	209
14778	фанк	209
14779	хемингуэй	209
14780	хен	209
14781	холдёр	209
14782	шестёрка	209
14783	ютс	209
14784	варгас	208
14785	вытерпеть	208
14786	герреро	208
14787	гран-при	208
14788	далеко-далеко	208
14789	закономерность	208
14790	изложить	208
14791	инструктаж	208
14792	ито	208
14793	кинокомпания	208
14794	киоск	208
14795	лего	208
14796	лексса	208
14797	лимонный	208
14798	макао	208
14799	мизук	208
14800	наз	208
14801	настойчивый	208
14802	находитс	208
14803	олден	208
14804	очиститься	208
14805	пересесть	208
14806	плутон	208
14807	поаплодировать	208
14808	подсчёт	208
14809	птенчик	208
14810	радикально	208
14811	разложить	208
14812	размах	208
14813	размахивать	208
14814	рейес	208
14815	роу	208
14816	сандрина	208
14817	свр	208
14818	смс-ка	208
14819	смузи	208
14820	сталкер	208
14821	сторибрук	208
14822	тронуться	208
14823	трусишка	208
14824	уотерс	208
14825	фентон	208
14826	франсиско	208
14827	эвакуатор	208
14828	артрит	207
14829	баллончик	207
14830	бе	207
14831	верующий	207
14832	виновник	207
14833	горючее	207
14834	джеффрис	207
14835	ежедневник	207
14836	извращенок	207
14837	ковровый	207
14838	колсон	207
14839	лентяй	207
14840	майо	207
14841	мали	207
14842	меи	207
14843	мужественно	207
14844	насмотреться	207
14845	натянуть	207
14846	непристойно	207
14847	овечка	207
14848	оска	207
14849	отрубиться	207
14850	перечень	207
14851	побрить	207
14852	пойло	207
14853	показать-ка	207
14854	преимущественно	207
14855	пуск	207
14856	рабби	207
14857	робь	207
14858	скайп	207
14859	скоростной	207
14860	сулить	207
14861	суматоха	207
14862	сформировать	207
14863	сэмюэла	207
14864	телепат	207
14865	улисс	207
14866	умолк	207
14867	хансный	207
14868	хилли	207
14869	экстрадиция	207
14870	энергичный	207
14871	аз	206
14872	дороговатый	206
14873	елс	206
14874	запихнуть	206
14875	зебра	206
14876	карлить	206
14877	лексингтон	206
14878	маккенный	206
14879	марл	206
14880	миса	206
14881	нейтом	206
14882	неповторимый	206
14883	непредвиденный	206
14884	онфюксиярить	206
14885	палить	206
14886	плут	206
14887	поджимать	206
14888	подсунуть	206
14889	покрышка	206
14890	поточный	206
14891	приспичить	206
14892	прихожанин	206
14893	рамиреза	206
14894	российский	206
14895	самир	206
14896	светлана	206
14897	сворачивать	206
14898	скукотище	206
14899	фитце	206
14900	шаз	206
14901	эви	206
14902	эрон	206
14903	юбер	206
14904	автостоп	205
14905	автострада	205
14906	баркёр	205
14907	безнаказанно	205
14908	боден	205
14909	вейдёр	205
14910	вю	205
14911	гертруда	205
14912	дить	205
14913	добби	205
14914	дьюк	205
14915	игга	205
14916	искусственно	205
14917	лесть	205
14918	лнфеьэ	205
14919	муса	205
14920	нео	205
14921	неравнодушный	205
14922	неуважительно	205
14923	облажайся	205
14924	объехать	205
14925	октавия	205
14926	пепси	205
14927	подбор	205
14928	поджигатель	205
14929	подмышка	205
14930	порочный	205
14931	продвинуть	205
14932	пэрри	205
14933	распределение	205
14934	рифма	205
14935	русый	205
14936	рюйня	205
14937	сказочно	205
14938	тревис	205
14939	удобрение	205
14940	фергус	205
14941	хэнкома	205
14942	эврика	205
14943	адаптироваться	204
14944	бени	204
14945	бош	204
14946	викторин	204
14947	винт	204
14948	глобус	204
14949	движок	204
14950	докторский	204
14951	интерьер	204
14952	каннинга	204
14953	лахири	204
14954	менный	204
14955	нагишом	204
14956	налетать	204
14957	непосредственный	204
14958	нфл	204
14959	ординатор	204
14960	плотность	204
14961	поэтично	204
14962	самсон	204
14963	сото	204
14964	щеночек	204
14965	ананас	203
14966	бурный	203
14967	восстанавливаться	203
14968	гдр	203
14969	делать-то	203
14970	деликатно	203
14971	дело-то	203
14972	дип	203
14973	закарий	203
14974	изобретатель	203
14975	кибер	203
14976	лэсся	203
14977	насморк	203
14978	новобрачный	203
14979	ода	203
14980	оди	203
14981	оправдаться	203
14982	оракул	203
14983	переправить	203
14984	подражать	203
14985	подчинённый	203
14986	полдарк	203
14987	пороть	203
14988	посредине	203
14989	поссать	203
14990	постоялец	203
14991	предоставляться	203
14992	промолчать	203
14993	противостояние	203
14994	пушистый	203
14995	пфф	203
14996	разрядить	203
14997	ранклый	203
14998	ролекс	203
14999	сицилия	203
15000	старец	203
15001	съехаться	203
15002	уикэнд	203
15003	чезара	203
15004	эсмеральда	203
15005	алфи	202
15006	англичанка	202
15007	ачжоша	202
15008	брая	202
15009	бунгало	202
15010	взбучка	202
15011	викра	202
15012	возглас	202
15013	всевозможный	202
15014	гран	202
15015	дрянный	202
15016	замедляться	202
15017	зациклиться	202
15018	зачем-то	202
15019	зрительный	202
15020	искусно	202
15021	кобель	202
15022	конвенция	202
15023	левин	202
15024	лэнди	202
15025	любимица	202
15026	магуайра	202
15027	машинный	202
15028	мираж	202
15029	настигнуть	202
15030	наёмный	202
15031	невообразимый	202
15032	обн	202
15033	очищать	202
15034	педиков	202
15035	победит	202
15036	предводитель	202
15037	привет-привет	202
15038	прикрепить	202
15039	прочувствовать	202
15040	разрушаться	202
15041	разъехаться	202
15042	ресница	202
15043	сарасэн	202
15044	сингха	202
15045	слетать	202
15046	соул	202
15047	стринг	202
15048	творец	202
15049	тинтина	202
15050	упрямство	202
15051	хэйл	202
15052	хэмптон	202
15053	шотландец	202
15054	ахх	201
15055	бекс	201
15056	блут	201
15057	включение	201
15058	вудсный	201
15059	выстоять	201
15060	гвендолина	201
15061	дефибриллятор	201
15062	другать	201
15063	ель	201
15064	жрец	201
15065	заправить	201
15066	кристально	201
15067	кэла	201
15068	манифест	201
15069	микеле	201
15070	молчаливый	201
15071	мошенница	201
15072	невезение	201
15073	отморозок	201
15074	пейсон	201
15075	пипец	201
15076	поставлять	201
15077	прибегнуть	201
15078	пролежать	201
15079	создаваться	201
15080	сонг	201
15081	соучастие	201
15082	сужать	201
15083	танцполый	201
15084	уважительно	201
15085	шанталь	201
15086	ячдь	201
15087	барселона	200
15088	басам	200
15089	вкалывать	200
15090	громадный	200
15091	деверо	200
15092	дзыня	200
15093	диагностировать	200
15094	дион	200
15095	жезл	200
15096	заправиться	200
15097	засвидетельствовать	200
15098	кейко	200
15099	керолайна	200
15100	кес	200
15101	кимчать	200
15102	кирилл	200
15103	китнисса	200
15104	лобо	200
15105	мортимера	200
15106	налаживаться	200
15107	нейл	200
15108	олицетворять	200
15109	ответственно	200
15110	подписка	200
15111	пользование	200
15112	пословица	200
15113	правша	200
15114	приблизить	200
15115	приключиться	200
15116	прислуживать	200
15117	проконсультироваться	200
15118	процессор	200
15119	пылать	200
15120	распорядиться	200
15121	рекламировать	200
15122	сантой	200
15123	традиционно	200
15124	трастовый	200
15125	хонда	200
15126	айса	199
15127	баночка	199
15128	веер	199
15129	веять	199
15130	глазной	199
15131	глядеть-ка	199
15132	дитрих	199
15133	запонка	199
15134	исторически	199
15135	кабо	199
15136	капец	199
15137	коммодор	199
15138	коннер	199
15139	ленин	199
15140	леннон	199
15141	любительница	199
15142	макклейн	199
15143	мелко	199
15144	нарастать	199
15145	нелюди	199
15146	обронить	199
15147	отелло	199
15148	очаг	199
15149	пикарда	199
15150	предотвращение	199
15151	проскользнуть	199
15152	пупок	199
15153	разогнать	199
15154	ролло	199
15155	санкция	199
15156	скубить	199
15157	спаркс	199
15158	спектор	199
15159	сравнимый	199
15160	угораздить	199
15161	ухаживание	199
15162	фаррелла	199
15163	эйджей	199
15164	элтон	199
15165	ясмина	199
15166	анфа	198
15167	вершить	198
15168	военно-морской	198
15169	всячески	198
15170	высокопреосвященство	198
15171	грэйсон	198
15172	джеймсон	198
15173	диккенс	198
15174	днкфема	198
15175	дрель	198
15176	ецы	198
15177	задаток	198
15178	заебись	198
15179	злоупотреблять	198
15180	каорь	198
15181	кюре	198
15182	макет	198
15183	макналти	198
15184	относительность	198
15185	повстречать	198
15186	погостить	198
15187	позорище	198
15188	предательница	198
15189	риччи	198
15190	руис	198
15191	твист	198
15192	у-у-у	198
15193	упорство	198
15194	фарнона	198
15195	фатима	198
15196	хэштег	198
15197	четвёрка	198
15198	чик	198
15199	численность	198
15200	чтоль	198
15201	эрики	198
15202	яэль	198
15203	аполлон	197
15204	асок	197
15205	беатриче	197
15206	бьорн	197
15207	вейверлить	197
15208	врубаться	197
15209	вытекать	197
15210	гарфилд	197
15211	джок	197
15212	долл	197
15213	захлопнуть	197
15214	инженерный	197
15215	коучий	197
15216	коэффициент	197
15217	ланселот	197
15218	лгм	197
15219	ливия	197
15220	луга	197
15221	метать	197
15222	миллзти	197
15223	мхйнцдь	197
15224	неохота	197
15225	пен	197
15226	пенсионер	197
15227	перепроверить	197
15228	пойнт	197
15229	покладай	197
15230	разделаться	197
15231	разочароваться	197
15232	райкерс	197
15233	ранец	197
15234	рационально	197
15235	рудник	197
15236	скитереть	197
15237	староватый	197
15238	финансово	197
15239	фэйт	197
15240	шарада	197
15241	эмметта	197
15242	бекер	196
15243	волонтёр	196
15244	вынесение	196
15245	грегор	196
15246	джонстон	196
15247	донья	196
15248	жижа	196
15249	закинуть	196
15250	замыкание	196
15251	избежание	196
15252	кактус	196
15253	карточный	196
15254	кипятиться	196
15255	клементина	196
15256	конфетти	196
15257	ламар	196
15258	людишки	196
15259	марджи	196
15260	минивэн	196
15261	мисаки-сан	196
15262	монте-карло	196
15263	накладный	196
15264	окорка	196
15265	освежать	196
15266	остепениться	196
15267	пенсионный	196
15268	перестараться	196
15269	петров	196
15270	полжизни	196
15271	поспасть	196
15272	практиковать	196
15273	приёмник	196
15274	противиться	196
15275	самогон	196
15276	сообразительный	196
15277	уилкокс	196
15278	усомниться	196
15279	фиджи	196
15280	хардинга	196
15281	хотчнер	196
15282	циати	196
15283	балерина	195
15284	бездна	195
15285	боу	195
15286	брауни	195
15287	высылать	195
15288	гадюка	195
15289	джулио	195
15290	дэнверс	195
15291	ебало	195
15292	ке	195
15293	клитор	195
15294	кофеёк	195
15295	ллойд	195
15296	мытьё	195
15297	надвое	195
15298	некролог	195
15299	нерон	195
15300	обналичить	195
15301	ограда	195
15302	отравлять	195
15303	пловец	195
15304	постановить	195
15305	прибегать	195
15306	припугнуть	195
15307	проклинать	195
15308	ролл	195
15309	рухлядь	195
15310	сапожник	195
15311	светило	195
15312	соблазнительно	195
15313	солдатик	195
15314	сочный	195
15315	теневой	195
15316	фаско	195
15317	фокстрот	195
15318	хала	195
15319	халява	195
15320	хоган	195
15321	чуя	195
15322	шеврон	195
15323	абрамс	194
15324	амарый	194
15325	ворчун	194
15326	декольте	194
15327	дохлый	194
15328	дочурка	194
15329	извращение	194
15330	ирма	194
15331	казарма	194
15332	католичка	194
15333	клубок	194
15334	месиво	194
15335	могущество	194
15336	ндхма	194
15337	неопознанный	194
15338	ножик	194
15339	нырять	194
15340	объедение	194
15341	остылый	194
15342	откупиться	194
15343	порша	194
15344	преодолевать	194
15345	проектор	194
15346	рафи	194
15347	реактивный	194
15348	рнцн	194
15349	сдесить	194
15350	синга	194
15351	смурф	194
15352	ссать	194
15353	стейт	194
15354	тираж	194
15355	трагически	194
15356	фрайни	194
15357	хаген	194
15358	хардман	194
15359	чтиво	194
15360	явь	194
15361	ён-хун	194
15362	абзац	193
15363	алкоголичка	193
15364	ара	193
15365	блубелла	193
15366	вколоть	193
15367	даться	193
15368	джуно	193
15369	заботливо	193
15370	запятая	193
15371	констанция	193
15372	криптонит	193
15373	макгилла	193
15374	мариный	193
15375	обрезать	193
15376	обременять	193
15377	ожерелье	193
15378	отречься	193
15379	повелеть	193
15380	погибель	193
15381	помешаться	193
15382	пуф	193
15383	пыльца	193
15384	ракушка	193
15385	риф	193
15386	скула	193
15387	соседский	193
15388	стенд	193
15389	стивенсон	193
15390	стронг	193
15391	томь	193
15392	тушь	193
15393	утереть	193
15394	фансаб	193
15395	фарадей	193
15396	фетиш	193
15397	чоппер	193
15398	шотландский	193
15399	аларика	192
15400	барахлить	192
15401	безделушка	192
15402	блендер	192
15403	бусы	192
15404	вайта	192
15405	величина	192
15406	взаимность	192
15407	вострый	192
15408	глка	192
15409	грэнтэма	192
15410	дан	192
15411	дискредитировать	192
15412	ебал	192
15413	застраховать	192
15414	зацикленный	192
15415	кемпбелл	192
15416	крэга	192
15417	куагмайра	192
15418	лавр	192
15419	лакомый	192
15420	лондо	192
15421	мартино	192
15422	мах	192
15423	мельбурн	192
15424	мертво	192
15425	муссолини	192
15426	мэриголд	192
15427	нападки	192
15428	ностальгия	192
15429	определимый	192
15430	палом	192
15431	поквитаться	192
15432	покорно	192
15433	посмертно	192
15434	префект	192
15435	простофиля	192
15436	разгром	192
15437	райкер	192
15438	саус	192
15439	сброд	192
15440	спугнуть	192
15441	утечь	192
15442	ухур	192
15443	фло	192
15444	шломо	192
15445	эссекс	192
15446	акбар	191
15447	безжалостный	191
15448	буде	191
15449	вандализм	191
15450	вмиг	191
15451	выстроить	191
15452	вышибать	191
15453	дейви	191
15454	дравствовать	191
15455	душ	191
15456	заезжать	191
15457	кейд	191
15458	латимера	191
15459	лнфмн	191
15460	майклс	191
15461	манда	191
15462	мастерски	191
15463	метти	191
15464	ние	191
15465	общага	191
15466	огород	191
15467	отрывать	191
15468	пай	191
15469	приведение	191
15470	пробуждать	191
15471	рассчитаться	191
15472	ребек	191
15473	риелтор	191
15474	свод	191
15475	сендвич	191
15476	тепловой	191
15477	тиаки	191
15478	тя	191
15479	фуу	191
15480	шалость	191
15481	азиз	190
15482	айвз	190
15483	бат	190
15484	белло	190
15485	вовлекать	190
15486	волтер	190
15487	вручение	190
15488	всяко	190
15489	высадиться	190
15490	госдепартамент	190
15491	господень	190
15492	гретель	190
15493	диарея	190
15494	дидье	190
15495	ежедневный	190
15496	замолвить	190
15497	зваться	190
15498	исуса	190
15499	карга	190
15500	княжна	190
15501	лисс	190
15502	литься	190
15503	медэксперт	190
15504	месьё	190
15505	мопед	190
15506	мэриана	190
15507	н-да	190
15508	навязываться	190
15509	надлежать	190
15510	названивать	190
15511	небыть	190
15512	опегхдемр	190
15513	отравиться	190
15514	пайка	190
15515	пароход	190
15516	польский	190
15517	продажный	190
15518	проклясть	190
15519	прочно	190
15520	реджинальда	190
15521	сместить	190
15522	созрелый	190
15523	тым	190
15524	уайти	190
15525	уэнди	190
15526	холостой	190
15527	шаблон	190
15528	шинобь	190
15529	экономка	190
15530	эша	190
15531	юлий	190
15532	аник	189
15533	ахти	189
15534	беспредел	189
15535	блэйн	189
15536	бёрджесс	189
15537	взламывать	189
15538	выплюнуть	189
15539	гладкий	189
15540	глупыш	189
15541	дерзко	189
15542	джолин	189
15543	е-мейл	189
15544	иммиграционный	189
15545	исус	189
15546	кайзер	189
15547	как-никак	189
15548	капелла	189
15549	кидаться	189
15550	колода	189
15551	манить	189
15552	минный	189
15553	ноздря	189
15554	ну-у	189
15555	орочимара	189
15556	партридж	189
15557	паттон	189
15558	питта	189
15559	пояснить	189
15560	предостеречь	189
15561	провокация	189
15562	разъезд	189
15563	расчистить	189
15564	рецидив	189
15565	рутить	189
15566	скряга	189
15567	слуховой	189
15568	спринг	189
15569	средневековье	189
15570	степлера	189
15571	сустав	189
15572	сыро	189
15573	тиган	189
15574	травить	189
15575	унылый	189
15576	уоткинс	189
15577	фабио	189
15578	хайтауэр	189
15579	хитрец	189
15580	художник-постановщик	189
15581	хэйзел	189
15582	чтить	189
15583	штамп	189
15584	ёна	189
15585	авансом	188
15586	аморально	188
15587	боевик	188
15588	браток	188
15589	бредлить	188
15590	бумереть	188
15591	взаимопонимание	188
15592	виола	188
15593	восполнить	188
15594	выебать	188
15595	выкидывать	188
15596	выселить	188
15597	джез	188
15598	дэвидсон	188
15599	дэвон	188
15600	информировать	188
15601	каллахан	188
15602	лоррейн	188
15603	макки	188
15604	манни	188
15605	награждение	188
15606	наца	188
15607	негативно	188
15608	неисповедимый	188
15609	неспособный	188
15610	оби-ван	188
15611	отразить	188
15612	педикюр	188
15613	портос	188
15614	потомучтый	188
15615	приглядеть	188
15616	продавщица	188
15617	пхиль	188
15618	расписка	188
15619	регистрационный	188
15620	скаво	188
15621	сондерс	188
15622	старательно	188
15623	уве	188
15624	шеп	188
15625	штайна	188
15626	аладдин	187
15627	белен	187
15628	беннета	187
15629	бесси	187
15630	боковой	187
15631	боумать	187
15632	великодушие	187
15633	верфь	187
15634	винтерс	187
15635	вожак	187
15636	горстка	187
15637	гус	187
15638	девиснуть	187
15639	духовно	187
15640	дэйвиснуть	187
15641	забрало	187
15642	зам	187
15643	затрагивать	187
15644	игрушечный	187
15645	изготовление	187
15646	каприз	187
15647	кастильо	187
15648	клубничный	187
15649	комфортный	187
15650	конвеять	187
15651	лмнцн	187
15652	милхаус	187
15653	наб	187
15654	небытие	187
15655	нуар	187
15656	пижон	187
15657	поделом	187
15658	подножие	187
15659	призрачный	187
15660	промедление	187
15661	раздумывать	187
15662	реликвия	187
15663	скафандр	187
15664	собеседник	187
15665	тейл	187
15666	фарли	187
15667	ходж	187
15668	шайенна	187
15669	автопилот	186
15670	альдо	186
15671	арне	186
15672	ахмад	186
15673	барбер	186
15674	берн	186
15675	бик	186
15676	вывихнуть	186
15677	вэнь	186
15678	гертеть	186
15679	диализ	186
15680	истори	186
15681	казначей	186
15682	карэн	186
15683	каштановый	186
15684	кули	186
15685	ладен	186
15686	лазло	186
15687	лейтон	186
15688	лима	186
15689	лодж	186
15690	массимо	186
15691	накрыться	186
15692	они-то	186
15693	опекать	186
15694	организовывать	186
15695	отборочный	186
15696	парфюм	186
15697	полить	186
15698	порнуха	186
15699	прорвать	186
15700	сент-луис	186
15701	скрипеть	186
15702	слоняться	186
15703	снабжение	186
15704	спейс	186
15705	старинка	186
15706	терра	186
15707	транквилизатор	186
15708	усложнить	186
15709	фаворит	186
15710	хаас	186
15711	хилл	186
15712	холст	186
15713	чамох	186
15714	шахтёр	186
15715	бенитый	185
15716	бережно	185
15717	взаимный	185
15718	вивёр	185
15719	влажность	185
15720	вол	185
15721	вторгаться	185
15722	голдман	185
15723	джести	185
15724	дофига	185
15725	заграницей	185
15726	задрот	185
15727	занятость	185
15728	и-	185
15729	калла	185
15730	клаустрофобия	185
15731	коммунистический	185
15732	латинский	185
15733	легкомысленно	185
15734	мейбить	185
15735	мозес	185
15736	мокро	185
15737	наконечник	185
15738	нежелание	185
15739	немедленный	185
15740	нормандия	185
15741	норри	185
15742	подрочить	185
15743	проигрыватель	185
15744	расправиться	185
15745	рихтер	185
15746	рэн	185
15747	саут	185
15748	сейти	185
15749	скиталец	185
15750	снить	185
15751	сосковый	185
15752	ханжа	185
15753	хасинта	185
15754	шест	185
15755	эдом	185
15756	электрошокер	185
15757	яга	185
15758	ясненький	185
15759	биполярный	184
15760	благоразумие	184
15761	буратино	184
15762	валет	184
15763	векслер	184
15764	возмущение	184
15765	втрое	184
15766	вырезка	184
15767	гермес	184
15768	гнусный	184
15769	грузить	184
15770	грэйся	184
15771	дерзать	184
15772	джамаль	184
15773	джор-эл	184
15774	добить	184
15775	жан-клод	184
15776	завещать	184
15777	ибрагим	184
15778	икабод	184
15779	котёл	184
15780	лючий	184
15781	макмиллан	184
15782	макферсон	184
15783	мент	184
15784	мориц	184
15785	мыс	184
15786	мьы	184
15787	напролом	184
15788	настойчивость	184
15789	озадачить	184
15790	отрасль	184
15791	пачкать	184
15792	практично	184
15793	приватный	184
15794	придираться	184
15795	провериться	184
15796	проветрить	184
15797	промежность	184
15798	резервуар	184
15799	роковой	184
15800	сгинуть	184
15801	серьёзность	184
15802	симс	184
15803	тин	184
15804	успеваемость	184
15805	фицджеральд	184
15806	штрих	184
15807	элвуд	184
15808	юла	184
15809	айя	183
15810	активация	183
15811	ап	183
15812	баинька	183
15813	барсук	183
15814	бартгод	183
15815	бейза	183
15816	веро	183
15817	воротничок	183
15818	выносливость	183
15819	выскочка	183
15820	гнёздышко	183
15821	джадзия	183
15822	дизель	183
15823	доверенность	183
15824	дымоход	183
15825	желанный	183
15826	задремать	183
15827	заинтересованность	183
15828	зара	183
15829	знамение	183
15830	изысканно	183
15831	крепиться	183
15832	кружить	183
15833	лэс	183
15834	макинтош	183
15835	марек	183
15836	морз	183
15837	наезжать	183
15838	ноут	183
15839	пал	183
15840	перепрыгнуть	183
15841	подна	183
15842	путеводитель	183
15843	рекомендательный	183
15844	рекомендоваться	183
15845	руж	183
15846	сан-антонио	183
15847	сароян	183
15848	сен	183
15849	скукота	183
15850	уделать	183
15851	уинтерс	183
15852	унывать	183
15853	фибрилляция	183
15854	фогга	183
15855	шахир	183
15856	эдем	183
15857	этьен	183
15858	яичный	183
15859	аллигатор	182
15860	амос	182
15861	боеголовка	182
15862	бойскаут	182
15863	вечерок	182
15864	вырубать	182
15865	гоаулды	182
15866	гросс	182
15867	гупт	182
15868	джулзти	182
15869	дружелюбно	182
15870	заповедник	182
15871	истребительница	182
15872	каталка	182
15873	копал	182
15874	кэйтлина	182
15875	лимонов	182
15876	лучик	182
15877	медотсек	182
15878	меир	182
15879	мис	182
15880	налегке	182
15881	нарыть	182
15882	не-е-ть	182
15883	неда	182
15884	неееть	182
15885	неотложный	182
15886	он-лайна	182
15887	орхидея	182
15888	петти	182
15889	повязать	182
15890	подтверждаться	182
15891	полставка	182
15892	порыбачить	182
15893	психованный	182
15894	пузо	182
15895	расчитывать	182
15896	скептически	182
15897	скользко	182
15898	стереотип	182
15899	твистереть	182
15900	трансвестит	182
15901	тэда	182
15902	условный	182
15903	фоуля	182
15904	яйнкэйн	182
15905	аналог	181
15906	брина	181
15907	взломщик	181
15908	гэтсби	181
15909	даниэл	181
15910	девать	181
15911	долан	181
15912	домогаться	181
15913	жиголо	181
15914	знающий	181
15915	кремировать	181
15916	люба	181
15917	маман	181
15918	мерзавка	181
15919	меркурий	181
15920	мицукий	181
15921	насыщенный	181
15922	неповиновение	181
15923	неубедительно	181
15924	облизать	181
15925	ожить	181
15926	оральный	181
15927	осветить	181
15928	падло	181
15929	подкрепиться	181
15930	поднажать	181
15931	помянуть	181
15932	пролёт	181
15933	пыс	181
15934	ремесло	181
15935	сантехник	181
15936	симпатяга	181
15937	снайдер	181
15938	соблазн	181
15939	сокрушить	181
15940	твин	181
15941	терминатор	181
15942	укладывать	181
15943	херово	181
15944	хромать	181
15945	хьюберт	181
15946	чайлдс	181
15947	шрека	181
15948	штраус	181
15949	экли	181
15950	якхьйнл	181
15951	айртон	180
15952	вписать	180
15953	галя	180
15954	геллер	180
15955	герд	180
15956	гильермо	180
15957	джеронить	180
15958	дивный	180
15959	дорожить	180
15960	жозефа	180
15961	залом	180
15962	иерархия	180
15963	йа	180
15964	кап	180
15965	кардинально	180
15966	кесси	180
15967	крокер	180
15968	лэйня	180
15969	медпункт	180
15970	мул	180
15971	мэк	180
15972	неряха	180
15973	одарённый	180
15974	ориентироваться	180
15975	орлов	180
15976	пазл	180
15977	пикчёрзнуть	180
15978	потаскушка	180
15979	почтенный	180
15980	приобретать	180
15981	причастие	180
15982	разговориться	180
15983	рвануть	180
15984	розетка	180
15985	рулевой	180
15986	сенный	180
15987	скайуокер	180
15988	сучар	180
15989	сынов	180
15990	уклонение	180
15991	улучшать	180
15992	уорвика	180
15993	фарш	180
15994	чакра	180
15995	штопор	180
15996	эскиз	180
15997	водопроводчик	179
15998	выпереть	179
15999	гелий	179
16000	гтам	179
16001	железнодорожный	179
16002	измаил	179
16003	ион	179
16004	канга	179
16005	кокос	179
16006	крикса	179
16007	ладоши	179
16008	лайман	179
16009	мэдден	179
16010	наперегонки	179
16011	нераскрытый	179
16012	орая	179
16013	органический	179
16014	орфей	179
16015	петереть	179
16016	подрасти	179
16017	подтянуть	179
16018	потопить	179
16019	причиндалы	179
16020	процитировать	179
16021	рождени	179
16022	роналдый	179
16023	скрытный	179
16024	сыта	179
16025	трение	179
16026	уводь	179
16027	указатель	179
16028	усиленно	179
16029	фитцджеральд	179
16030	фламинго	179
16031	флёша	179
16032	чоу	179
16033	базовый	178
16034	безответственный	178
16035	блокировка	178
16036	бонапарт	178
16037	взаимодействовать	178
16038	гарденс	178
16039	дейла	178
16040	джоселина	178
16041	жо	178
16042	заблагорассудиться	178
16043	заменимый	178
16044	затруднительно	178
16045	зрелый	178
16046	иа	178
16047	изготовить	178
16048	ирвин	178
16049	каунтить	178
16050	кения	178
16051	кляп	178
16052	коммунизм	178
16053	компани	178
16054	лопатка	178
16055	магнолия	178
16056	матти	178
16057	обоняние	178
16058	обуздать	178
16059	объедок	178
16060	окунуться	178
16061	отслеживание	178
16062	помочиться	178
16063	правовой	178
16064	простота	178
16065	пушечный	178
16066	раз-два-треть	178
16067	рбнуть	178
16068	регулярный	178
16069	родс	178
16070	родство	178
16071	сверкать	178
16072	складка	178
16073	согласовать	178
16074	соотношение	178
16075	спойлер	178
16076	твит	178
16077	уоллера	178
16078	хитроу	178
16079	чемберлен	178
16080	щекотка	178
16081	эдак	178
16082	электроэнергия	178
16083	элена	178
16084	элияга	178
16085	энн-марь	178
16086	абракадабра	177
16087	бев	177
16088	беккер	177
16089	бель	177
16090	бертон	177
16091	брезент	177
16092	вецн	177
16093	виновность	177
16094	впадать	177
16095	вырядиться	177
16096	гвинет	177
16097	гигиена	177
16098	греметь	177
16099	дарка	177
16100	джорджио	177
16101	доллс	177
16102	дружочек	177
16103	дурить	177
16104	застылый	177
16105	изгородь	177
16106	канистра	177
16107	клеменс	177
16108	колбаска	177
16109	колючий	177
16110	ловкость	177
16111	наклонность	177
16112	намаста	177
16113	недорого	177
16114	оксикодон	177
16115	опи	177
16116	паштет	177
16117	переписываться	177
16118	подчинение	177
16119	поиздеваться	177
16120	предстоящий	177
16121	рагнара	177
16122	рыжеть	177
16123	рэмси	177
16124	сеять	177
16125	сири	177
16126	топлёсс	177
16127	тыя	177
16128	угадывать	177
16129	это-это	177
16130	юго	177
16131	ясли	177
16132	ёль	177
16133	анджелина	176
16134	берг	176
16135	бойс	176
16136	влиться	176
16137	вместить	176
16138	встряхнуть	176
16139	выработать	176
16140	вязать	176
16141	где-либо	176
16142	даглас	176
16143	древесина	176
16144	египтянин	176
16145	ересь	176
16146	заливать	176
16147	запеканка	176
16148	избыток	176
16149	ик	176
16150	истребить	176
16151	йот	176
16152	кб	176
16153	кончина	176
16154	коран	176
16155	литературный	176
16156	лётчик	176
16157	менингит	176
16158	мецн	176
16159	минкс	176
16160	михаэль	176
16161	моль	176
16162	нажраться	176
16163	отогнать	176
16164	павлин	176
16165	перегрузка	176
16166	полетать	176
16167	поручать	176
16168	похлопать	176
16169	причуда	176
16170	производиться	176
16171	равнина	176
16172	равняться	176
16173	ральфи	176
16174	распрощаться	176
16175	репетитор	176
16176	ростбиф	176
16177	сетчатка	176
16178	скайнуть	176
16179	танкрести	176
16180	таррант	176
16181	тесло	176
16182	тет-а-тет	176
16183	тщетно	176
16184	унижаться	176
16185	уэбстер	176
16186	фрэнклин	176
16187	хенк	176
16188	хоакина	176
16189	юнит	176
16190	анемия	175
16191	беверли-хиллзти	175
16192	бомбить	175
16193	брэнсон	175
16194	врубать	175
16195	джэнуть	175
16196	излучать	175
16197	имитация	175
16198	канадец	175
16199	караться	175
16200	клем	175
16201	корлеон	175
16202	крэш	175
16203	монарх	175
16204	мэнсон	175
16205	незаконченный	175
16206	ноб	175
16207	нокса	175
16208	пакт	175
16209	паровоз	175
16210	пекарь	175
16211	переоценивать	175
16212	платт	175
16213	подкрадываться	175
16214	похвалить	175
16215	прославиться	175
16216	прохожий	175
16217	путаться	175
16218	распустить	175
16219	раствориться	175
16220	роджёрса	175
16221	роять	175
16222	ртуть	175
16223	сау	175
16224	спасибочки	175
16225	тафа	175
16226	трепло	175
16227	тэннер	175
16228	тяжеловатый	175
16229	уинифред	175
16230	хэп	175
16231	электрод	175
16232	элина	175
16233	янь	175
16234	а-а-а-а	174
16235	аксессуар	174
16236	ансамбль	174
16237	атеист	174
16238	бархат	174
16239	богохульство	174
16240	бонго	174
16241	вестник	174
16242	внедрить	174
16243	диабетик	174
16244	дигглый	174
16245	дятел	174
16246	засовывать	174
16247	засуха	174
16248	извержение	174
16249	инкогнито	174
16250	ирена	174
16251	каратэ	174
16252	кингслить	174
16253	корало	174
16254	кофта	174
16255	крёстный	174
16256	лавина	174
16257	ликвидация	174
16258	люмен	174
16259	мэйв	174
16260	нанесение	174
16261	отмазка	174
16262	охренела	174
16263	по-дурацки	174
16264	поверженный	174
16265	подкуп	174
16266	помирать	174
16267	пресс-секретарь	174
16268	развалина	174
16269	растянуть	174
16270	регент	174
16271	рэйдзь	174
16272	сандовал	174
16273	сельма	174
16274	сиреть	174
16275	соблазнять	174
16276	спасиб	174
16277	старение	174
16278	уменьшать	174
16279	утюг	174
16280	фазер	174
16281	филиппо	174
16282	фресный	174
16283	хинди	174
16284	чхон	174
16285	шпана	174
16286	эррол	174
16287	александер	173
16288	амбициозный	173
16289	безразличие	173
16290	булка	173
16291	бяецдь	173
16292	волкер	173
16293	волшебница	173
16294	выдача	173
16295	глас	173
16296	грызть	173
16297	дзинь	173
16298	доннелли	173
16299	дри	173
16300	затвор	173
16301	идол	173
16302	инф	173
16303	ирие	173
16304	камарый	173
16305	кесслера	173
16306	коалиция	173
16307	крабтереть	173
16308	лепта	173
16309	маллиган	173
16310	мозгоправа	173
16311	настоятель	173
16312	наю	173
16313	ниликс	173
16314	подолгу	173
16315	подстричь	173
16316	приплыть	173
16317	приток	173
16318	раксина	173
16319	раскрутить	173
16320	розанна	173
16321	сводка	173
16322	сента-луиса	173
16323	спутниковый	173
16324	т-ты	173
16325	тауб	173
16326	травяной	173
16327	утолить	173
16328	ухта	173
16329	уязвимость	173
16330	фернан	173
16331	фол	173
16332	фолс	173
16333	ювелирный	173
16334	бестолковый	172
16335	дзиро	172
16336	достояние	172
16337	друг-друг	172
16338	засос	172
16339	злотый	172
16340	истеричка	172
16341	кауфман	172
16342	колибри	172
16343	колли	172
16344	лафайетта	172
16345	лиана	172
16346	ломка	172
16347	мастурбировать	172
16348	материнство	172
16349	метель	172
16350	метс	172
16351	ойл	172
16352	олсон	172
16353	ооу	172
16354	опереться	172
16355	отличненький	172
16356	переделывать	172
16357	перепад	172
16358	петрелли	172
16359	подвинуть	172
16360	пребывать	172
16361	приручить	172
16362	прогрессировать	172
16363	проказник	172
16364	проныра	172
16365	прут	172
16366	психовать	172
16367	разговорчивый	172
16368	ребячество	172
16369	секс-видео	172
16370	служение	172
16371	смайли	172
16372	странновато	172
16373	сэйбер	172
16374	толщина	172
16375	тягаться	172
16376	уитлить	172
16377	шаша	172
16378	августин	171
16379	безрассудство	171
16380	бертран	171
16381	болтон	171
16382	буре	171
16383	валера	171
16384	винсом	171
16385	ворчание	171
16386	дежа	171
16387	джекса	171
16388	дзюдо	171
16389	донук	171
16390	заклинать	171
16391	захолустье	171
16392	зловеще	171
16393	израильтянин	171
16394	исповедоваться	171
16395	кетамин	171
16396	коломбо	171
16397	курочка	171
16398	лакросс	171
16399	лоурить	171
16400	непослушный	171
16401	носиться	171
16402	овощной	171
16403	оппонент	171
16404	пауло	171
16405	перевязать	171
16406	переместиться	171
16407	повременить	171
16408	подле	171
16409	поинт	171
16410	пятнышко	171
16411	рецептор	171
16412	сари	171
16413	сквозняк	171
16414	смещение	171
16415	смыслить	171
16416	снижать	171
16417	стопудовый	171
16418	стюард	171
16419	сынх	171
16420	тариф	171
16421	техасский	171
16422	углевод	171
16423	френ	171
16424	хе-хе	171
16425	черномазый	171
16426	ширина	171
16427	эрлихо	171
16428	эштон	171
16429	айной	170
16430	аким	170
16431	арман	170
16432	баффало	170
16433	бор	170
16434	брут	170
16435	буча	170
16436	вайет	170
16437	вира	170
16438	выродок	170
16439	гнида	170
16440	голубушка	170
16441	гостиничный	170
16442	гриза	170
16443	диверсия	170
16444	долететь	170
16445	драконий	170
16446	дыбом	170
16447	жид	170
16448	заморачиваться	170
16449	заносить	170
16450	запороть	170
16451	искривление	170
16452	кардассианец	170
16453	кафедра	170
16454	коллапс	170
16455	костя	170
16456	ласкать	170
16457	лем	170
16458	макгрегор	170
16459	маккласка	170
16460	мэдс	170
16461	назир	170
16462	обрывок	170
16463	персиваля	170
16464	пластина	170
16465	подсчитать	170
16466	потащить	170
16467	прад	170
16468	принуждение	170
16469	пролетать	170
16470	просрало	170
16471	психоаналитик	170
16472	пук	170
16473	пэкча	170
16474	разносчик	170
16475	рожок	170
16476	сейдж	170
16477	сказочный	170
16478	слабительное	170
16479	согласоваться	170
16480	социально	170
16481	стартовать	170
16482	стильный	170
16483	стома	170
16484	сёгун	170
16485	тиа	170
16486	точить	170
16487	увязнуть	170
16488	шпинат	170
16489	экстра	170
16490	беглый	169
16491	берроуз	169
16492	буу	169
16493	вполовину	169
16494	вылечиться	169
16495	гомез	169
16496	забываться	169
16497	инвентарь	169
16498	кокон	169
16499	кроха	169
16500	крупье	169
16501	ласалля	169
16502	ленора	169
16503	либидо	169
16504	логический	169
16505	луторкорп	169
16506	меррина	169
16507	метеоритный	169
16508	монтеро	169
16509	напрямик	169
16510	недоставать	169
16511	пересмотр	169
16512	по-плохому	169
16513	по-правда	169
16514	погнаться	169
16515	пожевать	169
16516	позорный	169
16517	прицелиться	169
16518	прощенить	169
16519	прощёный	169
16520	разогрев	169
16521	симфония	169
16522	сиэттл	169
16523	стоукс	169
16524	сугубо	169
16525	таннера	169
16526	тиф	169
16527	тобыть	169
16528	увидесться	169
16529	упечь	169
16530	целитель	169
16531	яйюгюрэ	169
16532	ажетс	168
16533	анубис	168
16534	бедненький	168
16535	безумство	168
16536	болин	168
16537	брелок	168
16538	бренный	168
16539	ватерлоо	168
16540	ввысь	168
16541	выпускница	168
16542	высказывать	168
16543	геральд	168
16544	горо	168
16545	господство	168
16546	гувера	168
16547	дега	168
16548	джоля	168
16549	джэхо	168
16550	дэниэлс	168
16551	идеть	168
16552	камикадзе	168
16553	канарейка	168
16554	караван	168
16555	краснеть	168
16556	кру	168
16557	куинс	168
16558	магистраль	168
16559	манна	168
16560	мох	168
16561	неверо	168
16562	невнятно	168
16563	незадача	168
16564	нимый	168
16565	объезд	168
16566	острота	168
16567	переключиться	168
16568	побояться	168
16569	поволноваться	168
16570	подразумеваться	168
16571	порядочно	168
16572	предшественник	168
16573	предъявление	168
16574	прескотт	168
16575	программист	168
16576	прождать	168
16577	проливать	168
16578	простор	168
16579	прошествие	168
16580	пыталс	168
16581	раскаиваться	168
16582	рассердить	168
16583	регенерация	168
16584	родимый	168
16585	самоволк	168
16586	санта-клаус	168
16587	слепота	168
16588	совершеннолетие	168
16589	убийственно	168
16590	убогий	168
16591	улёт	168
16592	фхгмэ	168
16593	чтобь	168
16594	шибко	168
16595	эль-пасо	168
16596	ээээ	168
16597	юнец	168
16598	авиалиния	167
16599	алисия	167
16600	алфавитный	167
16601	байкер	167
16602	босха	167
16603	бум-бум	167
16604	бюст	167
16605	варшава	167
16606	ватит	167
16607	взвесить	167
16608	виллоу	167
16609	выговорить	167
16610	голландский	167
16611	грубовато	167
16612	гэб	167
16613	даффа	167
16614	жанин	167
16615	жнец	167
16616	зарина	167
16617	иммунный	167
16618	кардассия	167
16619	кэсса	167
16620	ласло	167
16621	лася	167
16622	лесби	167
16623	лучевой	167
16624	мчаться	167
16625	навылет	167
16626	нагнать	167
16627	нарезать	167
16628	неизлечимый	167
16629	оксить	167
16630	осенний	167
16631	паркинсон	167
16632	перенос	167
16633	плей-офф	167
16634	подрезать	167
16635	поплыть	167
16636	пополнение	167
16637	прелюдия	167
16638	рамзь	167
16639	ренни	167
16640	рентгеновский	167
16641	ров	167
16642	ровня	167
16643	саботировать	167
16644	сайнфелд	167
16645	самоуверенный	167
16646	скальп	167
16647	слабоумие	167
16648	сёрфинг	167
16649	томаш	167
16650	топить	167
16651	тормашки	167
16652	трогательный	167
16653	уингера	167
16654	уклониться	167
16655	украшать	167
16656	универмаг	167
16657	управляемый	167
16658	урегулировать	167
16659	усилитель	167
16660	футляр	167
16661	фхрэ	167
16662	хельсинки	167
16663	хоровой	167
16664	христианка	167
16665	челнок	167
16666	алонзый	166
16667	арли	166
16668	астрономия	166
16669	ба-бах	166
16670	баби	166
16671	безымянный	166
16672	бисквит	166
16673	бостонский	166
16674	бюллетень	166
16675	вкусняшка	166
16676	военнопленный	166
16677	вывих	166
16678	выдавить	166
16679	гланда	166
16680	горан	166
16681	гостинный	166
16682	графа	166
16683	гриффина	166
16684	дикинсон	166
16685	дилетант	166
16686	доббс	166
16687	допинг	166
16688	жало	166
16689	жанр	166
16690	индастрис	166
16691	колыбельный	166
16692	лмнить	166
16693	лолита	166
16694	лоток	166
16695	марч	166
16696	мейджор	166
16697	метамфетамин	166
16698	мэйн	166
16699	насолить	166
16700	норфолк	166
16701	обернуть	166
16702	отдаться	166
16703	отшельник	166
16704	плато	166
16705	поганец	166
16706	понд	166
16707	приговаривать	166
16708	продовольствие	166
16709	разворачивать	166
16710	раздувать	166
16711	самосохранение	166
16712	сезара	166
16713	солидный	166
16714	сорный	166
16715	софтбол	166
16716	ставень	166
16717	теллера	166
16718	тигрица	166
16719	тись	166
16720	топаз	166
16721	трапеза	166
16722	трубочка	166
16723	фалько	166
16724	фермина	166
16725	характерный	166
16726	храп	166
16727	хэдлить	166
16728	шрэк	166
16729	эквивалент	166
16730	аждый	165
16731	александрия	165
16732	андерсен	165
16733	апофис	165
16734	ателье	165
16735	богородица	165
16736	бредни	165
16737	бунтарь	165
16738	верховой	165
16739	включиться	165
16740	вэй	165
16741	гадина	165
16742	гораций	165
16743	грэмми	165
16744	гэррити	165
16745	деккер	165
16746	дилейня	165
16747	достопочтенный	165
16748	жуан	165
16749	жёнушка	165
16750	загон	165
16751	заключительный	165
16752	ие	165
16753	интубировать	165
16754	каин	165
16755	камп	165
16756	капитуляция	165
16757	кидда	165
16758	коннель	165
16759	коркоран	165
16760	кратер	165
16761	крестина	165
16762	кроличий	165
16763	кёрк	165
16764	малика	165
16765	манатки	165
16766	миллисента	165
16767	молларь	165
16768	нажить	165
16769	наставление	165
16770	огнетушитель	165
16771	описаться	165
16772	пегас	165
16773	пенальти	165
16774	пенициллин	165
16775	писание	165
16776	по-идиотски	165
16777	поодиночке	165
16778	прадед	165
16779	ралли	165
16780	рало	165
16781	румпельштильцхен	165
16782	салим	165
16783	серебристый	165
16784	сжиматься	165
16785	синатр	165
16786	стаббс	165
16787	треверс	165
16788	уиллие	165
16789	фантом	165
16790	фрёнок	165
16791	холера	165
16792	чудовищный	165
16793	эстела	165
16794	юсеф	165
16795	ярл	165
16796	авиакатастрофа	164
16797	амазонка	164
16798	аритмия	164
16799	бергман	164
16800	бобёр	164
16801	бомбоубежище	164
16802	бронсон	164
16803	вмятина	164
16804	встревожить	164
16805	высохнуть	164
16806	джанни	164
16807	дискавери	164
16808	доноситься	164
16809	зашивать	164
16810	икки	164
16811	катализатор	164
16812	клич	164
16813	кор	164
16814	кошмарно	164
16815	любовничка	164
16816	любя	164
16817	матрац	164
16818	напор	164
16819	недуг	164
16820	нигерия	164
16821	норико	164
16822	опись	164
16823	отбеливатель	164
16824	оттянуться	164
16825	очкарик	164
16826	паломничество	164
16827	пепельница	164
16828	перечислить	164
16829	погодка	164
16830	погорячиться	164
16831	помешательство	164
16832	построиться	164
16833	приор	164
16834	пропорция	164
16835	разрулить	164
16836	рэмзь	164
16837	рэчел	164
16838	спиттереть	164
16839	спутница	164
16840	стилист	164
16841	субару	164
16842	судопроизводство	164
16843	тв-шоу	164
16844	туфелька	164
16845	ться	164
16846	фиксировать	164
16847	филмза	164
16848	хармонь	164
16849	хеллера	164
16850	холлоуэй	164
16851	цзянить	164
16852	чертовка	164
16853	чхун	164
16854	электрошок	164
16855	энрико	164
16856	анвар	163
16857	арон	163
16858	архангел	163
16859	ауч	163
16860	бернадета	163
16861	благоразумно	163
16862	бразерс	163
16863	гван	163
16864	гера	163
16865	губить	163
16866	джадда	163
16867	импровизация	163
16868	кобыла	163
16869	колдовать	163
16870	колумбийский	163
16871	кормление	163
16872	лофт	163
16873	макдональдс	163
16874	малколм	163
16875	нытьё	163
16876	обрадовать	163
16877	огден	163
16878	одиннадцатый	163
16879	оповещение	163
16880	отмотать	163
16881	пиздюк	163
16882	пина	163
16883	пио	163
16884	питон	163
16885	плацебо	163
16886	повинная	163
16887	подверженный	163
16888	полиграф	163
16889	пэйн	163
16890	сантехника	163
16891	совместимый	163
16892	состариться	163
16893	стабилизироваться	163
16894	стрёмный	163
16895	стэкхаус	163
16896	тортовый	163
16897	ужиться	163
16898	уолдый	163
16899	упрекать	163
16900	хартман	163
16901	холлоу	163
16902	хомяк	163
16903	шарлот	163
16904	экологически	163
16905	як	163
16906	аноним	162
16907	архитектура	162
16908	ашкх	162
16909	букмекер	162
16910	виндзора	162
16911	вскрикивать	162
16912	гонсалес	162
16913	грёза	162
16914	гуччи	162
16915	дезмонд	162
16916	деликатес	162
16917	джек-пот	162
16918	дэйн	162
16919	задаться	162
16920	зедда	162
16921	изменяться	162
16922	кардио	162
16923	касим	162
16924	квинта	162
16925	клэнси	162
16926	колотиться	162
16927	кондитерский	162
16928	космонавт	162
16929	лана	162
16930	лэндон	162
16931	людской	162
16932	лютор	162
16933	марони	162
16934	микрочип	162
16935	най	162
16936	национальность	162
16937	неправдоподобно	162
16938	ниро	162
16939	обличие	162
16940	обнаруживать	162
16941	обретать	162
16942	осака	162
16943	осподина	162
16944	охотница	162
16945	праздный	162
16946	провидец	162
16947	произношение	162
16948	рыночный	162
16949	сбыт	162
16950	северо-запад	162
16951	снос	162
16952	спидти	162
16953	толкаться	162
16954	уголовник	162
16955	уитмор	162
16956	укреплять	162
16957	уныние	162
16958	фантомас	162
16959	фелисия	162
16960	ходора	162
16961	чародей	162
16962	шэйн	162
16963	эйнслить	162
16964	энцо	162
16965	ядекюрэ	162
16966	янус	162
16967	а-ля	161
16968	адаптация	161
16969	асакура	161
16970	белинда	161
16971	бестолочь	161
16972	божество	161
16973	бойз	161
16974	бонить	161
16975	бэйджор	161
16976	гип-гип	161
16977	диафрагма	161
16978	дирижёр	161
16979	додда	161
16980	заросль	161
16981	затаиться	161
16982	квотербек	161
16983	кимбер	161
16984	кирсть	161
16985	колумб	161
16986	копить	161
16987	крид	161
16988	кэрролл	161
16989	лаверна	161
16990	ларкина	161
16991	лучник	161
16992	магнат	161
16993	мутить	161
16994	мюриэла	161
16995	напыщенный	161
16996	нарваться	161
16997	нашествие	161
16998	недостойно	161
16999	неисправный	161
17000	облучение	161
17001	одетта	161
17002	оратор	161
17003	осознанно	161
17004	перемещать	161
17005	перепихон	161
17006	пикс	161
17007	по-корейски	161
17008	побаловать	161
17009	поупа	161
17010	предусмотрительно	161
17011	психотерапия	161
17012	разбиваться	161
17013	размять	161
17014	разрушиться	161
17015	расовый	161
17016	расслабить	161
17017	раша	161
17018	раяна	161
17019	ремонтировать	161
17020	роузи	161
17021	сайда	161
17022	самоуверенность	161
17023	санаторий	161
17024	скормить	161
17025	стэном	161
17026	таран	161
17027	умывать	161
17028	ухватиться	161
17029	фармера	161
17030	чавес	161
17031	штурмовать	161
17032	эморить	161
17033	бальтазар	160
17034	бедренный	160
17035	болгария	160
17036	гарнер	160
17037	горн	160
17038	грозиться	160
17039	гёль	160
17040	джессать	160
17041	дончхолить	160
17042	жилетка	160
17043	затопить	160
17044	извлекать	160
17045	кенобь	160
17046	керь	160
17047	кинси	160
17048	кланяться	160
17049	княгиня	160
17050	колика	160
17051	лазерный	160
17052	лекарь	160
17053	ленка	160
17054	мануэл	160
17055	мастурбация	160
17056	медина	160
17057	мейся	160
17058	никарагуа	160
17059	ножевой	160
17060	одиссей	160
17061	отбыть	160
17062	первичный	160
17063	пиратский	160
17064	подрывник	160
17065	райский	160
17066	рефери	160
17067	рэджи	160
17068	сердечно	160
17069	смертность	160
17070	смитерс	160
17071	старпом	160
17072	стрендж	160
17073	турбулентность	160
17074	уитман	160
17075	фредо	160
17076	хруст	160
17077	цитадель	160
17078	читаться	160
17079	шл	160
17080	эммануэль	160
17081	эшбить	160
17082	аккорд	159
17083	аполло	159
17084	арбалет	159
17085	багамы	159
17086	банди	159
17087	бритый	159
17088	весло	159
17089	виконт	159
17090	всмятку	159
17091	гейнс	159
17092	геометрия	159
17093	гир	159
17094	грация	159
17095	дамба	159
17096	джорджтаун	159
17097	джоунс	159
17098	дилдый	159
17099	дровосек	159
17100	дубликат	159
17101	дук	159
17102	дыня	159
17103	загружать	159
17104	запачкать	159
17105	злоумышленник	159
17106	игор	159
17107	ирие-кун	159
17108	кендрик	159
17109	кортеза	159
17110	крысолов	159
17111	кумар	159
17112	лозунг	159
17113	миндаль	159
17114	миннесоте	159
17115	моторс	159
17116	надеиться	159
17117	нектар	159
17118	нередко	159
17119	оборваться	159
17120	оняк	159
17121	опьянение	159
17122	отбиваться	159
17123	пелант	159
17124	переложить	159
17125	пинцет	159
17126	питтсбург	159
17127	питьевой	159
17128	планк	159
17129	победный	159
17130	подавно	159
17131	подвернуться	159
17132	подойти-ка	159
17133	посмеиваться	159
17134	приударить	159
17135	разврат	159
17136	реанимировать	159
17137	рената	159
17138	репертуар	159
17139	салазар	159
17140	сгусток	159
17141	стройный	159
17142	сцилл	159
17143	таун	159
17144	твайлайта	159
17145	только-что	159
17146	топпер	159
17147	тулль	159
17148	туя	159
17149	удалённый	159
17150	уоллис	159
17151	чихуахуа	159
17152	чоля	159
17153	чэн	159
17154	шило	159
17155	шимон	159
17156	шокер	159
17157	эри	159
17158	эрос	159
17159	адски	158
17160	альварес	158
17161	анка	158
17162	анник	158
17163	аплодировать	158
17164	бастард	158
17165	боиться	158
17166	больша	158
17167	бэйтс	158
17168	вайнонна	158
17169	веранда	158
17170	видти	158
17171	врунья	158
17172	драматизировать	158
17173	дрисколл	158
17174	дружбан	158
17175	дюпра	158
17176	зев	158
17177	знавать	158
17178	издали	158
17179	инвентаризация	158
17180	кастеллать	158
17181	лелуша	158
17182	ловкач	158
17183	мма	158
17184	непереть	158
17185	нервно	158
17186	несса	158
17187	нууа	158
17188	обучаться	158
17189	отправление	158
17190	педиатр	158
17191	перезванивать	158
17192	переработка	158
17193	пленница	158
17194	подарочный	158
17195	подогреть	158
17196	подошва	158
17197	подсыпать	158
17198	престиж	158
17199	противозаконный	158
17200	ренард	158
17201	романо	158
17202	рочестер	158
17203	содрать	158
17204	сообщаться	158
17205	сос	158
17206	сохнуть	158
17207	статистически	158
17208	технологический	158
17209	титр	158
17210	толстуха	158
17211	фитиль	158
17212	шнапс	158
17213	экология	158
17214	эмблема	158
17215	эротический	158
17216	юань	158
17217	юи	158
17218	армани	157
17219	вентур	157
17220	генезис	157
17221	гэмбить	157
17222	да-а-а	157
17223	джин	157
17224	дротик	157
17225	дубай	157
17226	дубинка	157
17227	евнух	157
17228	задачка	157
17229	запечатать	157
17230	заточение	157
17231	имбирный	157
17232	имейл	157
17233	историк	157
17234	качаться	157
17235	клеить	157
17236	кото	157
17237	кригер	157
17238	куда-либо	157
17239	кульминация	157
17240	курятник	157
17241	кёкий	157
17242	ласс	157
17243	ливвить	157
17244	логаном	157
17245	людоед	157
17246	маркер	157
17247	милк	157
17248	михал	157
17249	мнить	157
17250	наперекор	157
17251	незнание	157
17252	освоить	157
17253	осуществлять	157
17254	отбивать	157
17255	отношень	157
17256	отрабатывать	157
17257	переиграть	157
17258	песчаный	157
17259	пилить	157
17260	подпускать	157
17261	показуха	157
17262	постучаться	157
17263	потянуться	157
17264	приняться	157
17265	проспект	157
17266	протеин	157
17267	пуповина	157
17268	развалины	157
17269	ролан	157
17270	рыжик	157
17271	сглупить	157
17272	смс-ку	157
17273	сократ	157
17274	сьюк	157
17275	тайфун	157
17276	тилли	157
17277	траст	157
17278	триллион	157
17279	угнаться	157
17280	фрибо	157
17281	хайнц	157
17282	халид	157
17283	хестер	157
17284	хирургический	157
17285	хуаня	157
17286	хэйден	157
17287	штайнер	157
17288	шуба	157
17289	эвфемизм	157
17290	эскадрилья	157
17291	юри	157
17292	баг	156
17293	бесчувственный	156
17294	благосклонность	156
17295	бойкот	156
17296	боливия	156
17297	булавка	156
17298	взбрести	156
17299	взросление	156
17300	виагра	156
17301	врозь	156
17302	вызывающе	156
17303	выписаться	156
17304	высосать	156
17305	гладиатор	156
17306	горсть	156
17307	гуакамоля	156
17308	данни	156
17309	джем	156
17310	директриса	156
17311	доблесть	156
17312	достоверно	156
17313	досуг	156
17314	егор	156
17315	задохнуться	156
17316	заморочка	156
17317	зеркальце	156
17318	йсдь	156
17319	каракуль	156
17320	кел	156
17321	конфиденциальный	156
17322	кряхтеть	156
17323	кузнечик	156
17324	луизианы	156
17325	мантия	156
17326	махоунь	156
17327	менталиста	156
17328	милт	156
17329	надоедливый	156
17330	назревать	156
17331	нандо	156
17332	ого-го	156
17333	одесса	156
17334	озабоченность	156
17335	опровержение	156
17336	пеа	156
17337	педиатрия	156
17338	перемотать	156
17339	перефразировать	156
17340	переходный	156
17341	пещерный	156
17342	пим	156
17343	поедать	156
17344	полушарие	156
17345	помещаться	156
17346	посттравматический	156
17347	поём	156
17348	примечание	156
17349	прядь	156
17350	равносильно	156
17351	разузнавать	156
17352	расистка	156
17353	распаковать	156
17354	рейфы	156
17355	риверсайда	156
17356	сдержанность	156
17357	северо-восток	156
17358	симуляция	156
17359	телец	156
17360	трюфель	156
17361	филиса	156
17362	хренотень	156
17363	эймос	156
17364	эшер	156
17365	ботвин	155
17366	бронко	155
17367	вадим	155
17368	вебсайт	155
17369	вправить	155
17370	голосок	155
17371	грыжа	155
17372	губный	155
17373	гувернантка	155
17374	дистанционно	155
17375	дслюеьэ	155
17376	единожды	155
17377	жан-поль	155
17378	заварушка	155
17379	замедлять	155
17380	заминка	155
17381	заступиться	155
17382	зе	155
17383	зола	155
17384	исходящий	155
17385	каролин	155
17386	кастор	155
17387	коннорс	155
17388	косвенно	155
17389	куплет	155
17390	лагуна	155
17391	людно	155
17392	люсинд	155
17393	майкрофт	155
17394	манро	155
17395	мариан	155
17396	мерилина	155
17397	милка	155
17398	мичман	155
17399	мхл	155
17400	навевать	155
17401	нао	155
17402	наутро	155
17403	оповестить	155
17404	опрашивать	155
17405	панталоны	155
17406	пиф-паф	155
17407	размножение	155
17408	рацион	155
17409	ренато	155
17410	рурк	155
17411	скрипач	155
17412	смешаться	155
17413	соединяться	155
17414	таль	155
17415	торчок	155
17416	тьерри	155
17417	тюльпан	155
17418	ударять	155
17419	утаить	155
17420	фарука	155
17421	филд	155
17422	чехол	155
17423	экспериментировать	155
17424	эмбереть	155
17425	эскимо	155
17426	ямамото	155
17427	аналогия	154
17428	банча	154
17429	билетик	154
17430	вверх-вниз	154
17431	виви	154
17432	выпендриваться	154
17433	гленный	154
17434	гороскоп	154
17435	грисс	154
17436	девчата	154
17437	десант	154
17438	дренаж	154
17439	дурачить	154
17440	дэв	154
17441	затишье	154
17442	здес	154
17443	итал	154
17444	йохансный	154
17445	карлссон	154
17446	карый	154
17447	кейл	154
17448	коренной	154
17449	кровоток	154
17450	лазарь	154
17451	ландау	154
17452	линли	154
17453	линь	154
17454	лирика	154
17455	лихо	154
17456	мейс	154
17457	михайло	154
17458	нэшнл	154
17459	опекунство	154
17460	отдышаться	154
17461	отместка	154
17462	ошибочка	154
17463	пердун	154
17464	переполнять	154
17465	печка	154
17466	пиар	154
17467	побаливать	154
17468	подослать	154
17469	пожалуста	154
17470	познавательный	154
17471	позывной	154
17472	популярно	154
17473	пренебрежение	154
17474	приидти	154
17475	припасти	154
17476	провидение	154
17477	проследовать	154
17478	простата	154
17479	пырнуть	154
17480	равномерно	154
17481	развратник	154
17482	руи	154
17483	санчо	154
17484	свинарник	154
17485	сечение	154
17486	сленг	154
17487	соланж	154
17488	тип-топ	154
17489	угловой	154
17490	ухудшиться	154
17491	хайме	154
17492	хейза	154
17493	чилтон	154
17494	швед	154
17495	э-это	154
17496	этикетка	154
17497	ёнсиль	154
17498	айвено	153
17499	альвареза	153
17500	би-би-си	153
17501	ветреный	153
17502	вигго	153
17503	вопросик	153
17504	восс	153
17505	вулси	153
17506	государыня	153
17507	гровер	153
17508	гулливер	153
17509	дежавю	153
17510	декн	153
17511	делука	153
17512	доннер	153
17513	забегать	153
17514	запретительный	153
17515	заручиться	153
17516	иванов	153
17517	индюк	153
17518	исподтишка	153
17519	карузый	153
17520	квилп	153
17521	кий	153
17522	кордон	153
17523	ласково	153
17524	лжесвидетельство	153
17525	лунка	153
17526	лэйл	153
17527	лэнни	153
17528	мастерсон	153
17529	мель	153
17530	нагасаки	153
17531	неизменный	153
17532	норбита	153
17533	обнаружиться	153
17534	оги	153
17535	опнярх	153
17536	оспа	153
17537	остатьс	153
17538	остроумный	153
17539	по-большому	153
17540	поглазеть	153
17541	подержать-ка	153
17542	подстричься	153
17543	поломка	153
17544	попятный	153
17545	приболеть	153
17546	припрятать	153
17547	провиниться	153
17548	просветление	153
17549	прохождение	153
17550	пэгга	153
17551	разносить	153
17552	скунс	153
17553	созвездие	153
17554	сплав	153
17555	стимулятор	153
17556	стрельбище	153
17557	сума	153
17558	суперкубок	153
17559	сьюз	153
17560	тахо	153
17561	улавливать	153
17562	цениться	153
17563	чероки	153
17564	штрафной	153
17565	эво	153
17566	элинор	153
17567	эрика	153
17568	ярый	153
17569	абдулл	152
17570	апостол	152
17571	аппи	152
17572	баранина	152
17573	беленко	152
17574	бомбардировщик	152
17575	бристоль	152
17576	вектор	152
17577	вкуснотища	152
17578	втихаря	152
17579	втюриться	152
17580	вуаль	152
17581	высушить	152
17582	вялый	152
17583	джейкс	152
17584	забвение	152
17585	загробный	152
17586	зательный	152
17587	зачатие	152
17588	збз	152
17589	звёздочка	152
17590	зойдберг	152
17591	каан	152
17592	кендать	152
17593	кенный	152
17594	кер	152
17595	критерий	152
17596	кэннона	152
17597	лариса	152
17598	лотт	152
17599	макколл	152
17600	металлолом	152
17601	микаэль	152
17602	морепродукт	152
17603	мусса	152
17604	надлежащий	152
17605	напряжённость	152
17606	насмарку	152
17607	нацепить	152
17608	обвал	152
17609	оклахома	152
17610	осмыслить	152
17611	отвянуть	152
17612	отдалиться	152
17613	отклик	152
17614	отключать	152
17615	отступиться	152
17616	офигительный	152
17617	перис	152
17618	подрывать	152
17619	позарез	152
17620	поручик	152
17621	раймонд	152
17622	резервный	152
17623	резонанс	152
17624	сигна	152
17625	скоротать	152
17626	сработаться	152
17627	степан	152
17628	сторожевой	152
17629	терзать	152
17630	техник	152
17631	убюрхра	152
17632	укромный	152
17633	усик	152
17634	усмирить	152
17635	утёнок	152
17636	фермерский	152
17637	хо-хо-хо	152
17638	ца	152
17639	черч	152
17640	чувиха	152
17641	шинагава-кун	152
17642	широта	152
17643	берита	151
17644	бестселлер	151
17645	бизнесса	151
17646	буровой	151
17647	взбодрить	151
17648	вспоминаться	151
17649	выяснение	151
17650	гао	151
17651	девятка	151
17652	джейм	151
17653	доить	151
17654	досюда	151
17655	дукат	151
17656	завидный	151
17657	завуч	151
17658	искажение	151
17659	как-бы	151
17660	клевер	151
17661	кровный	151
17662	кружево	151
17663	ланкастер	151
17664	лемми	151
17665	лоуэлла	151
17666	маттео	151
17667	махмуд	151
17668	медвежий	151
17669	мнт	151
17670	мож	151
17671	морелли	151
17672	наличность	151
17673	невзгода	151
17674	нильсный	151
17675	нюхач	151
17676	обсерватория	151
17677	обчистить	151
17678	опустошить	151
17679	оуу	151
17680	переделка	151
17681	переосмыслить	151
17682	переставить	151
17683	пмс	151
17684	пни	151
17685	повешение	151
17686	погонять	151
17687	полтинник	151
17688	портативный	151
17689	пролиться	151
17690	рассказать-ка	151
17691	расстрел	151
17692	скрытно	151
17693	сливать	151
17694	сучий	151
17695	таскаться	151
17696	тоун	151
17697	тренажёрный	151
17698	тюлень	151
17699	угрожающе	151
17700	улучшиться	151
17701	умысел	151
17702	фергюс	151
17703	фингал	151
17704	фуэнтёс	151
17705	цвести	151
17706	цев	151
17707	шаббат	151
17708	шунтирование	151
17709	янбяеть	151
17710	азарт	150
17711	амар	150
17712	асдеьэ	150
17713	бартоломь	150
17714	биологически	150
17715	бластер	150
17716	возбудиться	150
17717	всхлипывать	150
17718	выделение	150
17719	доедать	150
17720	захватчик	150
17721	знакомить	150
17722	илона	150
17723	искоренить	150
17724	копеечка	150
17725	корочка	150
17726	купидон	150
17727	медитировать	150
17728	мерф	150
17729	метко	150
17730	мэйдэя	150
17731	наклонный	150
17732	неслабо	150
17733	неуязвимый	150
17734	неяа	150
17735	обделаться	150
17736	обувной	150
17737	окунь	150
17738	палм-спрингс	150
17739	персиковый	150
17740	побеспокоиться	150
17741	повторить-ка	150
17742	поднятие	150
17743	пометка	150
17744	привязь	150
17745	просторно	150
17746	ралло	150
17747	рён	150
17748	семпай	150
17749	слепок	150
17750	слышаться	150
17751	снегопад	150
17752	сорняк	150
17753	стаялпай	150
17754	стёртый	150
17755	телепортация	150
17756	тиджей	150
17757	тоскливый	150
17758	травмировать	150
17759	тутси	150
17760	увозить	150
17761	ужасающий	150
17762	упираться	150
17763	упрямец	150
17764	фурия	150
17765	чиный	150
17766	шаль	150
17767	щее	150
17768	эмпайра	150
17769	этикет	150
17770	якуб	150
17771	аиша	149
17772	барроу	149
17773	буржинск	149
17774	височный	149
17775	гринч	149
17776	дауд	149
17777	дёргать	149
17778	ежемесячно	149
17779	заклятый	149
17780	идиш	149
17781	ильза	149
17782	инферно	149
17783	казначейство	149
17784	карни	149
17785	катить	149
17786	кейла	149
17787	констракшн	149
17788	лелеять	149
17789	луизиана	149
17790	лукавый	149
17791	машинист	149
17792	мейз	149
17793	мэйс	149
17794	наклон	149
17795	немка	149
17796	оливковый	149
17797	отстоять	149
17798	оформлять	149
17799	очертание	149
17800	перекинуться	149
17801	петя	149
17802	пи-джей	149
17803	порок	149
17804	разучиться	149
17805	райлли	149
17806	рандеву	149
17807	рести	149
17808	склеить	149
17809	солловеять	149
17810	статуэтка	149
17811	темперамент	149
17812	токсикологический	149
17813	тропинка	149
17814	ферна	149
17815	фернандес	149
17816	формат	149
17817	фургончик	149
17818	хвастун	149
17819	эмир	149
17820	ёлки-палки	149
17821	аег	148
17822	антуанетта	148
17823	безгранично	148
17824	бездействовать	148
17825	бигелоу	148
17826	бён	148
17827	верити	148
17828	ворюга	148
17829	газовать	148
17830	гашиш	148
17831	геном	148
17832	георгий	148
17833	дента	148
17834	ебаться	148
17835	женить	148
17836	замучить	148
17837	зловещий	148
17838	зь	148
17839	извещение	148
17840	изящный	148
17841	йака	148
17842	йосеф	148
17843	каннингем	148
17844	кислый	148
17845	кленовый	148
17846	композиция	148
17847	коннор	148
17848	контролироваться	148
17849	корнелия	148
17850	корыто	148
17851	котелок	148
17852	кроатон	148
17853	лабс	148
17854	лауреат	148
17855	массив	148
17856	нак	148
17857	намертво	148
17858	неопровержимый	148
17859	неровно	148
17860	несовместимый	148
17861	обзывать	148
17862	обкуриться	148
17863	обойма	148
17864	орак	148
17865	отмывание	148
17866	паломарес	148
17867	перевал	148
17868	подопытный	148
17869	покаяние	148
17870	поносить	148
17871	промышленный	148
17872	проскочить	148
17873	разведать	148
17874	размещение	148
17875	регулятор	148
17876	сиэттля	148
17877	слинять	148
17878	смэш	148
17879	спонсировать	148
17880	сю	148
17881	тайга	148
17882	терпимый	148
17883	тир	148
17884	толковый	148
17885	тринадцатый	148
17886	туманно	148
17887	уцелеть	148
17888	фальшиво	148
17889	харука	148
17890	хидэёсить	148
17891	хоз	148
17892	хокага	148
17893	шакал	148
17894	язычник	148
17895	авель	147
17896	американа	147
17897	баррикада	147
17898	бегов	147
17899	благоразумный	147
17900	блеяр	147
17901	бодить	147
17902	брайти	147
17903	брат-близнец	147
17904	брэм	147
17905	бутон	147
17906	вернулс	147
17907	воздать	147
17908	всё-всё	147
17909	выздоравливать	147
17910	выудить	147
17911	гаечный	147
17912	гарнир	147
17913	гит	147
17914	гэбби	147
17915	джоесть	147
17916	долгосрочный	147
17917	ереза	147
17918	жиртрест	147
17919	заказной	147
17920	заказчик	147
17921	изгиб	147
17922	кардиостимулятор	147
17923	кинкейд	147
17924	клифтон	147
17925	коро	147
17926	кто-кто	147
17927	лидди	147
17928	макушка	147
17929	мемфис	147
17930	месторасположение	147
17931	молодожён	147
17932	наведаться	147
17933	найтингейл	147
17934	настроиться	147
17935	невпроворот	147
17936	неженка	147
17937	нуть	147
17938	огласить	147
17939	огневой	147
17940	ообщий-то	147
17941	ортег	147
17942	осадка	147
17943	осточертеть	147
17944	отвод	147
17945	отплывать	147
17946	отшлёпать	147
17947	офисный	147
17948	плакаться	147
17949	по-гречески	147
17950	поджидать	147
17951	подтекст	147
17952	портиться	147
17953	посеять	147
17954	потр	147
17955	пресечь	147
17956	примкнуть	147
17957	принципиально	147
17958	прооперировать	147
17959	просто-напросто	147
17960	пруденс	147
17961	раздвинуть	147
17962	размяться	147
17963	рамирес	147
17964	рассело	147
17965	рнвмн	147
17966	санад	147
17967	селена	147
17968	снисходительно	147
17969	современно	147
17970	сосо	147
17971	сотый	147
17972	старьё	147
17973	стойкий	147
17974	сэн	147
17975	таинственно	147
17976	терк	147
17977	ткнуть	147
17978	ты-ты	147
17979	убийственный	147
17980	улья	147
17981	уорен	147
17982	физиономия	147
17983	флока	147
17984	хаббл	147
17985	хаки	147
17986	хальбах	147
17987	хильдь	147
17988	цюрих	147
17989	четвереньки	147
17990	чизкейк	147
17991	шабаш	147
17992	щёлкать	147
17993	эби	147
17994	этвуд	147
17995	алекси	146
17996	бальбоа	146
17997	бепмн	146
17998	берил	146
17999	болельщица	146
18000	векнбей	146
18001	вымирание	146
18002	героически	146
18003	гражданка	146
18004	густо	146
18005	дальность	146
18006	джэймс	146
18007	динь-динь	146
18008	дэниэль	146
18009	жить-быть	146
18010	засесть	146
18011	зет	146
18012	исайя	146
18013	йоркшир	146
18014	кверху	146
18015	комбо	146
18016	коннолль	146
18017	косби	146
18018	кю	146
18019	лепёшка	146
18020	лян	146
18021	ляпнуть	146
18022	манипулятор	146
18023	манон	146
18024	мармелад	146
18025	милоша	146
18026	модификация	146
18027	мультфильм	146
18028	мухаммед	146
18029	наследный	146
18030	натравить	146
18031	нейтралитет	146
18032	необитаемый	146
18033	неосторожность	146
18034	неохотно	146
18035	нестор	146
18036	неуверенно	146
18037	обмочиться	146
18038	опечатка	146
18039	пастбище	146
18040	патриотизм	146
18041	питие	146
18042	подобающий	146
18043	подыграть	146
18044	пончо	146
18045	поряд	146
18046	пролив	146
18047	распростереть	146
18048	ректор	146
18049	репа	146
18050	ролевый	146
18051	сбыть	146
18052	серджио	146
18053	скобка	146
18054	скомпрометировать	146
18055	скулить	146
18056	смока	146
18057	смышлёный	146
18058	сотрудница	146
18059	стокер	146
18060	та-дать	146
18061	таиться	146
18062	тонкость	146
18063	фат	146
18064	хвалить	146
18065	чабби	146
18066	шизофреник	146
18067	шрапнель	146
18068	юго-запад	146
18069	ярдлить	146
18070	яюл	146
18071	армитаж	145
18072	ассоциироваться	145
18073	аферист	145
18074	бдительный	145
18075	бонг	145
18076	вепра	145
18077	внушение	145
18078	володя	145
18079	вступительный	145
18080	выпад	145
18081	высасывать	145
18082	гардеробный	145
18083	джекилла	145
18084	долбоести	145
18085	дюпон	145
18086	заигрывать	145
18087	залпом	145
18088	иеремий	145
18089	изжога	145
18090	икукий	145
18091	клик	145
18092	кореец	145
18093	лим	145
18094	мендес	145
18095	механический	145
18096	монополия	145
18097	наблюдательный	145
18098	надоумить	145
18099	небоскрёб	145
18100	негодование	145
18101	ню	145
18102	оах	145
18103	оседлать	145
18104	отдалённо	145
18105	песета	145
18106	погодить-погодить	145
18107	позапрошлый	145
18108	понижение	145
18109	потайной	145
18110	праймериз	145
18111	предусмотреть	145
18112	пренебрегать	145
18113	привнести	145
18114	придушить	145
18115	прокрасться	145
18116	протолкнуть	145
18117	прочтение	145
18118	пси	145
18119	разрешимый	145
18120	рассуждение	145
18121	рваный	145
18122	руслан	145
18123	смирение	145
18124	сновидение	145
18125	строгость	145
18126	табель	145
18127	тайпсет	145
18128	тянить	145
18129	уайат	145
18130	увечье	145
18131	училка	145
18132	фокса	145
18133	фримя	145
18134	хёнджуна	145
18135	юли	145
18136	аделаида	144
18137	азиатский	144
18138	ампутировать	144
18139	анатоль	144
18140	бардо	144
18141	бенжамин	144
18142	боле	144
18143	буксир	144
18144	бёрра	144
18145	вещание	144
18146	воротить	144
18147	восвояси	144
18148	восходящий	144
18149	врачебный	144
18150	гейдж	144
18151	гениальность	144
18152	грэдить	144
18153	грэйти	144
18154	дагур	144
18155	джанго	144
18156	дирижабль	144
18157	допустимый	144
18158	ебучаять	144
18159	зен	144
18160	знать-знать	144
18161	зод	144
18162	зулу	144
18163	иероглиф	144
18164	изъян	144
18165	инженерия	144
18166	интригующий	144
18167	испортиться	144
18168	кенз	144
18169	киви	144
18170	клавиша	144
18171	колотый	144
18172	колыхать	144
18173	кчдха	144
18174	ломакс	144
18175	накладывать	144
18176	насрало	144
18177	неврология	144
18178	неустанно	144
18179	николсон	144
18180	обосноваться	144
18181	онрнл	144
18182	отделать	144
18183	перекур	144
18184	плутоний	144
18185	поджигать	144
18186	посветить	144
18187	поутру	144
18188	припев	144
18189	пробивать	144
18190	птср	144
18191	размазать	144
18192	распознавать	144
18193	рашель	144
18194	республиканский	144
18195	сардина	144
18196	сжимать	144
18197	сигналить	144
18198	слайд	144
18199	слоана	144
18200	смотровой	144
18201	совмещать	144
18202	современность	144
18203	согревать	144
18204	спесь	144
18205	сравнять	144
18206	старски	144
18207	стикер	144
18208	стремный	144
18209	тензи	144
18210	тибет	144
18211	тупить	144
18212	улучшаться	144
18213	умелый	144
18214	упрекнуть	144
18215	фордж	144
18216	фрэнчить	144
18217	харкёр	144
18218	холокост	144
18219	целомудрие	144
18220	цельсий	144
18221	шанти	144
18222	аламо	143
18223	анальный	143
18224	артистка	143
18225	башмак	143
18226	бушевать	143
18227	ваниль	143
18228	виа	143
18229	волейбол	143
18230	гибкий	143
18231	джаббар	143
18232	затронуть	143
18233	исходный	143
18234	йозав	143
18235	йонить	143
18236	каспар	143
18237	каталина	143
18238	колет	143
18239	конана	143
18240	консерватория	143
18241	котаро	143
18242	курва	143
18243	лабораторный	143
18244	легонько	143
18245	ливать	143
18246	лихва	143
18247	мальборо	143
18248	мальчуган	143
18249	малярия	143
18250	михаилович	143
18251	миямото	143
18252	мышьяк	143
18253	нарасхват	143
18254	нит	143
18255	обманчивый	143
18256	обыкновение	143
18257	памперс	143
18258	патрулирование	143
18259	пернелла	143
18260	пляс	143
18261	по-повод	143
18262	пограничный	143
18263	пожиратель	143
18264	позвол	143
18265	полярный	143
18266	пособничество	143
18267	почуять	143
18268	примерный	143
18269	приставка	143
18270	провизия	143
18271	проекция	143
18272	распадаться	143
18273	ржавый	143
18274	рождаемость	143
18275	сглазить	143
18276	сиэттло	143
18277	скатиться	143
18278	сомкнуть	143
18279	сумо	143
18280	тактический	143
18281	телега	143
18282	торс	143
18283	уморительно	143
18284	урвать	143
18285	ускоряться	143
18286	услужить	143
18287	утести	143
18288	участница	143
18289	уэйдом	143
18290	фелпс	143
18291	хаккани	143
18292	харольд	143
18293	хач	143
18294	хладнокровие	143
18295	холидей	143
18296	экскремент	143
18297	эмбрион	143
18298	юхан	143
18299	ёнджу	143
18300	айдз	142
18301	аппаратура	142
18302	арасти	142
18303	аткнуться	142
18304	аутопсия	142
18305	берлога	142
18306	бишь	142
18307	блудный	142
18308	венесуэла	142
18309	вилы	142
18310	вли	142
18311	восторжествовать	142
18312	врядлить	142
18313	выдохнуть	142
18314	гарантированно	142
18315	гога	142
18316	горничный	142
18317	гребень	142
18318	дана	142
18319	днкфмя	142
18320	занервничать	142
18321	запахнуть	142
18322	запугивание	142
18323	изводить	142
18324	истощение	142
18325	калькулятор	142
18326	клавдия	142
18327	купание	142
18328	ланга	142
18329	ларго	142
18330	лейня	142
18331	маллард	142
18332	мольба	142
18333	настораживать	142
18334	небрежность	142
18335	необдуманно	142
18336	номинация	142
18337	нэшвилл	142
18338	одиля	142
18339	ол	142
18340	остриё	142
18341	паззлый	142
18342	папаня	142
18343	парковочный	142
18344	плейс	142
18345	подрабатывать	142
18346	подскользнуться	142
18347	подтяжка	142
18348	поклонение	142
18349	понемножку	142
18350	порулить	142
18351	почесать	142
18352	проникнуться	142
18353	разминка	142
18354	раффи	142
18355	рбнъ	142
18356	самоотвод	142
18357	скрижаль	142
18358	слабоумный	142
18359	стинсон	142
18360	стынуть	142
18361	то-нибыть	142
18362	толедо	142
18363	трубопровод	142
18364	тёрнера	142
18365	усердие	142
18366	уфф	142
18367	уэбба	142
18368	уэстон	142
18369	феромон	142
18370	хитмэн	142
18371	электра	142
18372	абонемент	141
18373	ансельмо	141
18374	бернардо	141
18375	бормотание	141
18376	брукса	141
18377	взаимосвязанный	141
18378	вразумить	141
18379	вудроу	141
18380	гарланда	141
18381	гилла	141
18382	делайла	141
18383	депортация	141
18384	джулиано	141
18385	дипломатия	141
18386	ебануть	141
18387	квинси	141
18388	кейба	141
18389	кемпинг	141
18390	китс	141
18391	клариса	141
18392	ключик	141
18393	коммуникатор	141
18394	консоль	141
18395	контрразведка	141
18396	кривой	141
18397	крушить	141
18398	ктп	141
18399	леший	141
18400	ловец	141
18401	лэнд	141
18402	мерещиться	141
18403	метаболизм	141
18404	мио	141
18405	недёшево	141
18406	нет-нет-нет-нет-нуть	141
18407	неуместный	141
18408	ноно	141
18409	оптом	141
18410	оступиться	141
18411	отжимания	141
18412	отклонять	141
18413	оцепление	141
18414	пелёнка	141
18415	переть	141
18416	перехватывать	141
18417	пивная	141
18418	пикколо	141
18419	приземляться	141
18420	прогулять	141
18421	протащить	141
18422	рамиро	141
18423	растительность	141
18424	рейми	141
18425	рождать	141
18426	селестина	141
18427	серена	141
18428	сквош	141
18429	стойкость	141
18430	супер-пупереть	141
18431	сэлли	141
18432	телепортироваться	141
18433	точно-точно	141
18434	тёрк	141
18435	уебок	141
18436	утруждаться	141
18437	уэйкфилд	141
18438	фома	141
18439	фонг	141
18440	фракция	141
18441	эмиссар	141
18442	эриксон	141
18443	яго	141
18444	янкиз	141
18445	аделин	140
18446	аллергический	140
18447	ась	140
18448	безработица	140
18449	блоссом	140
18450	бронкса	140
18451	бухать	140
18452	буэнос	140
18453	бёрди	140
18454	вдыхать	140
18455	виталий	140
18456	воа	140
18457	вселять	140
18458	ге	140
18459	гисборн	140
18460	голиаф	140
18461	гру	140
18462	гэйл	140
18463	даниил	140
18464	джеральдин	140
18465	джиа	140
18466	джилли	140
18467	диаметр	140
18468	душечка	140
18469	есу	140
18470	житуха	140
18471	забеспокоиться	140
18472	засранка	140
18473	звоночек	140
18474	знаменательный	140
18475	импотент	140
18476	испачкать	140
18477	итальянка	140
18478	йамеис	140
18479	йюм	140
18480	кадфаэль	140
18481	карьерный	140
18482	китта	140
18483	кое-как	140
18484	корбь	140
18485	коррад	140
18486	кусачки	140
18487	лиаму	140
18488	лорелея	140
18489	медный	140
18490	менопауза	140
18491	набег	140
18492	надгробие	140
18493	некстати	140
18494	нестрашно	140
18495	нива	140
18496	николаевич	140
18497	нимрод	140
18498	одиссея	140
18499	окс	140
18500	омерзительный	140
18501	охватить	140
18502	переломать	140
18503	переносный	140
18504	по-соседство	140
18505	полмира	140
18506	полноценный	140
18507	потребитель	140
18508	превеликий	140
18509	пресли	140
18510	применимый	140
18511	проницательный	140
18512	психануть	140
18513	разгрузить	140
18514	растерзание	140
18515	ретро	140
18516	робкий	140
18517	своеобразный	140
18518	сепаратист	140
18519	сиерра	140
18520	совместимость	140
18521	софт	140
18522	спроектировать	140
18523	трэв	140
18524	утред	140
18525	уэлча	140
18526	фифя	140
18527	хаджи	140
18528	хань	140
18529	цеплять	140
18530	цивилизованный	140
18531	шиф	140
18532	эсми	140
18533	юко	140
18534	юля	140
18535	яичник	140
18536	альваро	139
18537	антропология	139
18538	арри	139
18539	беринг	139
18540	бесплодие	139
18541	блэквуд	139
18542	бомбардировка	139
18543	буля	139
18544	буэнос-айрес	139
18545	варежка	139
18546	википедия	139
18547	восьмеро	139
18548	гибкость	139
18549	дариуса	139
18550	девино	139
18551	деревушка	139
18552	див	139
18553	жёлчный	139
18554	зорро	139
18555	интеллектуальный	139
18556	кивнуть	139
18557	кл	139
18558	кокран	139
18559	коннелла	139
18560	кун-фу	139
18561	лау	139
18562	лестничный	139
18563	лото	139
18564	макалистер	139
18565	малолетка	139
18566	мереть	139
18567	метла	139
18568	мэгс	139
18569	надувательство	139
18570	называетс	139
18571	нард	139
18572	незабываемый	139
18573	непристойность	139
18574	несварение	139
18575	номерок	139
18576	обдурить	139
18577	облить	139
18578	одноглазый	139
18579	ослепить	139
18580	оушный	139
18581	пасо	139
18582	перезагрузка	139
18583	перестроить	139
18584	поглощение	139
18585	подговорить	139
18586	пожилое	139
18587	поражаться	139
18588	похотливый	139
18589	привал	139
18590	применяться	139
18591	принудить	139
18592	пряник	139
18593	раскол	139
18594	расторгнуть	139
18595	ржать	139
18596	риос	139
18597	рулон	139
18598	саксофон	139
18599	сандерсон	139
18600	свыкнуться	139
18601	соскочить	139
18602	спрингер	139
18603	стаж	139
18604	стимуляция	139
18605	судан	139
18606	сян	139
18607	талибан	139
18608	термос	139
18609	тестировать	139
18610	тс-с	139
18611	туловище	139
18612	убер	139
18613	уиллобь	139
18614	упражняться	139
18615	фармацевтический	139
18616	фолкнер	139
18617	фуско	139
18618	херить	139
18619	цин	139
18620	цто	139
18621	шшшш	139
18622	эпилепсия	139
18623	юра	139
18624	ауди	138
18625	брейк	138
18626	грейта	138
18627	гэби	138
18628	джессап	138
18629	донг	138
18630	допивать	138
18631	зарубить	138
18632	заурядный	138
18633	иветта	138
18634	имплант	138
18635	кальян	138
18636	камешек	138
18637	кэррол	138
18638	метеор	138
18639	михаль	138
18640	навеселе	138
18641	номь	138
18642	ноттингем	138
18643	нытик	138
18644	образцов	138
18645	одагиря	138
18646	онилла	138
18647	осиный	138
18648	параллельный	138
18649	перегибать	138
18650	поспрашивать	138
18651	рожон	138
18652	розита	138
18653	рюмочка	138
18654	сабля	138
18655	упрощать	138
18656	фрэйзер	138
18657	щик	138
18658	янька	138
